seqnames,start,end,width,strand,score,gene,peak,zscore,pvalue,p_adjusted
chr20,47727706,47786616,58911,*,0.297586592847863,SULF2,chr20-47727242-47728170,14.7346381587513,1.931303242973e-49,7.52922431879511e-44
chr3,45818186,46163604,345419,*,0.0586558649060637,CCR3,chr3-45817740-45818631,12.8960812096988,2.36787077174715e-38,4.61559578053585e-33
chr16,88686493,88759820,73328,*,0.139700178848402,SNAI3,chr16-88759272-88760367,12.7084499708592,2.65380304433885e-37,3.44863474813863e-32
chr1,168510494,168576473,65980,*,0.153054131002606,XCL1,chr1-168510084-168510903,12.3634835341824,2.05955821411971e-35,2.00730722222749e-30
chr1,12063377,12345672,282296,*,0.167480127082753,TNFRSF8,chr1-12345239-12346104,12.1792398485498,2.00500910083267e-34,1.56331361595564e-29
chr21,37208503,37258367,49865,*,0.147905208094635,DSCR9,chr21-37258013-37258721,12.0968123699768,5.48960966829425e-34,3.56689218067308e-29
chr17,19004804,19312116,307313,*,0.202750116953228,FAM83G,chr17-19311763-19312469,11.6600892289382,1.01914338498011e-31,5.67592981316096e-27
chr6,7726797,7963328,236532,*,0.139033443845265,BMP6,chr6-7962890-7963766,11.6376234337984,1.32652723908811e-31,6.46436621516224e-27
chr6,27138588,27139342,755,*,0.119355201482699,HIST1H4I,chr6-27138902-27139782,11.4831750039569,8.01421952062595e-31,3.47151056506119e-26
chr19,6530999,6670183,139185,*,0.130118478454532,TNFSF9,chr19-6669762-6670604,11.456584087944,1.08970963007488e-30,4.24825478703952e-26
chr1,157524278,157552520,28243,*,0.250590709872598,FCRL5,chr1-157523839-157524716,11.1446783072428,3.8009250146183e-29,1.34708928981725e-24
chr6,7726797,7898030,171234,*,0.226755038945516,BMP6,chr6-7897570-7898489,11.0155613701332,1.60763011241451e-28,5.22281512154184e-24
chr2,218880331,218880363,33,*,0.151470847926965,WNT10A,chr2-218879887-218880775,10.981695153489,2.34028625396947e-28,7.01819443601927e-24
chr10,70866631,71212570,345940,*,0.176416455724038,UNC5B,chr10-70866184-70867078,10.9643091146505,2.83660933978183e-28,7.89898445951876e-24
chr6,52497883,52576915,79033,*,0.18940977987138,TRAM2,chr6-52497527-52498238,10.7107259881208,4.53240668228104e-27,1.17797853993375e-22
chr1,192636138,192805956,169819,*,0.0880404709291988,RGS13,chr1-192805541-192806370,10.5262173633326,3.27051935863698e-26,7.96886570627089e-22
chr1,154860578,154870280,9703,*,0.237594928722976,KCNN3,chr1-154860076-154861080,10.5142055822201,3.71521777943364e-26,8.51991224557508e-22
chr2,218880363,218886676,6314,*,0.143666809530956,WNT10A,chr2-218886265-218887087,10.4579352284398,6.73801222759812e-26,1.45934863497421e-21
chr4,73620631,73653841,33211,*,0.0776433690574539,RASSF6,chr4-73653384-73654298,10.3893963301394,1.38550675392253e-25,2.70614547432866e-21
chr6,43076268,43142252,65985,*,0.152554147918221,PTK7,chr6-43141766-43142738,10.3892046529082,1.38829374959146e-25,2.70614547432866e-21
chr6,27867499,27893463,25965,*,0.145989542706034,HIST1H2BO,chr6-27867070-27867927,10.3461493535934,2.17828496282546e-25,4.04385118727348e-21
chr14,105710925,105917979,207055,*,0.263811995458658,FAM30A,chr14-105710533-105711317,10.2369792710769,6.76989202155846e-25,1.19966179290391e-20
chr6,31568781,31652416,83636,*,0.104663565433271,APOM,chr6-31568340-31569222,10.2206196553913,8.01563915396805e-25,1.35865780671859e-20
chr6,7898030,7910814,12785,*,0.29456633987527,TXNDC5,chr6-7897570-7898489,10.1561695112528,1.5552905821835e-24,2.52638810018918e-20
chr1,192580730,192636138,55409,*,0.067745128960627,RGS13,chr1-192580310-192581149,10.1075025612209,2.55860453649014e-24,3.98990838303901e-20
chr5,139404088,139869653,465566,*,0.16715102969341,SPATA24,chr5-139869217-139870089,10.0868388108304,3.15855802932611e-24,4.73603909557247e-20
chr6,7726797,7909545,182749,*,0.14247878892617,BMP6,chr6-7909132-7909958,10.0594759457154,4.17206612145323e-24,6.02403082066958e-20
chr5,170389677,170404600,14924,*,0.172756686457104,KCNMB1,chr5-170404156-170405044,9.98144389386385,9.18863904639473e-24,1.27936046768396e-19
chr7,137658190,138002324,344135,*,0.164355306267227,AKR1D1,chr7-137657940-137658439,9.95931033493304,1.14825113727234e-23,1.5436138012686e-19
chr12,7479897,7571471,91575,*,0.2170658115864,CD163L1,chr12-7571015-7571926,9.86885258740979,2.84053630042156e-23,3.69129585930649e-19
chr12,52249300,52349462,100163,*,0.0651789789656406,KRT86,chr12-52349020-52349903,9.85157332957643,3.37396338943395e-23,4.24305282354066e-19
chr19,35774532,35869895,95364,*,0.141856957578595,ARHGAP33,chr19-35869462-35870327,9.80218599735808,5.50875242645218e-23,6.71124422174136e-19
chr6,27133042,27139342,6301,*,0.172341868676585,HIST1H2AG,chr6-27138902-27139782,9.71870681614555,1.25474104239977e-22,1.48231304503525e-18
chr12,48971763,48978006,6244,*,0.109814474368691,WNT10B,chr12-48977574-48978437,9.54788039747155,6.61884255843216e-22,7.58932061497028e-18
chr10,5412551,5446574,34024,*,0.132992043262473,NET1,chr10-5446127-5447021,9.42602654769452,2.12959323844064e-21,2.3720748091216e-17
chr12,10293741,10674318,380578,*,0.077156755894845,STYK1,chr12-10293315-10294167,9.35659547327017,4.11736785112377e-21,4.45878914304528e-17
chr1,10525384,10796650,271267,*,0.168524715264895,CASZ1,chr1-10524937-10525831,9.34135343356968,4.75552231980877e-21,5.01067537141105e-17
chr6,31592985,31598746,5762,*,0.108894949550324,NCR3,chr6-31598324-31599167,9.29383585192415,7.4412931364908e-21,7.6342184522295e-17
chr6,7910814,7963328,52515,*,0.212395398526948,TXNDC5,chr6-7962890-7963766,9.25985855711251,1.02351600198554e-20,1.02312759078479e-16
chr1,168510494,168543997,33504,*,0.137025130751152,XCL2,chr1-168510084-168510903,9.24777708173308,1.14604885590501e-20,1.1169735964307e-16
chr6,27132750,27139342,6593,*,0.149542714154085,HIST1H2BJ,chr6-27138902-27139782,9.20867692935157,1.65084657379994e-20,1.56972155729038e-16
chr16,1301078,1528688,227611,*,0.118984334208452,TMEM204,chr16-1300679-1301477,9.12649471865387,3.53765312021126e-20,3.28371701004905e-16
chr13,29935905,30125841,189937,*,0.0749808698998346,LINC00544,chr13-30125393-30126288,9.08860630740664,5.01583313313225e-20,4.54751762469273e-16
chr3,46539055,46580099,41045,*,0.0909270661470545,LRRC2,chr3-46538658-46539451,9.04192684006088,7.69670501077446e-20,6.81949054968283e-16
chr16,67237683,67289879,52197,*,0.164393295198265,SLC9A5,chr16-67289413-67290344,9.01090886042046,1.02177900372288e-19,8.8520575146527e-16
chr2,43559827,43676322,116496,*,0.190954003151245,C1GALT1C1L,chr2-43559384-43560269,8.9861944226491,1.27969513684632e-19,1.08454719236916e-15
chr12,7571471,8066471,495001,*,0.113779057785718,C3AR1,chr12-7571015-7571926,8.95368225495406,1.71908750378007e-19,1.42593553515674e-15
chr1,235642439,235650754,8316,*,0.145706341810745,GNG4,chr1-235641919-235642958,8.87687866358752,3.43813710527877e-19,2.73543801381049e-15
chr6,31400749,31762799,362051,*,0.157684501999835,SAPCD1,chr6-31400437-31401061,8.878759635171,3.38050143085142e-19,2.73543801381049e-15
chr1,160751751,161159450,407700,*,0.132185890903769,USP21,chr1-160751299-160752203,8.86268078455345,3.90565000555175e-19,3.04525093192872e-15
chr3,46441023,46580099,139077,*,0.0795645338742891,LRRC2,chr3-46440532-46441513,8.85312922466195,4.25495191626185e-19,3.25255198913434e-15
chr4,86936202,87033196,96995,*,0.16247256733383,C4orf36,chr4-87032743-87033649,8.83686985262055,4.92188512075331e-19,3.6900129963383e-15
chr3,46163604,46539055,375452,*,0.0856029312344675,CCR3,chr3-46538658-46539451,8.78385062652034,7.8985722887745e-19,5.8099513281572e-15
chr19,8592546,8610735,18190,*,0.123820805234774,ADAMTS10,chr19-8592087-8593005,8.74582399757262,1.10696990011898e-18,7.99174869446637e-15
chr14,105745986,105917979,171994,*,0.201314425314789,FAM30A,chr14-105745610-105746361,8.70229726548939,1.62616154086356e-18,1.15265878005225e-14
chr6,27867499,27893149,25651,*,0.151966740628509,HIST1H2AM,chr6-27867070-27867927,8.68604531146546,1.87637635711645e-18,1.30626620638315e-14
chr2,20214388,20225433,11046,*,0.160867141493234,SDC1,chr2-20214023-20214753,8.65496879873434,2.46523261777972e-18,1.68609801141519e-14
chr2,218041743,218382029,340287,*,0.12233027743544,SLC11A1,chr2-218041285-218042200,8.6139591460354,3.52899263509399e-18,2.37204282202873e-14
chr16,28512051,28548579,36529,*,0.143537816676487,IL27,chr16-28548135-28549023,8.5458443564024,6.37999446199184e-18,4.21568406948549e-14
chr14,105706360,105917979,211620,*,0.168239605199247,FAM30A,chr14-105705946-105706773,8.53451386878914,7.03729764169927e-18,4.57250760035291e-14
chr15,100597019,100603230,6212,*,0.105278961429568,LINS1,chr15-100596591-100597446,8.50122936963796,9.37966434017168e-18,5.99455885630264e-14
chr17,58328785,58488384,159600,*,0.0984546253723768,HSF5,chr17-58328390-58329180,8.46952756395731,1.23195154324385e-17,7.74643182317263e-14
chr6,36840002,37155507,315506,*,0.161940182979844,CPNE5,chr6-37155062-37155951,8.4452838041662,1.5165383784314e-17,9.38453206203554e-14
chr6,27814912,27865355,50444,*,0.159195684416242,HIST1H2AL,chr6-27814480-27815343,8.43635864960646,1.6368858731281e-17,9.97098799079278e-14
chr7,2631951,2637665,5715,*,0.191690230811396,TTYH3,chr7-2637233-2638096,8.43428140942198,1.66621991965122e-17,9.99352566332101e-14
chr6,27139342,27146798,7457,*,0.137107546804876,HIST1H2BK,chr6-27138902-27139782,8.38217831036189,2.5978521837971e-17,1.53451192357222e-13
chr11,2300427,2301997,1571,*,0.11229665022038,TSPAN32,chr11-2300005-2300848,8.35917903424356,3.15781022393181e-17,1.83743079316457e-13
chr8,141391993,141417850,25858,*,0.183833334962069,PTP4A3,chr8-141417314-141418386,8.34510129836352,3.55764348441046e-17,2.03963886424174e-13
chr1,209768478,209784559,16082,*,0.125583380391314,C1orf74,chr1-209768068-209768887,8.23731224691512,8.8061199931373e-17,4.97548332110806e-13
chr14,105739824,105917979,178156,*,0.211345562152359,FAM30A,chr14-105739363-105740284,8.22896951302522,9.4415413358751e-17,5.25829110410511e-13
chr11,61102395,61102458,64,*,0.109996841747986,CD5,chr11-61102003-61102912,8.17083531134923,1.53130737364868e-16,8.40821467931952e-13
chr17,36199337,36210924,11588,*,0.116168897358206,CCL4L2,chr17-36198897-36199777,8.11324664287035,2.46424462474885e-16,1.31601465129806e-12
chr9,72382887,72521801,138915,*,0.127479262911498,TMC1,chr9-72382352-72383421,8.10896724398102,2.55259028007363e-16,1.34477354846928e-12
chr19,35745445,35869895,124451,*,0.101349499834714,U2AF1L4,chr19-35869462-35870327,8.05539685796195,3.96106739695169e-16,2.05897339578188e-12
chr3,114231953,114237578,5626,*,0.0677100003705025,ZNF80,chr3-114231552-114232353,8.00319493544151,6.0615894457158e-16,3.10937206393578e-12
chr6,33073718,33272047,198330,*,0.115532807750541,VPS52,chr6-33073286-33074149,7.95845339732484,8.71014923742076e-16,4.35342192372687e-12
chr12,8644724,9065070,420347,*,0.0865234120219275,LINC00612,chr12-8644387-8645061,7.95948397088879,8.63791241210122e-16,4.35342192372687e-12
chr1,92486876,92537036,50161,*,0.0622362792307888,GFI1,chr1-92536613-92537459,7.90347825255471,1.35613247324544e-15,6.69229059442634e-12
chr14,55191678,55398964,207287,*,0.128169704915428,DLGAP5,chr14-55398446-55399482,7.85689194978274,1.96891129402905e-15,9.57875840624681e-12
chr19,6522395,6767588,245194,*,0.0971082404690619,SH2D3A,chr19-6521965-6522825,7.85554487731156,1.99018968969248e-15,9.57875840624681e-12
chr2,197255670,197310604,54935,*,0.114690668666072,AC013264.1,chr2-197255231-197256108,7.85124436085498,2.05964727050806e-15,9.7921659475867e-12
chr16,31421856,31458080,36225,*,0.11273966980062,ARMC5,chr16-31421388-31422324,7.83455702874259,2.35249245013918e-15,1.10496853815862e-11
chrX,48911833,48919024,7192,*,0.139630108183169,PIM2,chrX-48911426-48912239,7.82517647501721,2.5347263599388e-15,1.17639064389865e-11
chr16,4663907,4802950,139044,*,0.126368984668351,ROGDI,chr16-4663502-4664312,7.77053037558768,3.90790833630544e-15,1.79235985967688e-11
chr19,16324677,16324817,141,*,0.134044269041905,KLF2,chr19-16324224-16325129,7.74067945514809,4.94434599619803e-15,2.24135252942999e-11
chr12,56358855,56752161,393307,*,0.131426088104811,HSD17B6,chr12-56358502-56359207,7.73264559238668,5.2667121706261e-15,2.36004399211831e-11
chr12,7503893,7571471,67579,*,0.209536129718907,CD163,chr12-7571015-7571926,7.72593100532338,5.55193813962521e-15,2.45958430410133e-11
chr6,26199243,26233863,34621,*,0.117003575854362,HIST1H2AD,chr6-26233452-26234274,7.69793785971796,6.91397916255687e-15,3.02857146570912e-11
chr3,183163839,183260172,96334,*,0.101365237043266,LAMP3,chr3-183259733-183260610,7.684717843517,7.66672777143303e-15,3.32098795016523e-11
chr1,182391820,182392206,387,*,0.247418198167018,GLUL,chr1-182391380-182392260,7.64318206086595,1.05959002506313e-14,4.53937681814188e-11
chr1,1630051,2050470,420420,*,0.101502254587643,PRKCZ,chr1-1629638-1630463,7.63193525862572,1.15627786241184e-14,4.89975257844543e-11
chr1,203321100,203765176,444077,*,0.168061685081582,LAX1,chr1-203320647-203321552,7.62708618021628,1.2005954042631e-14,5.03284429615892e-11
chr5,177312267,177312757,491,*,0.140348861366242,MXD3,chr5-177311800-177312734,7.5630210671281,1.96906895096303e-14,8.16644115607278e-11
chr14,44897295,45136096,238802,*,0.11707964180797,C14orf28,chr14-45135711-45136481,7.55736254680358,2.05662157578627e-14,8.43976878487819e-11
chr14,105582120,105917979,335860,*,0.158219389710305,FAM30A,chr14-105581679-105582561,7.55315954522394,2.12412026932254e-14,8.62596390870761e-11
chr1,21656641,22143969,487329,*,0.145010593227666,WNT4,chr1-21656228-21657054,7.53672058573373,2.40968713522116e-14,9.68475617567257e-11
chr14,105711962,105917979,206018,*,0.152515417886706,FAM30A,chr14-105711532-105712392,7.52527094883848,2.63055540879162e-14,1.04645641553901e-10
chr1,22643630,22653024,9395,*,0.273497227557417,C1QC,chr1-22652571-22653477,7.52229470162087,2.69115465630969e-14,1.05974952027439e-10
chr19,10010471,10012257,1787,*,0.181277699701146,COL5A3,chr19-10011695-10012818,7.507710761401,3.00851322165632e-14,1.16126227375164e-10
chr20,57711536,57991657,280122,*,0.194185096040038,PMEPA1,chr20-57991213-57992100,7.50778624594434,3.00677948045622e-14,1.16126227375164e-10
chr14,70641787,70934802,293016,*,0.05846567362947,TTC9,chr14-70934322-70935281,7.48789566268794,3.49933134558167e-14,1.33747188601736e-10
chr16,31042462,31074422,31961,*,0.130875648034452,ZNF646,chr16-31041971-31042953,7.47429154859456,3.88104398830358e-14,1.46896384556129e-10
chr19,50333515,50658296,324782,*,0.155824783506735,KCNC3,chr19-50657851-50658741,7.46809260280947,4.06827894205296e-14,1.52502565588195e-10
chr12,69738681,70050154,311474,*,0.0858849514566458,RAB3IP,chr12-70049715-70050593,7.44468820218056,4.85868253236635e-14,1.80396866915056e-10
chr1,59814780,59814786,7,*,0.189623009216564,HOOK1,chr1-59814313-59815247,7.43986930833687,5.03924797320339e-14,1.85335934042386e-10
chr3,196160239,196568674,408436,*,0.097002677673531,WDR53,chr3-196159789-196160689,7.43813908156011,5.10567608419975e-14,1.86024115212845e-10
chr1,145708148,145910188,202041,*,0.0893392887720569,PDZK1,chr1-145909788-145910588,7.4276096901599,5.52888377847795e-14,1.99578370259925e-10
chr6,27814740,27814912,173,*,0.135966619299761,HIST1H2AJ,chr6-27814480-27815343,7.40191122487297,6.71191182171784e-14,2.4005983922205e-10
chr3,42739993,42773253,33261,*,0.143783241951063,CCDC13,chr3-42739565-42740421,7.39420253848201,7.11297171921807e-14,2.51583914397364e-10
chr11,126147027,126283065,136039,*,0.0994773165310323,TIRAP,chr11-126146567-126147486,7.39326766477634,7.16318359226256e-14,2.51583914397364e-10
chr14,24014167,24430954,416788,*,0.117171018670804,CBLN3,chr14-24013742-24014591,7.38066974803214,7.87476163503683e-14,2.74106390441284e-10
chr17,4215469,4433688,218220,*,0.054688884717692,SPNS3,chr17-4215023-4215915,7.36374830302452,8.94083557723728e-14,3.08460409863461e-10
chr7,93574730,93713966,139237,*,0.153826864594782,CALCR,chr7-93713519-93714413,7.36125019509981,9.10978554503138e-14,3.11532290728208e-10
chr4,74038794,74038807,14,*,0.242051232281498,CXCL3,chr4-74038344-74039243,7.35393247476564,9.6229493195417e-14,3.26219655488867e-10
chr3,122325244,122769647,444404,*,0.115860112243808,CSTA,chr3-122769214-122770079,7.34704193792466,1.0132065166656e-13,3.40517747357861e-10
chr1,22653024,22710839,57816,*,0.257344391134293,EPHB2,chr1-22652571-22653477,7.34437333378055,1.03362679815614e-13,3.43162557822855e-10
chrX,149526231,149540355,14125,*,0.141012214814721,CXorf40A,chrX-149525782-149526680,7.34372084327689,1.03868087949008e-13,3.43162557822855e-10
chr22,39244751,39282683,37933,*,0.252400640563619,PDGFB,chr22-39282251-39283115,7.20857260972623,2.82707099712912e-13,9.18449401977317e-10
chr13,43879284,44237554,358271,*,0.153303004550086,LACC1,chr13-44237129-44237979,7.19841250333527,3.04588081912315e-13,9.81357627352725e-10
chr17,2054154,2065183,11030,*,0.0904755663483928,HIC1,chr17-2064731-2065635,7.16445110284167,3.90494186548959e-13,1.24782737388922e-09
chr3,151203041,151203201,161,*,0.0669032344168582,GPR171,chr3-151202675-151203406,7.14260955215905,4.57877387091574e-13,1.45125540741808e-09
chr12,663779,673028,9250,*,0.0614954134171036,NINJ2,chr12-672598-673457,7.12994366652381,5.0205007026952e-13,1.57842922576381e-09
chr1,183364187,183636085,271899,*,0.193888966256862,RGL1,chr1-183363745-183364628,7.1195562025408,5.41375649188352e-13,1.68845103669902e-09
chr10,69220303,69392603,172301,*,0.0903531758370218,HKDC1,chr10-69392185-69393020,7.11047544931884,5.78219366693939e-13,1.78904743289179e-09
chr22,24593208,24604175,10968,*,0.178730349942361,LRRC75B,chr22-24603664-24604685,7.10896628997138,5.84576481546439e-13,1.79447488569955e-09
chr1,35573370,35808888,235519,*,0.117028058256787,TFAP2E,chr1-35808535-35809240,7.09821833484958,6.31877143215135e-13,1.92452006278677e-09
chr6,89315299,89375697,60399,*,0.096089630956272,GABRR2,chr6-89375237-89376156,7.09533480122007,6.45193556464417e-13,1.9498449486416e-09
chr3,49734203,49903873,169671,*,0.218718315789298,MST1R,chr3-49733804-49734602,7.07793613619176,7.31585606999218e-13,2.19392393892199e-09
chr1,22636506,22653024,16519,*,0.262774755342047,C1QA,chr1-22652571-22653477,7.04172464475173,9.49373893605098e-13,2.80390387249799e-09
chr2,217756593,218041743,285151,*,0.0706026947078221,DIRC3,chr2-218041285-218042200,7.03795032510806,9.75441036751858e-13,2.85923036887057e-09
chr5,139390081,139670329,280249,*,0.201018302573529,MZB1,chr5-139669905-139670752,7.03228589031756,1.01588474691935e-12,2.95555746534329e-09
chr1,156638727,156641390,2664,*,0.228259112681752,BCAN,chr1-156638307-156639147,7.02732250089131,1.05267186114733e-12,3.03989800305191e-09
chr6,106086351,106316102,229752,*,0.0826298047312919,AL022067.1,chr6-106085898-106086804,7.02488171588399,1.07123836114733e-12,3.04835341291976e-09
chr1,182391820,182789293,397474,*,0.239502650556326,NPL,chr1-182391380-182392260,7.02322547697038,1.08401953073565e-12,3.06237088475619e-09
chr14,24311430,24665829,354400,*,0.0731481705593216,CIDEB,chr14-24665315-24666343,6.99282876900031,1.34699119689545e-12,3.77789361217328e-09
chr3,151203201,151205188,1988,*,0.068294988247625,GPR171,chr3-151204756-151205619,6.98513751315494,1.42288552222395e-12,3.96224833292893e-09
chr8,2021269,2045040,23772,*,0.181095711891725,MYOM2,chr8-2020795-2021743,6.98261395074755,1.44868893333776e-12,4.00549133361414e-09
chr6,31652416,32148918,496503,*,0.115937716861177,APOM,chr6-32148419-32149417,6.98072423573561,1.46831118190083e-12,4.0311552879324e-09
chr20,33271903,33666498,394596,*,0.138845830530498,ACTL10,chr20-33271470-33272335,6.97812707417641,1.49570517875554e-12,4.07764793949795e-09
chr6,29552758,29559925,7168,*,0.181779839584136,UBD,chr6-29552434-29553081,6.97449238385601,1.53488586855199e-12,4.15540503907451e-09
chr1,235867027,236348257,481231,*,0.0906677689110321,EDARADD,chr1-235866587-235867466,6.96371244537972,1.65710376896931e-12,4.45534633476016e-09
chr19,3802129,4258032,455904,*,0.0907119323383837,MATK,chr19-4257604-4258460,6.94934701346815,1.8349042236922e-12,4.89959644804694e-09
chr14,97978124,98189427,211304,*,0.0781080443048567,LINC01550,chr14-98189071-98189783,6.92393851520436,2.19628310012388e-12,5.82466230713941e-09
chr11,111423074,111455630,32557,*,0.178738059608432,POU2AF1,chr11-111422628-111423519,6.92100296713227,2.24228547492706e-12,5.90648295250854e-09
chr4,56681899,56757975,76077,*,0.0747395346664673,HOPX,chr4-56757506-56758443,6.91145702865288,2.3985042581452e-12,6.27558175870083e-09
chr10,73698159,73781969,83811,*,0.124796650685325,AGAP5,chr10-73781505-73782432,6.90303925720049,2.54507777936014e-12,6.57284953127584e-09
chr13,110561733,110561779,47,*,0.238069705179194,RAB20,chr13-110561341-110562216,6.90299681362637,2.54583862394614e-12,6.57284953127584e-09
chr14,24014167,24340045,325879,*,0.0886069508520435,RIPK3,chr14-24013742-24014591,6.89877632098551,2.62261917283275e-12,6.72653506425785e-09
chr1,145716903,145719471,2569,*,0.0890072363477737,CD160,chr1-145716470-145717335,6.8838216054473,2.91339183347629e-12,7.37527034457401e-09
chr16,88681180,88977204,296025,*,0.120798877514744,CBFA2T3,chr16-88680890-88681469,6.88167410415909,2.95766095716204e-12,7.43903251271958e-09
chr3,55490539,55608087,117549,*,0.205758413013408,WNT5A,chr3-55607618-55608556,6.87931366032775,3.00708045180143e-12,7.51484825830571e-09
chr16,27203495,27230846,27352,*,0.093328669141038,KDM8,chr16-27230416-27231276,6.86905956863711,3.23132590578838e-12,8.02381443963956e-09
chr6,27867499,27867529,31,*,0.152871611656494,HIST1H1B,chr6-27867070-27867927,6.86694791751338,3.27950010626192e-12,8.09189667991407e-09
chr8,94949411,94960652,11242,*,0.0837373132871085,TP53INP1,chr8-94960229-94961074,6.8450896000558,3.82140100945338e-12,9.31113016460887e-09
chr6,27814740,27867499,52760,*,0.117934193172802,HIST1H2AJ,chr6-27867070-27867927,6.84092724837772,3.93411051246774e-12,9.52621646898492e-09
chr17,35868891,35898476,29586,*,0.0734173018217453,HEATR9,chr17-35898070-35898881,6.83991781420259,3.96193132171637e-12,9.53436326934427e-09
chr5,173680525,173746211,65687,*,0.0777553573564913,LINC01484,chr5-173680021-173681029,6.83680105328343,4.04905385260003e-12,9.68424381928728e-09
chr1,1201514,1206691,5178,*,0.101962399945543,TNFRSF18,chr1-1201089-1201939,6.83330507224648,4.1490113142917e-12,9.72065816817191e-09
chr1,203305491,203321100,15610,*,0.228593229045642,BTG2,chr1-203320647-203321552,6.83407505763217,4.12679026477897e-12,9.72065816817191e-09
chr6,28267234,28349914,82681,*,0.102048043572751,ZKSCAN3,chr6-28266794-28267674,6.83302581083849,4.157099470263e-12,9.72065816817191e-09
chr17,45262112,45262195,84,*,0.0907156940656126,SPATA32,chr17-45261748-45262642,6.83278742892413,4.16401586777728e-12,9.72065816817191e-09
chr14,80954989,80959667,4679,*,0.0591328374964284,TSHR,chr14-80959209-80960124,6.82113121697267,4.51631943513802e-12,1.0480334312068e-08
chr6,27139342,27147129,7788,*,0.0864347268469653,HIST1H2AH,chr6-27138902-27139782,6.79011702802566,5.60213103540467e-12,1.29230886888437e-08
chr17,14206125,14301083,94959,*,0.118510347347381,HS3ST3B1,chr17-14205683-14206566,6.78276509844824,5.89486250574547e-12,1.35183761034699e-08
chr6,135103056,135538130,435075,*,0.0636175842308417,HBS1L,chr6-135537660-135538599,6.77457513980383,6.23861873256905e-12,1.42230291820439e-08
chr19,51427420,51645545,218126,*,0.182264197448901,SIGLEC5,chr19-51426989-51427851,6.76546328174284,6.64416471561567e-12,1.50595401320477e-08
chr11,125063067,125072690,9624,*,0.203241840851322,SLC37A2,chr11-125072259-125073120,6.76050757092044,6.87545719104485e-12,1.54937036811747e-08
chr6,26216774,26271815,55042,*,0.0936936381595624,HIST1H3G,chr6-26216342-26217206,6.75920048562225,6.93776409376707e-12,1.55442598131223e-08
chr6,26204552,26233863,29312,*,0.128414709034116,HIST1H4E,chr6-26233452-26234274,6.75236271693598,7.27283376614937e-12,1.61929890626552e-08
chr7,21355615,21428034,72420,*,0.0876274591610211,SP4,chr7-21355168-21356061,6.75079392944349,7.35191576313566e-12,1.61929890626552e-08
chr9,137302455,137423350,120896,*,0.107098077581922,NOXA1,chr9-137301967-137302942,6.75127026000169,7.32781550343520e-12,1.61929890626552e-08
chr16,2196525,2460036,263512,*,0.0832894197633349,CASKIN1,chr16-2459593-2460479,6.74169434655815,7.82750747525969e-12,1.71436485631738e-08
chr7,128937612,128939264,1653,*,0.170549771266525,IRF5,chr7-128938853-128939675,6.72015489000732,9.07657456506758e-12,1.97682723315124e-08
chr11,78188812,78465391,276580,*,0.143477590398431,USP35,chr11-78464953-78465829,6.71332167478234,9.51215398454358e-12,2.06018458621238e-08
chr3,24494686,24495282,597,*,0.198299807227052,THRB,chr3-24494242-24495129,6.70674188551236,9.95089156637972e-12,2.14330109333495e-08
chr15,90594569,90954870,360302,*,0.0986350183647767,RCCD1,chr15-90594124-90595013,6.6940515021961,1.08537481070773e-11,2.32492055331885e-08
chr4,90127412,90127535,124,*,0.152713714967369,CCSER1,chr4-90127036-90127787,6.68750897437704,1.13500647664275e-11,2.41794833296247e-08
chr6,27808199,27873512,65314,*,0.107794856490877,HIST1H2AI,chr6-27873068-27873956,6.67331427420233,1.25045014204206e-11,2.63508372311018e-08
chr10,70478821,70866631,387811,*,0.133925552334572,PALD1,chr10-70866184-70867078,6.67367882737831,1.24734631222646e-11,2.63508372311018e-08
chr3,114215248,114276913,61666,*,0.128695599344051,TIGIT,chr3-114214794-114215702,6.66830295626018,1.29389090153026e-11,2.71196750399664e-08
chr10,44386493,44438662,52170,*,0.200090646834961,CXCL12,chr10-44438204-44439119,6.65930505503319,1.37562680440734e-11,2.86786556658723e-08
chr2,30231531,30422528,190998,*,0.0926771320732977,LBH,chr2-30422106-30422950,6.64342672878756,1.5323643346113e-11,3.17763457753663e-08
chr1,211326615,211356130,29516,*,0.0747385325720069,TRAF5,chr1-211355699-211356560,6.64127707049868,1.55488414327796e-11,3.20727350806985e-08
chr17,3914252,3916500,2249,*,0.189161704339701,P2RX1,chr17-3913797-3914706,6.63598031220492,1.61176434767107e-11,3.30710291825401e-08
chr11,111512634,111881243,368610,*,0.0892135198553375,FDXACB1,chr11-111512228-111513040,6.62860402526341,1.69438136039269e-11,3.45841864980006e-08
chr5,170353487,170404600,51114,*,0.0794746226535182,KCNIP1,chr5-170404156-170405044,6.61187192392102,1.89745135326981e-11,3.85273544257782e-08
chr12,10454685,10554435,99751,*,0.0761430944836558,KLRC1,chr12-10554013-10554856,6.60284098623927,2.01676061795976e-11,4.07377285198366e-08
chr17,3916500,4375249,458750,*,0.142338961824913,P2RX1,chr17-4374796-4375702,6.6013490250108,2.03716528646882e-11,4.09377815082701e-08
chr3,111311951,111595443,283493,*,0.0946957670723316,ZBED2,chr3-111311509-111312392,6.59985949467625,2.05773817227854e-11,4.11391457404684e-08
chr11,72223701,72519983,296283,*,0.130825375015785,INPPL1,chr11-72519543-72520423,6.59707814026287,2.09669888772102e-11,4.17041966722354e-08
chr7,151058110,151058530,421,*,0.359649607520722,CDK5,chr7-151057655-151058565,6.57753508770003,2.39155505090599e-11,4.70885110962526e-08
chr17,2025345,2070710,45366,*,0.144832072307745,RTN4RL1,chr17-2070295-2071125,6.57810393781576,2.38242560510523e-11,4.70885110962526e-08
chr1,3441737,3772788,331052,*,0.146222382741792,SMIM1,chr1-3441235-3442238,6.56856597447288,2.54010616775618e-11,4.97620839051297e-08
chr19,54208307,54617158,408852,*,0.280104934287908,LILRB1,chr19-54207870-54208744,6.5646533070064,2.60770310182367e-11,5.08309134826081e-08
chr1,192575727,192580730,5004,*,0.175343023347627,RGS1,chr1-192580310-192581149,6.54406077073191,2.99352248429265e-11,5.80612302261919e-08
chr16,11964908,11965107,200,*,0.116692999681842,TNFRSF17,chr16-11964476-11965340,6.54293149104021,3.01622348239502e-11,5.82119186662705e-08
chr5,76401754,76623434,221681,*,0.0623252724851342,F2RL2,chr5-76401438-76402069,6.53327238037653,3.21739802267812e-11,6.17886233466556e-08
chr13,23979805,24251696,271892,*,0.110418850526344,SPATA13,chr13-24251258-24252133,6.51002297288524,3.75696564577253e-11,7.1797086810574e-08
chr14,50061835,50092643,30809,*,0.0743782407673644,LINC01588,chr14-50061495-50062175,6.48082529691353,4.56111249291238e-11,8.67394550042379e-08
chr8,17413528,17740438,326911,*,0.156935753492944,MTMR7,chr8-17740029-17740846,6.47015664847402,4.89506851718947e-11,9.21909300272149e-08
chr10,62632446,62919900,287455,*,0.0803442368066636,EGR2,chr10-62632000-62632891,6.45918960906941,5.26325771664534e-11,9.81766290597904e-08
chr6,105403084,105459316,56233,*,0.0804726148421897,PREP,chr6-105458816-105459815,6.44910787433495,5.62552308972335e-11,1.04434353694039e-07
chr9,34560056,34590140,30085,*,0.232620530930924,CNTFR,chr9-34559663-34560449,6.44447663000398,5.80000030348199e-11,1.07163114611993e-07
chr14,93942041,94026329,84289,*,0.0888201202405255,OTUB2,chr14-93941539-93942542,6.43402535344456,6.21340586681085e-11,1.14259844527733e-07
chr12,119989869,120012440,22572,*,0.0807631223312152,BICDL1,chr12-120011978-120012902,6.42552548162437,6.57073741327309e-11,1.20263620753021e-07
chr5,173745355,173746211,857,*,0.157028693597426,LINC01484,chr5-173744882-173745827,6.42012118432552,6.80829525166586e-11,1.24029323385628e-07
chr14,105860006,105917979,57974,*,0.144060058496894,FAM30A,chr14-105859512-105860499,6.41384483008313,7.09473186151424e-11,1.28646297938374e-07
chr17,4833388,4899469,66082,*,0.106464945168108,MINK1,chr17-4899012-4899926,6.40699164104979,7.42094764241885e-11,1.33938485198716e-07
chr2,86793905,86907953,114049,*,0.0804276015400032,RGPD1,chr2-86793482-86794327,6.38586443997104,8.52159657326426e-11,1.52392727856891e-07
chr5,139384553,139638516,253964,*,0.0900119473893874,SLC23A1,chr5-139638105-139638927,6.36778924777026,9.58860854533832e-11,1.70691242859234e-07
chr2,152335237,152537456,202220,*,0.177673763078286,FMNL2,chr2-152537026-152537885,6.36419185595577,9.81603116254174e-11,1.73158343021684e-07
chr6,46735693,46772945,37253,*,0.170309527799798,PLA2G7,chr6-46772501-46773389,6.36485529520449,9.7736967601429e-11,1.73158343021684e-07
chr5,132410636,132473213,62578,*,0.0775776797939667,C5orf56,chr5-132472796-132473629,6.3623941741063,9.93164455292223e-11,1.7440862577684e-07
chr14,61187559,61403547,215989,*,0.0650617537941789,PRKCH,chr14-61403124-61403970,6.35327248970465,1.05390923853488e-10,1.82608277538355e-07
chr1,149886810,149886975,166,*,0.119330099463988,HIST2H2AC,chr1-149886373-149887246,6.33630845199138,1.17667715009453e-10,2.02977849698519e-07
chr12,10130258,10167725,37468,*,0.202163253482804,CLEC7A,chr12-10167244-10168205,6.33288892890767,1.20306390741272e-10,2.0661536142408e-07
chr22,43343388,43377152,33765,*,0.0693096120391147,SCUBE1,chr22-43376567-43377737,6.33212775766882,1.20901565836238e-10,2.0672683001925e-07
chr5,74631803,74866951,235149,*,0.0545691138230993,FAM169A,chr5-74631389-74632217,6.32632122390514,1.25537439348901e-10,2.1371625242379e-07
chr4,74933063,74933095,33,*,0.132610850310809,PARM1,chr4-74932638-74933488,6.31685518540929,1.3346975140988e-10,2.26232389246281e-07
chr14,104724186,105075589,351404,*,0.133230347750134,ADSSL1,chr14-105075158-105076020,6.31216570344695,1.3757868680521e-10,2.32187559343657e-07
chr3,46284159,46370854,86696,*,0.0969209347146096,CCR5,chr3-46283726-46284591,6.31063929484021,1.38942586447819e-10,2.33478643154548e-07
chr14,24108929,24114195,5267,*,0.0815564392903528,DCAF11,chr14-24108406-24109452,6.30488979131747,1.44199517834586e-10,2.41272405265447e-07
chr1,156282935,156480867,197933,*,0.127070575916088,TMEM79,chr1-156480434-156481299,6.30356830530929,1.45434967546768e-10,2.42299628068558e-07
chr9,136620034,136977505,357472,*,0.140165909525664,PTGDS,chr9-136619489-136620579,6.29586066106651,1.52849444049753e-10,2.5356877217738e-07
chr7,99735196,100190228,455033,*,0.114601303829449,CYP3A7,chr7-100189831-100190625,6.2893637947021,1.59384826191527e-10,2.63290225679743e-07
chr17,81309248,81327235,17988,*,0.155050587359025,LINC00482,chr17-81326843-81327626,6.28639930327705,1.62456798250066e-10,2.67232521988965e-07
chr19,54208307,54281184,72878,*,0.230742147503747,LILRB2,chr19-54207870-54208744,6.28362331792327,1.65385800527621e-10,2.70907500450816e-07
chr17,14069495,14206125,136631,*,0.116559642863585,COX10-AS1,chr17-14205683-14206566,6.28053176108215,1.68708469315149e-10,2.75193866859621e-07
chr7,2529780,2631951,102172,*,0.134062799298175,TTYH3,chr7-2529368-2530192,6.26153074565718,1.90608317476973e-10,3.09620974104304e-07
chr17,74466416,74545950,79535,*,0.169524999423933,CD300A,chr17-74545545-74546355,6.25523076159459,1.9846427918407e-10,3.21044382441776e-07
chr1,22652762,22653024,263,*,0.253840987141422,C1QB,chr1-22652571-22653477,6.24500234980154,2.11896872131561e-10,3.41357104934848e-07
chr10,132332154,132571648,239495,*,0.127279892897109,LRRC27,chr10-132571255-132572040,6.24141227512129,2.16818808038054e-10,3.47848748770581e-07
chr19,33302564,33302630,67,*,0.152378523252398,CEBPA,chr19-33302130-33303130,6.23668881502065,2.23464895377643e-10,3.57041952429364e-07
chr22,41699499,41747108,47610,*,0.110493635148857,MEI1,chr22-41746649-41747566,6.23498603884883,2.25909192569422e-10,3.5947408384316e-07
chr3,46027742,46276651,248910,*,0.0800735757946372,XCR1,chr3-46276230-46277071,6.23324971864658,2.28428508086937e-10,3.60539719573719e-07
chr14,103119220,103123442,4223,*,0.24542416745078,TNFAIP2,chr14-103118773-103119666,6.23372090550909,2.27742140835099e-10,3.60539719573719e-07
chr5,173746211,173795009,48799,*,0.194083299678086,LINC01484,chr5-173794556-173795462,6.22157459851727,2.46095020005586e-10,3.86857402174265e-07
chr17,58324631,58488384,163754,*,0.0765740896852932,HSF5,chr17-58324172-58325090,6.21101332391989,2.63220046057921e-10,4.1211590921997e-07
chr3,108822698,108835297,12600,*,0.0698093042539435,TRAT1,chr3-108834861-108835732,6.20035795470024,2.81674422315205e-10,4.3924534755371e-07
chrX,129779825,129779979,155,*,0.106068627332746,SASH3,chrX-129779429-129780220,6.18204042806093,3.16391571339374e-10,4.89467805038879e-07
chr13,40789412,41017435,228024,*,0.0694520806380872,SLC25A15,chr13-41017073-41017796,6.17787927007919,3.24841818281166e-10,5.005542788164e-07
chr7,151028422,151058110,29689,*,0.432260552490589,ABCB8,chr7-151057655-151058565,6.16818025021832,3.45401857885297e-10,5.30140177560232e-07
chr11,60188706,60280541,91836,*,0.144415927308233,MS4A4A,chr11-60188251-60189160,6.16696100375128,3.48074583808065e-10,5.32147343712713e-07
chr6,26365338,26523450,158113,*,0.0771757607858417,HCG11,chr6-26364905-26365771,6.1635018852748,3.55767655582886e-10,5.41784109626169e-07
chr7,140607732,140673993,66262,*,0.261734096865405,DENND2A,chr7-140607284-140608179,6.15710877724841,3.70424829157076e-10,5.61909963021574e-07
chr16,3024027,3077196,53170,*,0.101665105197647,THOC6,chr16-3076887-3077504,6.15195080926124,3.82678093724876e-10,5.78247365096241e-07
chr1,26234153,26378498,144346,*,0.099721118263343,CEP85,chr1-26378002-26378994,6.15085979836038,3.85320104338584e-10,5.79991557206972e-07
chr13,49628299,49635749,7451,*,0.109022114834291,ARL11,chr13-49635300-49636198,6.15011785255877,3.87126968201956e-10,5.80470087721034e-07
chr12,123107087,123150015,42929,*,0.0671650735370492,PITPNM2,chr12-123106561-123107612,6.14689389066971,3.95074743237494e-10,5.90117543297408e-07
chr17,35868891,35880379,11489,*,0.0855664960967383,HEATR9,chr17-35879931-35880826,6.14236283036909,4.06514398784594e-10,6.04887219064777e-07
chr5,157180922,157575775,394854,*,0.0756324593285247,ADAM19,chr5-157180462-157181381,6.13367341373351,4.29363579394838e-10,6.36457224921052e-07
chr8,58396985,58411264,14280,*,0.131765780429669,UBXN2B,chr8-58396590-58397379,6.13252230929371,4.32482872788354e-10,6.3825136526872e-07
chr16,11742878,11964908,222031,*,0.1173256995492,TXNDC11,chr16-11964476-11965340,6.13202098994077,4.33848259842738e-10,6.3825136526872e-07
chr11,65956819,66278190,321372,*,0.0770520817389058,CNIH2,chr11-65956363-65957274,6.12636013920841,4.49560842376143e-10,6.58880426774526e-07
chr12,110566656,111034024,467369,*,0.0750699132095342,CUX2,chr12-110566265-110567047,6.1210035147698,4.64939264856574e-10,6.78867049748559e-07
chr6,26032060,26032123,64,*,0.0874118049666344,HIST1H3B,chr6-26031694-26032552,6.10871404628791,5.02185468479028e-10,7.30514959915992e-07
chr19,54208307,54643889,435583,*,0.279070124106723,LILRB4,chr19-54207870-54208744,6.10683392196796,5.08134444055047e-10,7.36420926705384e-07
chr13,49628299,49642066,13768,*,0.144819627263624,ARL11,chr13-49641607-49642524,6.09736120075654,5.39168391104198e-10,7.78503242995384e-07
chr6,27807931,27814912,6982,*,0.0929414640129468,HIST1H2BL,chr6-27814480-27815343,6.09090170275417,5.61382389792544e-10,8.07586890868645e-07
chr1,157176808,157552520,375713,*,0.170776478595024,FCRL5,chr1-157176353-157177262,6.08672874082473,5.76204858025089e-10,8.25862559966165e-07
chr7,2512529,2894871,382343,*,0.0830761811510295,LFNG,chr7-2894423-2895319,6.08594382808846,5.79035209256175e-10,8.26879246882558e-07
chr1,7943165,7954219,11055,*,0.117016194719219,TNFRSF9,chr1-7953754-7954683,6.08255297927939,5.9141896405056e-10,8.41481262675325e-07
chr20,362835,373621,10787,*,0.152164772469091,TRIB3,chr20-373223-374019,6.08091284942206,5.97501180253502e-10,8.47043745906139e-07
chr16,57976367,58295080,318714,*,0.102094839420524,GINS3,chr16-57975893-57976840,6.0756881840635,6.17285513038628e-10,8.7192026025049e-07
chr7,130668748,131072201,403454,*,0.307436031693919,COPG2,chr7-131071765-131072637,6.06486004986455,6.60343005888678e-10,9.29371991089216e-07
chr19,48867781,49362457,494677,*,0.166215611202979,TEAD2,chr19-48867353-48868208,6.0609779230586,6.76482020199323e-10,9.4866139762139e-07
chr19,54242791,54248225,5435,*,0.191669778099843,LILRA6,chr19-54247774-54248675,6.05815918823344,6.88440513098465e-10,9.61971006854706e-07
chr1,203287506,203765176,477671,*,0.112281591708832,LAX1,chr1-203287045-203287966,6.0575432464277,6.91080949986295e-10,9.62211751835918e-07
chr1,10694754,10796650,101897,*,0.0799283839444923,CASZ1,chr1-10694312-10695196,6.05243897312324,7.13345270938429e-10,9.89676443294977e-07
chr15,50182196,50262690,80495,*,0.0966370738237248,SLC27A2,chr15-50262255-50263125,6.04799345191371,7.33304579574922e-10,1.01375977644129e-06
chr1,150149183,150613694,464512,*,0.132236011386844,PLEKHO1,chr1-150613259-150614129,6.03512551711573,7.94195876605273e-10,1.08638193293445e-06
chr10,124093607,124153214,59608,*,0.149583075382836,CHST15,chr10-124152726-124153702,6.03567736619394,7.91486247420972e-10,1.08638193293445e-06
chr22,23264154,23688136,423983,*,0.0732242118620895,RGL4,chr22-23263701-23264606,6.03576429402876,7.91060246019982e-10,1.08638193293445e-06
chr1,203287506,203305491,17986,*,0.149338861899938,BTG2,chr1-203287045-203287966,6.03371492062448,8.011631865964e-10,1.09208066650692e-06
chr4,8182072,8199188,17117,*,0.19047462930768,SH3TC1,chr4-8198751-8199625,6.02485185732119,8.46322944084711e-10,1.14961913727287e-06
chr10,6062325,6072729,10405,*,0.170012725568193,IL2RA,chr10-6072372-6073085,6.01948878818852,8.74843876275687e-10,1.18423484324246e-06
chr6,27814740,27838434,23695,*,0.103381312568553,HIST1H2AJ,chr6-27838008-27838859,6.01399365903031,9.05037966255469e-10,1.22086803190528e-06
chr1,22643523,22710839,67317,*,0.166651150623274,EPHB2,chr1-22643066-22643980,6.01066353227713,9.238276191596e-10,1.24191739649865e-06
chr1,223143282,223175727,32446,*,0.197795325525714,TLR5,chr1-223175324-223176130,6.00811971312274,9.38436205909433e-10,1.25722072765019e-06
chr19,6280140,6530999,250860,*,0.0614245371431184,TNFSF9,chr19-6279701-6280579,5.99586260330651,1.01204052942664e-09,1.35118501533573e-06
chr10,6492512,6580301,87790,*,0.0776317860911867,PRKCQ,chr10-6492131-6492893,5.99094345671772,1.04313585890145e-09,1.38794744322338e-06
chr1,182392206,182394324,2119,*,0.216371937135663,GLUL,chr1-182393912-182394735,5.98785604707215,1.06312559400811e-09,1.40973346624234e-06
chr7,151058110,151520120,462011,*,0.433055167160793,RHEB,chr7-151057655-151058565,5.98563314783982,1.07774853130783e-09,1.42427939127939e-06
chr12,53990624,54191666,201043,*,0.162833620150432,HOXC6,chr12-54191238-54192093,5.98404342641221,1.08832620058201e-09,1.4333991417206e-06
chr7,151058110,151277896,219787,*,0.374437505173528,SMARCD3,chr7-151057655-151058565,5.98105086704956,1.10851310503186e-09,1.45507087886492e-06
chr7,131076998,131110096,33099,*,0.323903683449387,MKLN1,chr7-131076560-131077436,5.95993568846099,1.26168610481665e-09,1.64505301449826e-06
chrX,55452105,55452117,13,*,0.0897605186646406,MAGEH1,chrX-55451687-55452547,5.96027638322027,1.25905835695007e-09,1.64505301449826e-06
chr7,151057210,151058110,901,*,0.515733395989941,SLC4A2,chr7-151057655-151058565,5.9571069069268,1.28371151611997e-09,1.66819167327468e-06
chr17,36210894,36210924,31,*,0.108720622496492,CCL4L2,chr17-36210432-36211355,5.95361358821206,1.31142832907886e-09,1.69854802972774e-06
chr17,64130819,64385815,254997,*,0.146698796965401,ERN1,chr17-64385423-64386206,5.94999260289049,1.34077303765254e-09,1.73080480223483e-06
chr8,55879813,55930716,50904,*,0.136384935339587,LYN,chr8-55930238-55931194,5.94854754554044,1.35266154420755e-09,1.74038880637757e-06
chr1,192158457,192575678,417222,*,0.118380738390064,RGS18,chr1-192575234-192576122,5.94150430528635,1.41209159415718e-09,1.81046865827174e-06
chr6,26026232,26045411,19180,*,0.0638128732368322,HIST1H3C,chr6-26025906-26026557,5.94100303478299,1.41641684734946e-09,1.81046865827174e-06
chr1,157505688,157552520,46833,*,0.126907543312077,FCRL5,chr1-157505237-157506139,5.93850001013444,1.43820817416902e-09,1.82994332460907e-06
chr5,74630582,74866951,236370,*,0.0507488668048006,FAM169A,chr5-74630197-74630966,5.93764406751234,1.44573464796793e-09,1.82994332460907e-06
chr13,98142562,98368483,225922,*,0.174854686861936,FARP1,chr13-98367993-98368973,5.93764647004097,1.44571346847469e-09,1.82994332460907e-06
chr10,124036088,124093607,57520,*,0.171189648677819,CHST15,chr10-124035631-124036544,5.93648231551818,1.45601154906859e-09,1.83698710170708e-06
chr4,77854547,77862520,7974,*,0.0917118916703371,MRPL1,chr4-77854082-77855011,5.93273952547365,1.48960648108863e-09,1.87330988988827e-06
chr6,27814912,27867529,52618,*,0.123905311594662,HIST1H1B,chr6-27814480-27815343,5.93045015543012,1.51052642133386e-09,1.89351043861687e-06
chr2,218805665,219170095,364431,*,0.0844184102541395,SLC23A3,chr2-218805235-218806095,5.92474354807237,1.56392563888307e-09,1.95416518644181e-06
chr2,156342348,156480540,138193,*,0.104079703704776,NR4A2,chr2-156480048-156481031,5.92166597501428,1.59348217032231e-09,1.9847354986086e-06
chr7,151058110,151232489,174380,*,0.443123066689888,CHPF2,chr7-151057655-151058565,5.91404042710664,1.66907947670648e-09,2.07227379666552e-06
chr16,85898803,85899043,241,*,0.130115461565654,IRF8,chr16-85898615-85899470,5.91204172810195,1.68946453173172e-09,2.09092421150691e-06
chr1,223143282,223180944,37663,*,0.139772164358717,TLR5,chr1-223180504-223181384,5.90762704715309,1.7353532443867e-09,2.1409206741476e-06
chr16,28141211,28623625,482415,*,0.0646679693516574,SULT1A1,chr16-28140761-28141661,5.90173717520488,1.79846929425542e-09,2.21178817446077e-06
chr1,154837887,154870280,32394,*,0.121376965851467,KCNN3,chr1-154837409-154838364,5.89928821126446,1.82536524610045e-09,2.23780594944261e-06
chr8,23528805,23559565,30761,*,0.138765872683181,SLC25A37,chr8-23559097-23560033,5.89623813562128,1.85941087207224e-09,2.27239826739532e-06
chr4,40563948,40749897,185950,*,0.163801954263667,NSUN7,chr4-40563508-40564388,5.88813965321692,1.95283514064994e-09,2.37170306932293e-06
chr1,168520480,168543997,23518,*,0.0967229515625499,XCL2,chr1-168520026-168520933,5.8867141354669,1.96974619508847e-09,2.38481209207338e-06
chr6,27867529,27890822,23294,*,0.160283445801515,HIST1H1B,chr6-27890364-27891279,5.88362712064217,2.00685775638729e-09,2.42222139332228e-06
chr6,26103876,26158005,54130,*,0.0951663405149206,HIST1H4C,chr6-26157570-26158440,5.87089964069097,2.16718302726971e-09,2.59366892921053e-06
chr7,151080905,151083546,2642,*,0.308126270073597,TMUB1,chr7-151080453-151081357,5.87077109153356,2.16886426367605e-09,2.59366892921053e-06
chr7,151232489,151520060,287572,*,0.451791510749985,CHPF2,chr7-151519612-151520508,5.8716148485512,2.15785227970988e-09,2.59366892921053e-06
chr17,35713791,36082698,368908,*,0.0942034682308769,TAF15,chr17-36082254-36083142,5.86689651150307,2.22013808957946e-09,2.64686628287074e-06
chr12,12385259,12696207,310949,*,0.0721960343540554,GPR19,chr12-12384759-12385758,5.8657249803971,2.2358723395239e-09,2.65749787593924e-06
chr12,105235290,105330578,95289,*,0.107507814084247,C12orf75,chr12-105330116-105331040,5.86430156631938,2.2551355684371e-09,2.67224653989769e-06
chr8,100336218,100430895,94678,*,0.0999042248392935,RNF19A,chr8-100430441-100431349,5.86037043041133,2.30917886585537e-09,2.72799393700438e-06
chr12,109828306,109833401,5096,*,0.156877583906144,TRPV4,chr12-109827857-109828754,5.84889423784648,2.47425795708824e-09,2.90540485869507e-06
chr19,10554222,10569059,14838,*,0.135869379092898,CDKN2D,chr19-10553775-10554668,5.84911447328583,2.47098451103426e-09,2.90540485869507e-06
chr15,90001392,90020159,18768,*,0.123875805168665,ZNF710,chr15-90019704-90020614,5.8469727538064,2.50299730381959e-09,2.93032584050653e-06
chr5,100853253,100903266,50014,*,0.0714493525028644,ST8SIA4,chr5-100852717-100853788,5.84566714533437,2.52271014732992e-09,2.94456166573911e-06
chr1,1579756,1748966,169211,*,0.0991868487073992,AL645728.1,chr1-1748497-1749434,5.84330107989154,2.55882001576264e-09,2.97779433070178e-06
chr9,113150942,113232948,82007,*,0.173516827007446,SLC31A2,chr9-113232478-113233418,5.83407590244115,2.70447481241638e-09,3.13793129336354e-06
chr3,45994976,46353734,358759,*,0.0901347652385566,CCR2,chr3-45994641-45995310,5.82981843942929,2.77438572674326e-09,3.18374327462539e-06
chr3,184261463,184597787,336325,*,0.140587101587031,CAMK2N2,chr3-184597233-184598340,5.82968381777059,2.776624753426e-09,3.18374327462539e-06
chr7,149028641,149028733,93,*,0.348999074710779,PDIA4,chr7-149028276-149029189,5.82981907607559,2.77437514221961e-09,3.18374327462539e-06
chr8,100336218,100386338,50121,*,0.0673897464351048,RNF19A,chr8-100385827-100386848,5.83054207387584,2.76238030705103e-09,3.18374327462539e-06
chr7,151058110,151227230,169121,*,0.434179119322895,ABCF2,chr7-151057655-151058565,5.82680476322537,2.82493215992664e-09,3.22963475780563e-06
chr20,40689240,40689357,118,*,0.248356549721772,MAFB,chr20-40688896-40689818,5.82612794994764,2.83640649694274e-09,3.23327118609977e-06
chr1,204021267,204152003,130737,*,0.146714253461362,ETNK2,chr1-204020776-204021758,5.81897099514744,2.96055034112095e-09,3.36494598130229e-06
chr1,17119435,17141941,22507,*,0.119146044850742,PADI2,chr1-17141546-17142336,5.80990822406518,3.12535493986149e-09,3.54193568027582e-06
chr6,33344050,33391536,47487,*,0.0923893052046138,KIFC1,chr6-33343677-33344423,5.80755194828538,3.1696443050206e-09,3.58171643942287e-06
chr6,41728739,42194916,466178,*,0.0962291115376381,GUCA1B,chr6-41728244-41729233,5.8063828478568,3.19184511057999e-09,3.59637919089546e-06
chr12,67929235,68374372,445138,*,0.0708845485597038,LINC01479,chr12-68373881-68374863,5.80203823005506,3.27568096850061e-09,3.67630429315075e-06
chr17,40307368,40565472,258105,*,0.0573633041782261,CCR7,chr17-40306930-40307805,5.80173354892938,3.28163994032725e-09,3.67630429315075e-06
chr10,132331847,132444004,112158,*,0.0928105694596764,STK32C,chr10-132443630-132444378,5.79814158364702,3.35269154568131e-09,3.74513898128066e-06
chr21,29376339,29749099,372761,*,0.0690895532678942,BACH1-AS1,chr21-29748577-29749620,5.79743859604782,3.36677114630018e-09,3.75012132836405e-06
chr13,75482114,75490043,7930,*,0.058362390579128,TBC1D4,chr13-75489603-75490483,5.7932559932726,3.45173786624302e-09,3.83380886219536e-06
chr16,88634893,89088375,453483,*,0.100767405573033,ACSF3,chr16-88634678-88635107,5.7881245705342,3.55883101266449e-09,3.94152667031044e-06
chr7,151058110,151085831,27722,*,0.414312264925266,AGAP3,chr7-151057655-151058565,5.78724579305515,3.57749236941675e-09,3.95097041133671e-06
chr7,130070426,130442433,372008,*,0.402513327863686,CEP41,chr7-130069977-130070874,5.784089032512,3.64531618793758e-09,4.01450227824814e-06
chr7,151227230,151520060,292831,*,0.411558238914864,ABCF2,chr7-151519612-151520508,5.77967336564895,3.74228965618751e-09,4.10968762547609e-06
chr17,36196915,36210924,14010,*,0.0896798990575491,CCL4L2,chr17-36196481-36197349,5.77471123350731,3.85425849436363e-09,4.22075950152991e-06
chr2,110732573,110748642,16070,*,0.160537485693257,ACOXL,chr2-110748183-110749100,5.77021281276081,3.95857421139116e-09,4.3228517463845e-06
chr7,128775790,128791425,15636,*,0.149709592544264,OPN1SW,chr7-128790989-128791860,5.76346285872768,4.12026970896533e-09,4.4868586217306e-06
chr1,39902256,40344780,442525,*,0.114642834250177,MYCL,chr1-40344362-40345197,5.75858273820043,4.24115442375452e-09,4.59039814114198e-06
chr2,218880363,218896774,16412,*,0.121827760128977,WNT10A,chr2-218896362-218897186,5.75829534487289,4.24837990467098e-09,4.59039814114198e-06
chr17,18993034,19174436,181403,*,0.0717381602901136,AC007952.4,chr17-18992580-18993488,5.75820419986194,4.25067391972403e-09,4.59039814114198e-06
chr13,42272153,42406500,134348,*,0.0892521832169765,AKAP11,chr13-42406221-42406779,5.75596904281447,4.30730864427608e-09,4.63870963974674e-06
chr19,6522395,6530999,8605,*,0.0689165574123855,TNFSF9,chr19-6521965-6522825,5.75518341403239,4.32738872638304e-09,4.64749628032474e-06
chr1,192158457,192580730,422274,*,0.126296850491015,RGS18,chr1-192580310-192581149,5.75388437131384,4.3607911020003e-09,4.67050311180501e-06
chr1,22643523,22643630,108,*,0.186665074022967,C1QC,chr1-22643066-22643980,5.74875788908625,4.49507212045293e-09,4.8011311131584e-06
chr6,116254173,116447799,193627,*,0.137856842952629,DSE,chr6-116447335-116448263,5.74705293119929,4.54061541003168e-09,4.83652458697177e-06
chr1,160756483,160862855,106373,*,0.0743279896066378,CD244,chr1-160756029-160756936,5.74461496344535,4.60651921390151e-09,4.89335348386358e-06
chr8,38943953,38974164,30212,*,0.112834698261175,HTRA4,chr8-38943489-38944417,5.74368130185224,4.63200366115709e-09,4.90705405247124e-06
chr17,77784254,78111799,327546,*,0.0683298260015584,TNRC6C-AS1,chr17-77783760-77784747,5.7387497042331,4.76890287122249e-09,5.02477384365359e-06
chr10,70495183,70815961,320779,*,0.183479768863335,SGPL1,chr10-70494732-70495634,5.733468763445,4.9198597258785e-09,5.14395556437974e-06
chr12,110501655,110888197,386543,*,0.093768490951005,RAD9B,chr12-110887733-110888660,5.73340882195785,4.92159954422099e-09,5.14395556437974e-06
chr18,31722497,32185069,462573,*,0.200498174984704,MEP1B,chr18-31722052-31722942,5.73371033149849,4.91285420327603e-09,5.14395556437974e-06
chr20,63635816,63980008,344193,*,0.07193981446338,SAMD10,chr20-63635442-63636190,5.7311220480096,4.98842224166892e-09,5.19985665176233e-06
chr7,151058110,151080866,22757,*,0.408650536415026,FASTK,chr7-151057655-151058565,5.73045404021126,5.00810822076177e-09,5.20645601621445e-06
chr1,182394324,182789293,394970,*,0.238181354923506,NPL,chr1-182393912-182394735,5.72432774095452,5.19220556967225e-09,5.38348863230815e-06
chr7,130668748,131076998,408251,*,0.307975554411901,COPG2,chr7-131076560-131077436,5.7208898347091,5.29837963848457e-09,5.47900238414453e-06
chr1,27891663,28193936,302274,*,0.11149432741799,PTAFR,chr1-27891212-27892113,5.71845036178581,5.37499550210685e-09,5.53262125872508e-06
chr20,36630032,36646216,16185,*,0.0719696279110516,SLA2,chr20-36629533-36630530,5.71833598251994,5.37861408189981e-09,5.53262125872508e-06
chr9,133683147,133739955,56809,*,0.0681468642193731,SARDH,chr9-133682867-133683426,5.7155866038886,5.46631119691433e-09,5.60803250720906e-06
chrX,49186528,49235600,49073,*,0.128274718917586,PRICKLE3,chrX-49235131-49236068,5.71241114124398,5.56932905781858e-09,5.69872459802806e-06
chr12,121637680,121803403,165724,*,0.0872992819761098,RHOF,chr12-121637231-121638128,5.71118132138487,5.60973144635125e-09,5.72503932937939e-06
chr1,157510913,157552520,41608,*,0.185847422785236,FCRL5,chr1-157510464-157511362,5.710033871655,5.64768455181156e-09,5.74872354541212e-06
chr1,201622885,202085610,462726,*,0.190008764062179,NAV1,chr1-202085218-202086001,5.69911975746689,6.02138045148349e-09,6.0972654851214e-06
chr11,60334831,60378577,43747,*,0.108104690735292,MS4A6E,chr11-60378275-60378878,5.69912804066443,6.02108792659118e-09,6.0972654851214e-06
chr1,222872271,223180944,308674,*,0.122040634981028,DISP1,chr1-223180504-223181384,5.69711182700932,6.09270034984113e-09,6.15350107975716e-06
chr19,18173162,18660607,487446,*,0.194678846800517,IFI30,chr19-18660185-18661028,5.69466341287708,6.18077702908439e-09,6.22632632129873e-06
chr7,151028422,151520060,491639,*,0.409057168403251,ABCB8,chr7-151519612-151520508,5.69148793277484,6.2968528988637e-09,6.32690901115416e-06
chr14,76762189,76768513,6325,*,0.201995241171242,VASH1,chr14-76768051-76768974,5.69088788296218,6.31902368022792e-09,6.33286380407254e-06
chr10,95194200,95656745,462546,*,0.124943870848724,ACSM6,chr10-95656319-95657170,5.68930919769568,6.37771619802427e-09,6.37529593649272e-06
chr14,90061765,90087695,25931,*,0.143305593242614,KCNK13,chr14-90087234-90088156,5.68594852308338,6.50442895399058e-09,6.48533155133283e-06
chr19,36687449,36850810,163362,*,0.0921160748321532,LINC01534,chr19-36850581-36851039,5.68550723152092,6.52124825889155e-09,6.48551448016681e-06
chr7,151058110,151341699,283590,*,0.436308966845778,NUB1,chr7-151057655-151058565,5.66948244312145,7.16147631893071e-09,7.10411161803506e-06
chr1,201277469,201283452,5984,*,0.167789437644312,PKP1,chr1-201277041-201277896,5.66731832906238,7.25248573525174e-09,7.17613215446539e-06
chr14,105701056,105917979,216924,*,0.176449651762614,FAM30A,chr14-105700598-105701513,5.66486787870214,7.35689322181142e-09,7.26101148432817e-06
chr7,151083546,151520060,436515,*,0.315330699660256,TMUB1,chr7-151519612-151520508,5.66397737250845,7.39519595549352e-09,7.28038367081076e-06
chr15,72182856,72320129,137274,*,0.134126881595826,CELF6,chr15-72182437-72183275,5.65800164827358,7.65728326229147e-09,7.5194135878359e-06
chr2,10122328,10122607,280,*,0.163823954074191,RRM2,chr2-10122148-10123065,5.63500609884578,8.75260709854794e-09,8.57342055925405e-06
chr6,32437524,32763534,326011,*,0.127035490834471,HLA-DQB2,chr6-32437103-32437945,5.633461829467,8.83138126307413e-09,8.62132162015435e-06
chr12,111034024,111170696,136673,*,0.0810795787241926,CUX2,chr12-111170232-111171160,5.6331818254079,8.84573799303772e-09,8.62132162015435e-06
chr3,71985041,72279503,294463,*,0.0940036372266857,LINC00877,chr3-71984499-71985583,5.63235336588696,8.8883486969665e-09,8.64124817009921e-06
chr18,46009517,46072272,62756,*,0.196708361414747,PSTPIP2,chr18-46009129-46009905,5.6301918700879,9.00046291043666e-09,8.7284787725362e-06
chr6,26032123,26234933,202811,*,0.0917731417818901,HIST1H1D,chr6-26031694-26032552,5.62583988936855,9.23037596610371e-09,8.92923208718973e-06
chr7,149028733,149239651,210919,*,0.294446849940261,ZNF212,chr7-149028276-149029189,5.61588050480245,9.77818916085948e-09,9.43575891272126e-06
chr10,6062325,6192532,130208,*,0.231034113580394,IL2RA,chr10-6192072-6192992,5.61440613739018,9.86192288686458e-09,9.49306262046896e-06
chr5,157193863,157575775,381913,*,0.06660928148619,ADAM19,chr5-157193359-157194367,5.61187188119255,1.00074803405802e-08,9.60944883186175e-06
chr12,8066471,8453328,386858,*,0.106727639214219,C3AR1,chr12-8452865-8453791,5.60869948424163,1.01926319130718e-08,9.76318903335348e-06
chr7,151080905,151520120,439216,*,0.40302182530026,RHEB,chr7-151080453-151081357,5.60729882246477,1.02754335113021e-08,9.8183781991376e-06
chr14,105709623,105917979,208357,*,0.123408472272316,FAM30A,chr14-105709228-105710018,5.60130068049161,1.06374663003419e-08,1.01394560198555e-05
chr1,22636506,22643523,7018,*,0.181786288432522,C1QA,chr1-22643066-22643980,5.60074488905306,1.06716325194741e-08,1.01472128804439e-05
chr7,149028733,149126416,97684,*,0.335949851744118,ZNF398,chr7-149028276-149029189,5.59158303087599,1.12504324165578e-08,1.06715415534304e-05
chr2,121197744,121285207,87464,*,0.161293965193877,TFCP2L1,chr2-121197285-121198202,5.58466892697227,1.17072914591549e-08,1.10779392959574e-05
chr9,37904196,38069211,165016,*,0.129362640694715,SHB,chr9-37903733-37904658,5.58205220874337,1.18848498016904e-08,1.12187226752751e-05
chr6,26032123,26251651,219529,*,0.0769146252820483,HIST1H2BH,chr6-26031694-26032552,5.57750009337458,1.21999826890691e-08,1.14883759693212e-05
chr19,41364173,41552784,188612,*,0.074282259369711,B9D2,chr19-41552350-41553217,5.5754006190251,1.23480431258888e-08,1.15997814667807e-05
chr2,152335237,152469296,134060,*,0.193871893328778,FMNL2,chr2-152468877-152469714,5.57484267741135,1.23876830201023e-08,1.16090456748868e-05
chr1,22643523,22652762,9240,*,0.193669340561351,C1QB,chr1-22643066-22643980,5.57136816130738,1.26373294496381e-08,1.1786335312441e-05
chr7,151080905,151232489,151585,*,0.420474609289558,CHPF2,chr7-151080453-151081357,5.57177639192024,1.26077465742736e-08,1.1786335312441e-05
chr7,151227313,151520120,292808,*,0.400726329499208,RHEB,chr7-151226856-151227769,5.56875108952248,1.28285848693001e-08,1.19361562493231e-05
chr19,48394875,48584382,189508,*,0.15085260834752,GRIN2D,chr19-48583924-48584840,5.5654737005157,1.30720606778061e-08,1.21337357127716e-05
chr2,85685175,86080348,395174,*,0.0632742043633456,GNLY,chr2-86079913-86080783,5.5636070725075,1.32127297880058e-08,1.22061827803641e-05
chr6,26032060,26158005,125946,*,0.0939817300136573,HIST1H3B,chr6-26157570-26158440,5.56382485766246,1.31962421075497e-08,1.22061827803641e-05
chr6,26021569,26224199,202631,*,0.100537472494503,HIST1H3E,chr6-26021141-26021997,5.56213732965812,1.33245222225996e-08,1.2251395371521e-05
chr14,91780707,91836522,55816,*,0.0712729247653218,CATSPERB,chr14-91836099-91836945,5.56235398881769,1.33079850766223e-08,1.2251395371521e-05
chr6,27815044,27872201,57158,*,0.116075515243568,HIST1H2BM,chr6-27871797-27872605,5.55804109710197,1.36409578557043e-08,1.24834617416949e-05
chr19,18644707,18896727,252021,*,0.1322256731186,CERS1,chr19-18644303-18645111,5.55825208525597,1.36244823083123e-08,1.24834617416949e-05
chr6,32589807,32844086,254280,*,0.0664263880000657,PSMB8-AS1,chr6-32589364-32590249,5.55486878450172,1.38910188648405e-08,1.26414507677891e-05
chr7,138460167,138460334,168,*,0.263049642728492,TRIM24,chr7-138459712-138460621,5.55461926835303,1.39108748432264e-08,1.26414507677891e-05
chr2,132416574,132438752,22179,*,0.256780819430171,GPR39,chr2-132438326-132439177,5.55339889561351,1.40083869995812e-08,1.26709923168463e-05
chr6,26043657,26216774,173118,*,0.0821641157128473,HIST1H2BB,chr6-26216342-26217206,5.54926892200627,1.43433316942143e-08,1.29439271936409e-05
chr3,46488897,46580099,91203,*,0.0672819002390175,LRRC2,chr3-46488455-46489338,5.54759251089982,1.44814961032834e-08,1.30384300666449e-05
chr17,44066533,44141906,75374,*,0.100354774556791,C17orf53,chr17-44066107-44066959,5.54640512098046,1.45801372687035e-08,1.30969946416558e-05
chr12,52249300,52308485,59186,*,0.064647233676167,KRT86,chr12-52308021-52308949,5.54415173875508,1.47691301717722e-08,1.32362642200592e-05
chr1,46394265,46549920,155656,*,0.0805612176229944,FAAH,chr1-46549513-46550327,5.54221814925557,1.49331947947541e-08,1.33408944440224e-05
chr19,3802129,3812579,10451,*,0.0916867573584008,MATK,chr19-3812092-3813066,5.5419706972933,1.4954318233683e-08,1.33408944440224e-05
chr7,130853720,130881322,27603,*,0.339407539388089,AC016831.7,chr7-130880884-130881760,5.53968508891443,1.51508018668317e-08,1.34578151948745e-05
chr10,124092688,124093607,920,*,0.148318427101418,CHST15,chr10-124092240-124093136,5.53964327319183,1.51544198068751e-08,1.34578151948745e-05
chr7,151080905,151085831,4927,*,0.402998047450207,AGAP3,chr7-151080453-151081357,5.53894323253203,1.52151126738903e-08,1.34801524402145e-05
chr7,130070510,130441151,370642,*,0.403705365019166,KLHDC10,chr7-130440705-130441597,5.53661013762566,1.54190972528482e-08,1.35999228556954e-05
chr2,218367907,218382029,14123,*,0.196219148188464,SLC11A1,chr2-218367460-218368353,5.53386185773648,1.56627863150699e-08,1.37836762313829e-05
chr6,106316102,106566534,250433,*,0.0660134076329215,AL022067.1,chr6-106566006-106567062,5.53112445793638,1.59092229174365e-08,1.39690143531722e-05
chr13,52406494,52450638,44145,*,0.0848808867343647,THSD1,chr13-52450210-52451066,5.53008496661636,1.600378587897e-08,1.40172548628198e-05
chr22,37122410,37175054,52645,*,0.126967995530148,IL2RB,chr22-37121954-37122865,5.52973139671666,1.60360743790403e-08,1.40172548628198e-05
chr16,527717,981371,453655,*,0.0984752497050782,CAPN15,chr16-980958-981784,5.52602677719952,1.6378207931427e-08,1.42524042823274e-05
chr22,21767248,21867680,100433,*,0.104310665356978,MAPK1,chr22-21766809-21767687,5.52609335407838,1.63719973193221e-08,1.42524042823274e-05
chr12,55842966,55848106,5141,*,0.149137702771415,MMP19,chr12-55847676-55848535,5.52157377475976,1.67988345367972e-08,1.45858780441859e-05
chr6,34792015,35081406,289392,*,0.0999193067360553,UHRF1BP1,chr6-35080912-35081900,5.51822163707583,1.71223684744835e-08,1.48008638459298e-05
chr7,151058530,151227313,168784,*,0.330403447237558,CDK5,chr7-151226856-151227769,5.51833907885658,1.71109320234328e-08,1.48008638459298e-05
chr20,62618526,62642445,23920,*,0.0898390625173446,SLCO4A1,chr20-62618110-62618941,5.5177554391159,1.71678398895757e-08,1.48073378686523e-05
chr22,39244751,39264663,19913,*,0.245197315828886,PDGFB,chr22-39264199-39265126,5.51596079433185,1.73439794476416e-08,1.49262363700265e-05
chr2,36240833,36355926,115094,*,0.0938737959520959,CRIM1,chr2-36240336-36241330,5.51539130075411,1.74002391660265e-08,1.49416696902065e-05
chr20,47725604,47786616,61013,*,0.0890643258747575,SULF2,chr20-47725210-47725998,5.51307617949805,1.76307756346489e-08,1.51063585554267e-05
chr2,218382029,218382133,105,*,0.291425645258107,SLC11A1,chr2-218381672-218382594,5.51190611484963,1.77484132283408e-08,1.51354493900674e-05
chr7,130853720,131076998,223279,*,0.306089635597387,AC016831.7,chr7-131076560-131077436,5.51223096201059,1.77156771702091e-08,1.51354493900674e-05
chr7,151058110,151083546,25437,*,0.30759797456917,TMUB1,chr7-151057655-151058565,5.5115813606644,1.77811985590708e-08,1.51354493900674e-05
chr2,111898466,111898479,14,*,0.282360767962262,MERTK,chr2-111898004-111898927,5.51031258561115,1.79098507943426e-08,1.52117454289238e-05
chr2,96145440,96148704,3265,*,0.1008625855771,DUSP2,chr2-96148245-96149162,5.50423394516956,1.85388462982738e-08,1.57117528414666e-05
chr7,151520060,151520120,61,*,0.399697651195845,RHEB,chr7-151519612-151520508,5.50177615699885,1.87992060163675e-08,1.58978482947785e-05
chr17,1562836,2030110,467275,*,0.122292405257876,DPH1,chr17-1562412-1563259,5.49812659699424,1.91923663786839e-08,1.6195200037798e-05
chr1,172639290,172659018,19729,*,0.0824670521444716,FASLG,chr1-172638823-172639756,5.49760084454915,1.92496577532073e-08,1.62084612838086e-05
chr7,151059678,151085831,26154,*,0.447715516310309,AGAP3,chr7-151059241-151060114,5.49507786849153,1.95269026084962e-08,1.6406469904585e-05
chr2,152335237,152432274,97038,*,0.193256826089277,FMNL2,chr2-152431906-152432642,5.48983094785585,2.01159310125739e-08,1.68650235206752e-05
chr10,70052796,70508913,456118,*,0.0984905643299268,H2AFY2,chr10-70508439-70509386,5.48895046676018,2.02164489561691e-08,1.69129250181554e-05
chr12,119989005,119989869,865,*,0.112239686001591,BICDL1,chr12-119988561-119989449,5.48749248944306,2.03839672333075e-08,1.70165533058659e-05
chr21,42403447,42417729,14283,*,0.0539342752269441,UBASH3A,chr21-42417188-42418269,5.48501344030268,2.06718991446796e-08,1.72200453533155e-05
chr6,105757885,106086320,328436,*,0.104833388254764,PRDM1,chr6-105757411-105758358,5.48205773270015,2.10203491288728e-08,1.7452408555319e-05
chr7,139969374,140404433,435060,*,0.352753100093288,SLC37A3,chr7-139968928-139969820,5.48188931666352,2.1040374349753e-08,1.7452408555319e-05
chr10,132537820,132571648,33829,*,0.0678729892056603,INPP5A,chr10-132571255-132572040,5.48053215086735,2.12024223405086e-08,1.754948355476e-05
chr13,27131359,27171896,40538,*,0.0628718401474359,USP12,chr13-27130900-27131818,5.47966490946261,2.13066054854312e-08,1.75983533086999e-05
chr22,21763305,21867680,104376,*,0.0778326242452899,MAPK1,chr22-21762826-21763784,5.47648936709728,2.16923415509686e-08,1.78413559880342e-05
chr17,4948092,5237651,289560,*,0.0916070660367414,ENO3,chr17-5237443-5237858,5.47608322236027,2.174216202498e-08,1.78446849468684e-05
chr19,45769226,46109920,340695,*,0.099974041170596,SIX5,chr19-46109405-46110434,5.47424279541998,2.19693150669217e-08,1.79932382719949e-05
chr19,37506939,37779706,272768,*,0.0780044407313392,ZNF793,chr19-37779249-37780162,5.47310536044797,2.21108505730003e-08,1.80711935379147e-05
chr16,53457947,53504411,46465,*,0.0540605595797917,AKTIP,chr16-53457440-53458453,5.47214404241766,2.22311601066971e-08,1.81315109412471e-05
chr7,130070426,130207770,137345,*,0.391278421519178,TMEM209,chr7-130069977-130070874,5.47163007917973,2.22957430332881e-08,1.81340161735968e-05
chr10,6144934,6188766,43833,*,0.120049807672672,PFKFB3,chr10-6188323-6189209,5.47137976873614,2.23272620464342e-08,1.81340161735968e-05
chr7,2512529,2519614,7086,*,0.0782415894805953,LFNG,chr7-2519111-2520117,5.47066877417282,2.24170260575587e-08,1.8169069527217e-05
chr6,27814912,27893149,78238,*,0.0683125120765689,HIST1H2AM,chr6-27814480-27815343,5.47020550473904,2.24757025894982e-08,1.81788332073051e-05
chr8,100080722,100131268,50547,*,0.136345807787294,RGS22,chr8-100080279-100081164,5.46275232737343,2.3440423373858e-08,1.89198673564085e-05
chr5,170353487,170363809,10323,*,0.142939044481356,KCNIP1,chr5-170363317-170364301,5.4597833788735,2.38357935411947e-08,1.91992392223591e-05
chr10,87863113,88027657,164545,*,0.107623864898189,PTEN,chr10-88027225-88028089,5.45410564255492,2.46099677153736e-08,1.97819487294306e-05
chr4,77511753,77595366,83614,*,0.115015824941238,CXCL13,chr4-77594893-77595838,5.45294120311698,2.47717270865475e-08,1.97895642380015e-05
chr6,157700387,157761475,61089,*,0.104110881214036,SNX9,chr6-157761026-157761924,5.45312144753702,2.4746620993563e-08,1.97895642380015e-05
chr20,62952647,62952710,64,*,0.0896345603972988,SLC17A9,chr20-62952260-62953159,5.45327657352725,2.47250333745555e-08,1.97895642380015e-05
chr9,137025624,137204193,178570,*,0.101054010131231,TPRN,chr9-137025167-137026080,5.45220776466658,2.48741419752372e-08,1.98307443708183e-05
chr1,78303884,78340361,36478,*,0.172408026395195,PTGFR,chr1-78339872-78340849,5.45138931698832,2.49889118038469e-08,1.98815862133742e-05
chr1,192158457,192477231,318775,*,0.0854726180841179,RGS18,chr1-192476841-192477621,5.44904689467491,2.53202304986592e-08,2.0063297764966e-05
chr6,26158005,26197250,39246,*,0.0901592042058824,HIST1H3D,chr6-26157570-26158440,5.44926758526458,2.52888346258894e-08,2.0063297764966e-05
chr14,24311450,24634361,322912,*,0.0807959384914153,LTB4R,chr14-24633879-24634842,5.44110123217423,2.64761056805429e-08,2.09366384417262e-05
chr7,130881322,131110096,228775,*,0.354550815427726,MKLN1,chr7-130880884-130881760,5.43906263245334,2.67808123885634e-08,2.11095584124151e-05
chr14,72519077,72894116,375040,*,0.0757352848813389,DPF3,chr14-72518631-72519522,5.43891458658564,2.68030724842901e-08,2.11095584124151e-05
chr8,47627838,47739086,111249,*,0.1212211550144,CEBPD,chr8-47627383-47628292,5.43764449911198,2.69947803741e-08,2.11911852363111e-05
chr2,240560054,240705606,145553,*,0.0782754714143509,DUSP28,chr2-240705197-240706014,5.43611304122378,2.72277073191286e-08,2.13148115537689e-05
chr7,148697914,149028733,330820,*,0.395686039576522,CUL1,chr7-149028276-149029189,5.43556251461361,2.73119146097565e-08,2.13378848385627e-05
chr7,151057210,151520060,462851,*,0.472047320865444,SLC4A2,chr7-151519612-151520508,5.43274234769809,2.77472542501023e-08,2.15842351806699e-05
chr7,151058530,151080905,22376,*,0.318401707934091,CDK5,chr7-151080453-151081357,5.43244636575925,2.77933319841793e-08,2.15842351806699e-05
chr11,111540280,111540780,501,*,0.0909677791919674,LAYN,chr11-111540384-111541175,5.43061181994813,2.8080588067353e-08,2.17639630601067e-05
chr1,32364278,32520720,156443,*,0.0852297370545091,FAM229A,chr1-32520267-32521173,5.4274325970561,2.85852228770845e-08,2.20215276551488e-05
chr9,127917038,127921900,4863,*,0.0997456462161112,ST6GALNAC4,chr9-127921481-127922318,5.42709792134286,2.86388540296329e-08,2.20215276551488e-05
chr18,2847030,2983127,136098,*,0.0706411926690615,EMILIN2,chr18-2982680-2983573,5.42775331925242,2.85339190781138e-08,2.20215276551488e-05
chr22,23243430,23580308,336879,*,0.0685516105946499,IGLL1,chr22-23242820-23244039,5.42807695704109,2.84822393432172e-08,2.20215276551488e-05
chr3,149812708,149917248,104541,*,0.0903696836393132,RNF13,chr3-149916769-149917727,5.42343655880818,2.92319855887763e-08,2.24333622947945e-05
chr12,389454,674573,285120,*,0.07434882196355,KDM5A,chr12-674129-675017,5.42285999823359,2.93264652135185e-08,2.24616524880562e-05
chr19,35240395,35248330,7936,*,0.0617405867314219,LSR,chr19-35239909-35240880,5.42143254982144,2.95616527279482e-08,2.25973910574433e-05
chr6,105894055,106086320,192266,*,0.111609600777458,PRDM1,chr6-105893654-105894456,5.42066483775003,2.96888962831659e-08,2.26502457804008e-05
chr14,103319546,103523111,203566,*,0.0950370486759301,CKB,chr14-103319134-103319957,5.41620693888357,3.04383200476466e-08,2.31766405219045e-05
chr1,175192907,175192999,93,*,0.0855790437946055,KIAA0040,chr1-175192457-175193357,5.41384926090878,3.08420500840524e-08,2.34382746771306e-05
chr7,151080905,151227230,146326,*,0.398225564278409,ABCF2,chr7-151080453-151081357,5.41211792891711,3.11418232840091e-08,2.36200429784387e-05
chr1,114670130,114670422,293,*,0.121368367821492,DENND2C,chr1-114669701-114670558,5.40501864292233,3.24008262581574e-08,2.45272367347479e-05
chr14,100079207,100160163,80957,*,0.0522167327537199,DEGS2,chr14-100078781-100079632,5.40157926868743,3.30283684736609e-08,2.49538285003753e-05
chr2,226772998,226835581,62584,*,0.0739951635433539,RHBDD1,chr2-226772518-226773477,5.39949125959753,3.34150698949555e-08,2.51971602102286e-05
chr14,105742293,105917979,175687,*,0.166643242794322,FAM30A,chr14-105741915-105742671,5.39851516770956,3.35973440720783e-08,2.52369783837917e-05
chr17,3911459,3916500,5042,*,0.131813811896523,P2RX1,chr17-3911021-3911897,5.39869096602518,3.35644447540738e-08,2.52369783837917e-05
chr4,140756120,140790035,33916,*,0.141387944761233,TBC1D9,chr4-140789564-140790506,5.39531357446864,3.42019915007497e-08,2.56417592125967e-05
chr12,1529891,1530245,355,*,0.0964456728987521,WNT5B,chr12-1529781-1530709,5.39077305679452,3.50776133838405e-08,2.62477499672111e-05
chr7,155297695,155644451,346757,*,0.322990394882982,RBM33,chr7-155297258-155298132,5.38789401429563,3.56440339115382e-08,2.65383219935641e-05
chr11,121452203,121575369,123167,*,0.191008002110814,SORL1,chr11-121574924-121575814,5.38776232256091,3.56701536086196e-08,2.65383219935641e-05
chr6,26204552,26216774,12223,*,0.0963486324299837,HIST1H4E,chr6-26216342-26217206,5.38724009824193,3.5773914063359e-08,2.65648227531974e-05
chr7,151057210,151080905,23696,*,0.469081522375434,SLC4A2,chr7-151080453-151081357,5.38603970627712,3.60135288092873e-08,2.66919129911755e-05
chr6,27865355,27867499,2145,*,0.0998663577093171,HIST1H2AL,chr6-27867070-27867927,5.38268422372508,3.66916046500161e-08,2.71428756281178e-05
chr21,44873814,44939913,66100,*,0.151855311639901,LINC01547,chr21-44873364-44874264,5.38098886323754,3.70388889516632e-08,2.73478881355754e-05
chr17,14210488,14428455,217968,*,0.0594472818553011,AC005224.2,chr17-14428015-14428894,5.37963122376814,3.73192866300383e-08,2.75028327623699e-05
chr16,89505506,89657802,152297,*,0.113805263258178,SPATA33,chr16-89504965-89506047,5.37555049660193,3.81745249309246e-08,2.80800281006997e-05
chr2,218002995,218041743,38749,*,0.104025209321742,TNS1,chr2-218041285-218042200,5.37173406922472,3.89915283437829e-08,2.86269779809425e-05
chr20,45891287,46111402,220116,*,0.176109776193712,NEURL2,chr20-46110958-46111845,5.36606836333882,4.02357256613209e-08,2.94296024775184e-05
chr19,4109181,4304600,195420,*,0.0867672341110517,FSD1,chr19-4108719-4109643,5.36264312208411,4.10064698472852e-08,2.99371803050634e-05
chr7,155297776,155299156,1381,*,0.231161458463437,INSIG1,chr7-155298782-155299529,5.36064482445007,4.14627078036261e-08,3.02136814255313e-05
chr6,36840002,37221037,381036,*,0.0704663887747433,CPNE5,chr6-37220705-37221368,5.35915556807574,4.18059175366972e-08,3.04069413498442e-05
chr15,63276018,63294459,18442,*,0.111944322459439,APH1B,chr15-63294013-63294905,5.35724840015691,4.22494569332053e-08,3.06723189652215e-05
chr22,37582616,37696973,114358,*,0.0848007623968898,LGALS2,chr22-37696545-37697400,5.35651986626059,4.24200878738726e-08,3.07389518546561e-05
chr1,149812373,149888263,75891,*,0.0939900723429811,HIST2H2BF,chr1-149887809-149888717,5.33982787161007,4.6517435427605e-08,3.35831763635605e-05
chr7,129952949,130070426,117478,*,0.370462508472982,UBE2H,chr7-130069977-130070874,5.3364275504633,4.73978621505189e-08,3.41555477913199e-05
chr3,149129584,149146117,16534,*,0.0799659612612179,HPS3,chr3-149145733-149146500,5.33559725105829,4.76152852033951e-08,3.42489191275166e-05
chr6,127918631,127972273,53643,*,0.0759227730308546,THEMIS,chr6-127971806-127972740,5.33454169406768,4.78930887011003e-08,3.438529726759e-05
chr2,111157708,111265283,107576,*,0.0642532967461474,AC068491.2,chr2-111157253-111158162,5.33339322762247,4.8197126460497e-08,3.45399745310251e-05
chr3,183163839,183307022,143184,*,0.0644765273385782,LAMP3,chr3-183306566-183307478,5.33139867416078,4.8729597632638e-08,3.48574882500535e-05
chr19,35641745,35995149,353405,*,0.137773215607788,ETV2,chr19-35994730-35995567,5.32857375733562,4.94934990981617e-08,3.53390835355614e-05
chr19,12666742,12786490,119749,*,0.152572407750252,MAN2B1,chr19-12786066-12786913,5.32678921371084,4.99820280037856e-08,3.56226573698936e-05
chr8,2045040,2127432,82393,*,0.125642224205061,MYOM2,chr8-2126955-2127909,5.32637525752438,5.00960160063547e-08,3.56387445841412e-05
chr7,152463950,152759749,295800,*,0.42404518232102,ACTR3B,chr7-152463503-152464396,5.32505212722042,5.04620464483307e-08,3.58337517886605e-05
chr15,27933745,28099358,165614,*,0.16570967643689,OCA2,chr15-27933275-27934215,5.32206355314079,5.12983568321577e-08,3.63613945595097e-05
chr7,151080866,151520060,439195,*,0.387719906694844,FASTK,chr7-151519612-151520508,5.31895321795138,5.21829820469865e-08,3.69213065643952e-05
chr6,169751587,170148107,396521,*,0.0836453784730927,TCTE3,chr6-170147649-170148565,5.3174527769333,5.26149914606948e-08,3.71595283531428e-05
chr1,228416861,228465993,49133,*,0.082021531342028,TRIM17,chr1-228465514-228466472,5.31673562903946,5.28226944897002e-08,3.72387578520771e-05
chr10,70478710,70478821,112,*,0.174319894366244,PALD1,chr10-70478305-70479115,5.31523534759718,5.32597812549991e-08,3.74791195700792e-05
chr1,159800382,159800511,130,*,0.0672533582119534,FCRL6,chr1-159799952-159800811,5.31403893898102,5.3610845484154e-08,3.7657368520928e-05
chr7,151080866,151227313,146448,*,0.389877466541926,FASTK,chr7-151226856-151227769,5.31371340397962,5.37067547070393e-08,3.7657368520928e-05
chr7,151085831,151520060,434230,*,0.385688122575164,AGAP3,chr7-151519612-151520508,5.31338775266831,5.3802864333534e-08,3.7657368520928e-05
chr7,151227230,151227313,84,*,0.389709673995017,ABCF2,chr7-151226856-151227769,5.31240438695338,5.40940968250326e-08,3.7793354543786e-05
chr16,88977191,88977204,14,*,0.0946752786023216,CBFA2T3,chr16-88976672-88977710,5.31059858107121,5.46328803991549e-08,3.81014985498593e-05
chr7,130441151,130668748,227598,*,0.407431948294335,COPG2,chr7-130440705-130441597,5.30825615903766,5.53395120112049e-08,3.85253918510576e-05
chr14,24339969,24340045,77,*,0.0742871691327973,RIPK3,chr14-24339513-24340425,5.30427020744644,5.6562322139806e-08,3.93064784507088e-05
chr8,9075063,9151574,76512,*,0.0874003267784912,PPP1R3B,chr8-9074624-9075502,5.29456927190004,5.96486307825034e-08,4.13774697648052e-05
chr12,7503893,7555998,52106,*,0.174140656572642,CD163,chr12-7555546-7556450,5.29326016409943,6.00773955966203e-08,4.15271149434993e-05
chr17,35218574,35373701,155128,*,0.0717242322425261,SLFN11,chr17-35218109-35219038,5.2934234628965,6.00237488991057e-08,4.15271149434993e-05
chr5,17065598,17255769,190172,*,0.140476688765138,BASP1,chr5-17255271-17256266,5.2918539191662,6.05412972119584e-08,4.17737093817282e-05
chr7,128739292,129224865,485574,*,0.460406884285659,CALU,chr7-129224411-129225318,5.2895916355433,6.12948763666917e-08,4.2160616999771e-05
chr19,6670183,6670588,406,*,0.0739323987303286,TNFSF14,chr19-6669762-6670604,5.28952168781652,6.13183203853518e-08,4.2160616999771e-05
chrX,1336616,1504507,167892,*,0.0908881712858127,IL3RA,chrX-1504109-1504904,5.28720970083039,6.20981182773564e-08,4.26216119835633e-05
chr3,46163604,46361331,197728,*,0.0543075222539274,CCR3,chr3-46360882-46361779,5.2859239136341,6.25359374561296e-08,4.28466788912953e-05
chr6,26055381,26197250,141870,*,0.0899003471790875,HIST1H3D,chr6-26054978-26055783,5.27933813227594,6.48256776800973e-08,4.43375791139321e-05
chr6,118548298,118800656,252359,*,0.0545708101063908,PLN,chr6-118800206-118801105,5.27721439076411,6.55812017209154e-08,4.47199351762786e-05
chr7,151028422,151080905,52484,*,0.398963022303186,ABCB8,chr7-151080453-151081357,5.27712234782502,6.56141379826994e-08,4.47199351762786e-05
chr17,36072664,36210924,138261,*,0.0663095356053676,CCL4L2,chr17-36072169-36073159,5.27491343673896,6.64093828152277e-08,4.51829506270195e-05
chr19,54208307,54242791,34485,*,0.15056481218692,LILRA6,chr19-54207870-54208744,5.27146062200152,6.7671164025632e-08,4.59612171388862e-05
chr17,4766565,4786433,19869,*,0.102664856959409,VMO1,chr17-4766251-4766879,5.26827235710318,6.88568408893822e-08,4.66851776250564e-05
chr9,136728271,137221581,493311,*,0.1156951181009,RNF208,chr9-136727816-136728726,5.267752218251,6.90521710765502e-08,4.67363315946792e-05
chr2,30231531,30253192,21662,*,0.0666586425900688,LBH,chr2-30252793-30253591,5.26114286983438,7.15813677954146e-08,4.836419306374e-05
chr7,44000889,44040741,39853,*,0.0685606527581867,SPDYE1,chr7-44040335-44041147,5.25904776307169,7.24016392478109e-08,4.86031107841574e-05
chr7,135211534,135211644,111,*,0.474985921617654,WDR91,chr7-135211186-135212101,5.25951195787372,7.22191184303458e-08,4.86031107841574e-05
chr11,118876972,119121587,244616,*,0.0705108896196568,HINFP,chr11-118876536-118877407,5.25955720101228,7.22013527050567e-08,4.86031107841574e-05
chr19,6767588,7183370,415783,*,0.0500994879556979,SH2D3A,chr19-7182898-7183842,5.25896644227245,7.24336603777727e-08,4.86031107841574e-05
chrX,38006582,38206498,199917,*,0.160258568181363,SYTL5,chrX-38206029-38206966,5.2563134803758,7.34858439203224e-08,4.91399712247436e-05
chr7,149028733,149497817,469085,*,0.279906004188781,ZNF746,chr7-149028276-149029189,5.25587650753724,7.36605623985388e-08,4.91405045949836e-05
chr12,9870136,10293741,423606,*,0.0630974187543286,CLEC2B,chr12-10293315-10294167,5.25478684163459,7.40980044545554e-08,4.91405045949836e-05
chr19,51342124,51751830,409707,*,0.102098946751327,VSIG10L,chr19-51751312-51752347,5.25473994505379,7.41168871824445e-08,4.91405045949836e-05
chr19,54102692,54208307,105616,*,0.206968730467787,OSCAR,chr19-54207870-54208744,5.25560024004919,7.3771231949026e-08,4.91405045949836e-05
chr7,149028733,149195485,166753,*,0.255102123923278,ZNF282,chr7-149028276-149029189,5.25269674854943,7.49441059508584e-08,4.94367336601591e-05
chr7,152436005,152463950,27946,*,0.33200253685124,KMT2C,chr7-152463503-152464396,5.25291844248963,7.48539197849168e-08,4.94367336601591e-05
chr7,156438175,156893230,455056,*,0.28224884783002,LMBR1,chr7-156437720-156438630,5.25302647721975,7.48100087806058e-08,4.94367336601591e-05
chr7,155297695,155297776,82,*,0.266048000575254,INSIG1,chr7-155297258-155298132,5.25194759706294,7.52496426066775e-08,4.94515322533722e-05
chr14,52176168,52553148,376981,*,0.101491256895075,GPR137C,chr14-52175744-52176592,5.25189582513414,7.52708019015996e-08,4.94515322533722e-05
chr17,82687659,82698728,11070,*,0.128663587040808,RAB40B,chr17-82687304-82688014,5.25170930487654,7.53470808370948e-08,4.94515322533722e-05
chr9,99104038,99595981,491944,*,0.0868957764057028,TGFBR1,chr9-99595508-99596454,5.25055972228195,7.58188646430635e-08,4.96775395274414e-05
chr7,152025674,152463950,438277,*,0.355106437303529,GALNT11,chr7-152463503-152464396,5.25005476701784,7.60269980107086e-08,4.97303309202529e-05
chr15,70098176,70509653,411478,*,0.0982331551591315,TLE3,chr15-70509222-70510084,5.24877490747646,7.6557010933095e-08,4.99931387375024e-05
chr6,26124054,26199243,75190,*,0.0749488417905399,HIST1H2AD,chr6-26123597-26124510,5.24578887834296,7.78075099766101e-08,5.04715696828642e-05
chr7,151277896,151520060,242165,*,0.337688413696442,SMARCD3,chr7-151519612-151520508,5.24654754141031,7.74879356183447e-08,5.04715696828642e-05
chr15,44676843,44711316,34474,*,0.0799394348507463,PATL2,chr15-44676623-44677062,5.24608550358208,7.7682410011681e-08,5.04715696828642e-05
chr22,45163867,45413691,249825,*,0.105456414153982,RIBC2,chr22-45163454-45164280,5.24618362980606,7.76410686811386e-08,5.04715696828642e-05
chr3,44729596,45035065,305470,*,0.097558991462991,ZNF501,chr3-45034591-45035539,5.24250324370107,7.92063031104796e-08,5.12096890872337e-05
chr15,51332487,51341629,9143,*,0.13772018287819,GLDN,chr15-51332099-51332875,5.24249902142935,7.9208116207181e-08,5.12096890872337e-05
chr7,129224865,129225023,159,*,0.451166251434438,AHCYL2,chr7-129224411-129225318,5.24108715478346,7.98166453503397e-08,5.15176801707295e-05
chr1,160739265,160862855,123591,*,0.0660704211232279,CD244,chr1-160738869-160739660,5.24055084717289,8.00489822189089e-08,5.15822410181919e-05
chr7,151058530,151059678,1149,*,0.361662798907244,CDK5,chr7-151059241-151060114,5.240017280845,8.02807804250002e-08,5.16462422611339e-05
chr18,58671386,58688100,16715,*,0.0588632101590447,MALT1,chr18-58687660-58688539,5.23900102552507,8.07240707761825e-08,5.18458656346562e-05
chr12,119989869,120014012,24144,*,0.0616270019820045,BICDL1,chr12-120013593-120014431,5.23633473808222,8.18983851533522e-08,5.25135678434287e-05
chr14,24332489,24430954,98466,*,0.0961102986200251,CBLN3,chr14-24331981-24332996,5.23593998332865,8.20736449913427e-08,5.25395314403365e-05
chr7,151080866,151080905,40,*,0.390225708424295,FASTK,chr7-151080453-151081357,5.2336426828514,8.31007995432453e-08,5.3109857218907e-05
chr7,134744252,135211644,467393,*,0.490431860359361,CALD1,chr7-135211186-135212101,5.22915263725811,8.5144365482311e-08,5.43268431620457e-05
chr11,114059546,114059593,48,*,0.180154505172931,ZBTB16,chr11-114059096-114059996,5.22858643014025,8.54054891245704e-08,5.44044129839739e-05
chr19,38433699,38637099,203401,*,0.0696083426137266,RYR1,chr19-38636666-38637532,5.22778724514512,8.57753756879649e-08,5.45509001022912e-05
chr10,30433937,30434090,154,*,0.201183208417807,MAP3K8,chr10-30433727-30434452,5.2263363917567,8.64508356692111e-08,5.48909302724972e-05
chr6,26020354,26043657,23304,*,0.068006837755888,HIST1H2BB,chr6-26019988-26020720,5.22395671463985,8.756986852753e-08,5.55110380247067e-05
chr12,66188879,66189184,306,*,0.206316004429485,IRAK3,chr12-66188730-66189637,5.22236435228579,8.83264768954865e-08,5.58997624523688e-05
chr7,151085831,151227313,141483,*,0.384368128383868,AGAP3,chr7-151226856-151227769,5.22147710427528,8.8750789046406e-08,5.60772651723168e-05
chr19,38046310,38244035,197726,*,0.140705115943446,SPINT2,chr19-38045808-38046811,5.22107808551285,8.89422551478397e-08,5.61073075305754e-05
chr7,139777778,139969374,191597,*,0.297003572677324,HIPK2,chr7-139968928-139969820,5.21930907265812,8.97959227614823e-08,5.65543135386259e-05
chr19,3539154,3666051,126898,*,0.0940002806857634,C19orf71,chr19-3665614-3666488,5.21819381661177,9.0338173959732e-08,5.68040609589507e-05
chr10,96645485,96720514,75030,*,0.159239794990695,PIK3AP1,chr10-96645039-96645930,5.21664409773563,9.10969245987544e-08,5.71889182748367e-05
chr7,130441151,130442433,1283,*,0.406718295170418,CEP41,chr7-130440705-130441597,5.21476297793114,9.20262107482018e-08,5.76794249398842e-05
chr3,48989886,49416368,426483,*,0.071711987381982,P4HTM,chr3-49415965-49416771,5.21417697228503,9.2317568897316e-08,5.77691635148578e-05
chr1,145845629,146007316,161688,*,0.0553284739104042,NUDT17,chr1-146006869-146007762,5.21360622002189,9.26022002496992e-08,5.78544118136951e-05
chr14,20715323,20781051,65729,*,0.163281335536169,RNASE6,chr14-20714881-20715765,5.21094755317937,9.39392819060529e-08,5.85958670874216e-05
chr11,122655675,122717672,61998,*,0.111775454849584,UBASH3B,chr11-122717224-122718119,5.209129316359,9.48644245272838e-08,5.90784115508157e-05
chr6,70399363,70412941,13579,*,0.149631033358888,FAM135A,chr6-70398920-70399805,5.20665202775051,9.61390861346106e-08,5.97767384493624e-05
chr8,141119707,141391993,272287,*,0.108304127014637,PTP4A3,chr8-141119292-141120122,5.2049269151182,9.70364853975225e-08,6.02386431611384e-05
chr7,131072201,131110096,37896,*,0.316823909507456,MKLN1,chr7-131071765-131072637,5.19975746866842,9.9774367096017e-08,6.18398037537622e-05
chr6,32184324,32668559,484236,*,0.0585202748776238,AGER,chr6-32668058-32669060,5.19640109481684,1.01591811442188e-07,6.2656190898366e-05
chr7,151080905,151341699,260795,*,0.402742977331249,NUB1,chr7-151080453-151081357,5.19680877693449,1.0136936007075e-07,6.2656190898366e-05
chr19,6279948,6552091,272144,*,0.0809080895290108,MLLT1,chr19-6551641-6552541,5.19654992955725,1.01510545278429e-07,6.2656190898366e-05
chrX,78139601,78139706,106,*,0.0983430158637155,TAF9B,chrX-78139172-78140029,5.19614018446517,1.0173442444483e-07,6.2656190898366e-05
chr7,135211644,135557919,346276,*,0.399452676360605,NUP205,chr7-135211186-135212101,5.19561406341408,1.02022589695453e-07,6.27345593658547e-05
chr7,151227313,151341699,114387,*,0.395481465419109,NUB1,chr7-151226856-151227769,5.19521897670655,1.02239503712218e-07,6.27689370097882e-05
chr17,7251416,7437208,185793,*,0.093779769725107,ELP5,chr17-7436772-7437644,5.19479233279372,1.0247424407941e-07,6.28141336522738e-05
chr22,41926324,41926818,495,*,0.0723672533385464,TNFRSF13C,chr22-41926057-41926590,5.19374594257442,1.03052177635012e-07,6.29703723438317e-05
chr7,151028400,151227230,198831,*,0.395133337271953,ABCF2,chr7-151027967-151028833,5.18847476475766,1.06011743365545e-07,6.46774494124324e-05
chr6,26032123,26204552,172430,*,0.0864047614158504,HIST1H4E,chr6-26031694-26032552,5.18769185483347,1.06458264227259e-07,6.48483862898831e-05
chr6,26026232,26216975,190744,*,0.0504157371654464,HIST1H2AE,chr6-26025906-26026557,5.18592836607906,1.07470710965175e-07,6.51596759116568e-05
chr16,66977775,67159931,182157,*,0.0721534738897232,FBXL8,chr16-66977304-66978245,5.18606731453594,1.07390601958045e-07,6.51596759116568e-05
chrX,153882263,153909223,26961,*,0.176128329821978,L1CAM,chrX-153881825-153882700,5.18645502998822,1.07167374461867e-07,6.51596759116568e-05
chr7,130070426,130070510,85,*,0.365835682033437,KLHDC10,chr7-130069977-130070874,5.18500514312719,1.08004452107532e-07,6.52111553511908e-05
chr7,151341699,151520060,178362,*,0.40765084439001,NUB1,chr7-151519612-151520508,5.18491374172008,1.08057432966534e-07,6.52111553511908e-05
chr20,43736749,43914864,178116,*,0.0941308648926319,TOX2,chr20-43736264-43737234,5.18543147896055,1.07757657823582e-07,6.52111553511908e-05
chr2,119759631,119929685,170055,*,0.0603113206558464,PTPN4,chr2-119929235-119930134,5.18336205218332,1.08960711892027e-07,6.56546390301863e-05
chr10,87659613,87862313,202701,*,0.122460417361292,PAPSS2,chr10-87861930-87862695,5.18185117439869,1.09847241838529e-07,6.60866773537563e-05
chr7,29122274,29248928,126655,*,0.106348872443529,CHN2,chr7-29248520-29249335,5.17988273377401,1.11012714435102e-07,6.66849441416846e-05
chr6,26032123,26056428,24306,*,0.103140516385986,HIST1H1C,chr6-26031694-26032552,5.17720044803992,1.12620089697224e-07,6.75464110902189e-05
chr6,26158005,26285638,127634,*,0.0690436854854619,HIST1H4H,chr6-26157570-26158440,5.17610387167712,1.13283675214089e-07,6.78400420116178e-05
chr19,16134028,16367429,233402,*,0.0641944784769648,HSH2D,chr19-16367060-16367798,5.17468891160528,1.1414551282142e-07,6.82513135957917e-05
chr7,151058530,151520060,461531,*,0.323663364529812,CDK5,chr7-151519612-151520508,5.17176128541571,1.15948859465947e-07,6.91175760864193e-05
chr17,36082698,36090169,7472,*,0.0914210153051408,CCL3,chr17-36082254-36083142,5.17201708636534,1.15790201167875e-07,6.91175760864193e-05
chr1,203299566,203305491,5926,*,0.0917727319889228,BTG2,chr1-203299187-203299944,5.17087994338979,1.16497114289141e-07,6.92610626347996e-05
chr3,129606818,129606868,51,*,0.188838332642141,PLXND1,chr3-129606411-129607324,5.17023450916111,1.16900206267245e-07,6.92610626347996e-05
chr7,149028733,149262171,233439,*,0.236002286376025,ZNF783,chr7-149028276-149029189,5.17043660895038,1.16773844526278e-07,6.92610626347996e-05
chr10,69451473,69939370,487898,*,0.0943910685786473,TSPAN15,chr10-69938909-69939831,5.17077806419461,1.1656065135774e-07,6.92610626347996e-05
chr7,47475434,47582558,107125,*,0.208478528861972,TNS3,chr7-47474980-47475888,5.16977997271426,1.17184885461498e-07,6.93243732426947e-05
chr2,148813904,148875250,61347,*,0.100654881383688,KIF5C,chr2-148813457-148814351,5.16877884985454,1.17814259535197e-07,6.95910980429023e-05
chr2,234951973,234965229,13257,*,0.111504382075494,SH3BP4,chr2-234964775-234965683,5.16749922814722,1.18623473196549e-07,6.98573992033548e-05
chr5,143009253,143435512,426260,*,0.0798804277637677,NR3C1,chr5-143008799-143009706,5.16461957555749,1.20464209556151e-07,7.08344087841399e-05
chr2,218323138,218382029,58892,*,0.164237751225815,SLC11A1,chr2-218322675-218323601,5.16252205989752,1.21822325711472e-07,7.15251164507059e-05
chr13,30307484,30346627,39144,*,0.0743638713487574,KATNAL1,chr13-30346196-30347057,5.16182661121011,1.22275876763652e-07,7.16834512903208e-05
chr1,203290612,203305491,14880,*,0.12367434997696,BTG2,chr1-203290173-203291050,5.16064516100173,1.2305012576799e-07,7.20231848599748e-05
chr15,90830088,90868592,38505,*,0.134809812182182,FURIN,chr15-90829647-90830529,5.15923564757303,1.23980029898991e-07,7.23560817607507e-05
chr5,95823005,95961863,138859,*,0.107935829210651,GLRX,chr5-95961454-95962272,5.15878553445829,1.2427841233892e-07,7.24218050929038e-05
chr3,133399995,133491174,91180,*,0.0641417583051184,BFSP2,chr3-133490724-133491624,5.15753610371348,1.25110306726683e-07,7.2602988868453e-05
chr6,26026232,26033568,7337,*,0.0516762604108619,HIST1H2AB,chr6-26025906-26026557,5.15747964201862,1.25148026737327e-07,7.2602988868453e-05
chr7,129952949,130441151,488203,*,0.391876204175741,UBE2H,chr7-130440705-130441597,5.15793824418375,1.2484196875466e-07,7.2602988868453e-05
chr3,121894089,121995363,101275,*,0.175972242747952,SLC15A2,chr3-121994921-121995805,5.15447264430427,1.2717284269849e-07,7.366803428186e-05
chr19,39104251,39315336,211086,*,0.0757450638099184,LRFN1,chr19-39103832-39104670,5.15343503512518,1.27878851398222e-07,7.39671008535601e-05
chr17,49739844,49848017,108174,*,0.0668216068923747,TAC4,chr17-49739397-49740290,5.14898561526569,1.30949481851809e-07,7.56309887390987e-05
chr11,128305082,128587558,282477,*,0.0830753111482774,ETS1,chr11-128304641-128305523,5.14470317823888,1.33972059903259e-07,7.7262241860067e-05
chr1,94034004,94275068,241065,*,0.15354901622022,ARHGAP29,chr1-94033510-94034498,5.14385378989968,1.34579521354765e-07,7.7497925493645e-05
chr7,116614820,116631120,16301,*,0.165797169077656,LINC01510,chr7-116630667-116631573,5.14125856478276,1.36452088717017e-07,7.84603535258205e-05
chr20,56579519,56629302,49784,*,0.143921621733117,TFAP2C,chr20-56579102-56579935,5.14090031115083,1.36712552669028e-07,7.84943476923799e-05
chr7,150567277,151058110,490834,*,-0.158106997868322,GIMAP4,chr7-151057655-151058565,-5.13795103966492,1.3887510959733e-07,7.96187341569683e-05
chr1,68497145,68497221,77,*,0.197286348499118,DEPDC1,chr1-68496714-68497576,5.13389053206539,1.41906605787654e-07,8.12372600286765e-05
chr9,99296549,99377240,80692,*,0.138635279200854,NAMA,chr9-99296146-99296951,5.13205244969283,1.43299801621601e-07,8.19145370407394e-05
chr4,70945027,70992538,47512,*,0.0828684240175697,DCK,chr4-70944585-70945468,5.12895834790985,1.45674895466884e-07,8.31502918705059e-05
chr1,204073140,204152003,78864,*,0.139996312903526,ETNK2,chr1-204072723-204073557,5.12833046498209,1.46161489148175e-07,8.3306065595606e-05
chr12,108339341,108339417,77,*,0.202953947000537,CMKLR1,chr12-108339024-108339810,5.12740795546386,1.46879259229558e-07,8.35929532396519e-05
chr7,151057210,151227313,170104,*,0.466597095689469,SLC4A2,chr7-151226856-151227769,5.1264173615275,1.47653792838755e-07,8.39112630404872e-05
chr1,24965121,24965191,71,*,0.133669336703812,RUNX3,chr1-24964757-24965625,5.12516124262936,1.4864161008614e-07,8.43496782755486e-05
chr5,139384553,139492693,108141,*,0.0655570437064278,SLC23A1,chr5-139492143-139493243,5.12383438844672,1.49691983582116e-07,8.45764046137032e-05
chr5,172413006,172771195,358190,*,0.229556099844095,DUSP1,chr5-172412541-172413471,5.11681710276008,1.55367334421057e-07,8.72572548075069e-05
chr11,68004982,68146315,141334,*,0.152958217139971,UNC93B1,chr11-68145848-68146781,5.11703971248377,1.5518414622235e-07,8.72572548075069e-05
chr14,101823774,102139503,315730,*,0.0679580209127796,WDR20,chr14-101823371-101824176,5.11659847190274,1.55547451577646e-07,8.72572548075069e-05
chrX,65034907,65366638,331732,*,0.0583182923494982,ZC3H12B,chrX-65034478-65035336,5.11763349328486,1.54696536337091e-07,8.72572548075069e-05
chr12,52249300,52305060,55761,*,0.0577420789840376,KRT86,chr12-52304581-52305539,5.1160045275755,1.56037785908593e-07,8.74017857931564e-05
chr7,151080905,151277896,196992,*,0.333222488450432,SMARCD3,chr7-151080453-151081357,5.11344193693142,1.58170511442208e-07,8.84692829652334e-05
chr3,56468363,56758468,290106,*,0.161304905129354,ERC2,chr3-56758024-56758912,5.11190608273718,1.59462191103931e-07,8.89365581205291e-05
chr11,47378576,47393377,14802,*,0.14125827059348,SPI1,chr11-47392909-47393844,5.11198513182498,1.59395461605569e-07,8.89365581205291e-05
chr3,63819362,64311702,492341,*,0.096045954197431,C3orf49,chr3-64311316-64312088,5.11136550095181,1.59919248070483e-07,8.89370024233578e-05
chr7,151059678,151080866,21189,*,0.42905004438827,FASTK,chr7-151059241-151060114,5.11148084993295,1.59821615539095e-07,8.89370024233578e-05
chr7,129952891,130442433,489543,*,0.393254179299819,CEP41,chr7-129952468-129953313,5.11065328324849,1.60523352863005e-07,8.90189902707658e-05
chr17,36103590,36210894,107305,*,0.107936296150072,CCL4,chr17-36210432-36211355,5.11070006247988,1.60483607096579e-07,8.90189902707658e-05
chr10,6580370,6580419,50,*,0.074180741636161,PRKCQ-AS1,chr10-6579934-6580805,5.10993170687324,1.61137642234314e-07,8.92327160516074e-05
chr12,54009106,54419274,410169,*,0.157690515134778,HOXC8,chr12-54418826-54419721,5.10843069895585,1.62422753016781e-07,8.98167873887918e-05
chr7,151059678,151277896,218219,*,0.380592553237032,SMARCD3,chr7-151059241-151060114,5.10790194858406,1.62877802949398e-07,8.99408459425337e-05
chr22,21735834,21763305,27472,*,0.0811218327327221,YPEL1,chr22-21762826-21763784,5.10476579817815,1.65602222917617e-07,9.13159233506068e-05
chr7,107935179,108130356,195178,*,0.175163350699735,LAMB4,chr7-107934705-107935653,5.1006607791138,1.69234858855586e-07,9.29024223911067e-05
chr7,135211644,135510127,298484,*,0.353224516024025,CNOT4,chr7-135211186-135212101,5.10043981720613,1.6943255984342e-07,9.29024223911067e-05
chr11,33892289,34309463,417175,*,0.0659883864174349,LMO2,chr11-34309000-34309926,5.10091841291857,1.69004627647199e-07,9.29024223911067e-05
chr17,7558292,8041413,483122,*,0.151272630550209,TNFSF13,chr17-8040969-8041856,5.10103444607421,1.68901034855788e-07,9.29024223911067e-05
chr6,26055381,26189076,133696,*,0.0763124179913563,HIST1H4D,chr6-26054978-26055783,5.09892545943553,1.70793511692177e-07,9.34805221408649e-05
chr14,24146796,24311430,164635,*,0.0593333164949745,CIDEB,chr14-24146555-24147037,5.09873386282636,1.70966449540946e-07,9.34805221408649e-05
chr7,151028400,151520120,491721,*,0.389099967276404,RHEB,chr7-151027967-151028833,5.09840725975222,1.71261635888841e-07,9.35107720931883e-05
chr7,151085831,151086282,452,*,0.437269605708603,AGAP3,chr7-151085835-151086729,5.09793990815855,1.7168488763972e-07,9.36107647777902e-05
chr9,137194591,137221581,26991,*,0.105970866557433,RNF208,chr9-137194134-137195048,5.09599771891271,1.73454651670451e-07,9.43119147322577e-05
chr18,6256747,6294635,37889,*,0.107376028855022,L3MBTL4-AS1,chr18-6294183-6295086,5.09624356670291,1.7322966033552e-07,9.43119147322577e-05
chr2,233354507,233385712,31206,*,0.0651572671124891,DGKD,chr2-233385264-233386160,5.09474436853617,1.7460606582785e-07,9.48057436979372e-05
chr6,26156337,26240426,84090,*,0.10454652017542,HIST1H4F,chr6-26155904-26156769,5.09271262990282,1.76488250571242e-07,9.56944331873435e-05
chr3,132283472,132317367,33896,*,0.122353400839428,ACPP,chr3-132283044-132283900,5.08978890692169,1.7923116634376e-07,9.70467064742328e-05
chr2,196160293,196593692,433400,*,0.0532553336442287,HECW2,chr2-196159844-196160741,5.08834323078334,1.80602597171105e-07,9.75838328824432e-05
chr22,39040961,39090769,49809,*,0.0770006836140036,APOBEC3G,chr22-39090338-39091199,5.08821599669878,1.80723780668366e-07,9.75838328824432e-05
chr6,26032060,26233863,201804,*,0.0874064975013053,HIST1H3B,chr6-26233452-26234274,5.08775039899073,1.81167906404847e-07,9.7688341144872e-05
chr6,26055381,26204552,149172,*,0.0754761135717822,HIST1H4E,chr6-26054978-26055783,5.08654080223031,1.82326648955136e-07,9.81773601498035e-05
chr12,57549998,57720608,170611,*,0.141152975566994,KIF5A,chr12-57720168-57721048,5.08268807226627,1.86065272048672e-07,0.000100052301294785
chr7,130853720,130913390,59671,*,0.378774528808056,AC016831.7,chr7-130912954-130913826,5.08225345174625,1.86491634998945e-07,0.00010014343923913
chr7,151083546,151227313,143768,*,0.27731249176179,TMUB1,chr7-151226856-151227769,5.08194122771113,1.86798508750952e-07,0.000100170250665167
chr7,155230397,155297776,67380,*,0.257216348187793,INSIG1,chr7-155229943-155230850,5.0813441979725,1.87386665203661e-07,0.000100347618410684
chr6,26032123,26197250,165128,*,0.0832387986854021,HIST1H3D,chr6-26031694-26032552,5.077327567643,1.91390311480074e-07,0.00010235102292336
chr9,35617089,35749287,132199,*,0.0721455677830662,RGP1,chr9-35616659-35617518,5.07687949951638,1.91842015605565e-07,0.000102452045846384
chr4,74445134,74445152,19,*,0.0890238185059893,AREG,chr4-74444713-74445591,5.07353714350434,1.95244104918023e-07,0.00010412627194323
chr16,57893949,57999546,105598,*,0.0857089889218474,USB1,chr16-57893520-57894377,5.07320685014787,1.95583444609921e-07,0.000104164750065665
chr6,26197250,26233863,36614,*,0.0939509496115812,HIST1H3D,chr6-26233452-26234274,5.07253545592942,1.9627498260466e-07,0.000104390442726319
chr19,6591050,6767588,176539,*,0.0612989229174353,SH2D3A,chr19-6590661-6591438,5.07218685868561,1.96634968741334e-07,0.000104439422116821
chr9,137277749,137461935,184187,*,0.0861330187984129,TOR4A,chr9-137461489-137462380,5.07020079074544,1.98698109491521e-07,0.000105391639974814
chr2,229922302,230269098,346797,*,0.108300702620225,FBXO36,chr2-230268618-230269577,5.0694820623923,1.99449864125025e-07,0.000105646641887051
chr19,51751830,51752026,197,*,0.116488995394115,FPR2,chr19-51751312-51752347,5.06676778638261,2.02313693675182e-07,0.000107018179249195
chr19,35248616,35745445,496830,*,0.0800791827794647,U2AF1L4,chr19-35248207-35249024,5.06622898722318,2.02886880812679e-07,0.000107175956989952
chr19,51225064,51651599,426536,*,0.152484251543017,CD33,chr19-51651147-51652050,5.06365170722882,2.05650394830019e-07,0.000108488792591708
chr7,129952891,129952949,59,*,0.374589278152248,UBE2H,chr7-129952468-129953313,5.0614728634817,2.08014980454494e-07,0.000109587913729926
chrX,47483571,47796631,313061,*,0.0866522537042369,LINC01560,chrX-47796234-47797027,5.06065078894053,2.08913933125788e-07,0.000109868129344748
chrX,110002631,110108458,105828,*,0.114676376363861,TMEM164,chrX-110107993-110108923,5.06047147472712,2.0911051366622e-07,0.000109868129344748
chr17,78168558,78442915,274358,*,0.125644209361844,SYNGR2,chr17-78442465-78443365,5.05872029890415,2.11039717430053e-07,0.000110629683457517
chr18,2571511,2636984,65474,*,0.0770187279880063,NDC80,chr18-2636580-2637387,5.0586409700671,2.11127516320021e-07,0.000110629683457517
chr7,151059678,151341699,282022,*,0.439152635273749,NUB1,chr7-151059241-151060114,5.05790114194009,2.1194803563102e-07,0.000110910557834663
chr2,43131455,43226609,95155,*,0.129630093265837,ZFP36L2,chr2-43131005-43131905,5.05670540929075,2.13280692201285e-07,0.000111364251601211
chr14,20715323,20803278,87956,*,0.209673784330365,RNASE1,chr14-20714881-20715765,5.05661091451006,2.13386351605492e-07,0.000111364251601211
chrX,48919024,48938847,19824,*,0.130449737224303,PIM2,chrX-48938428-48939265,5.05446637120924,2.15797897187919e-07,0.000112472248415113
chr2,165959502,166149214,189713,*,0.158505638799287,SCN1A,chr2-165959035-165959968,5.05379226964021,2.16561342650371e-07,0.00011269462210264
chr3,46107900,46163604,55705,*,0.0628262616945874,CCR3,chr3-46107519-46108281,5.05325165034639,2.1717549654924e-07,0.00011269462210264
chr7,151028400,151341699,313300,*,0.391942011575299,NUB1,chr7-151027967-151028833,5.05295070470708,2.17518104231937e-07,0.00011269462210264
chr14,105858321,105917979,59659,*,0.0965861648625907,FAM30A,chr14-105857878-105858764,5.05281750356098,2.17669911769819e-07,0.00011269462210264
chr19,54208307,54370558,162252,*,0.258018329335903,LAIR1,chr19-54207870-54208744,5.05296300023649,2.17504096334382e-07,0.00011269462210264
chr15,74957219,75131112,173894,*,0.120475441569122,SCAMP5,chr15-75130612-75131611,5.05224433964045,2.18324305859558e-07,0.00011288351099199
chr1,157700857,157700950,94,*,0.0837329489062372,FCRL3,chr1-157700499-157701400,5.05087340119718,2.19897245002174e-07,0.000113491779739391
chr17,3916500,3961676,45177,*,0.138236514989205,P2RX1,chr17-3961229-3962123,5.05071215353797,2.20082968621372e-07,0.000113491779739391
chr16,27402162,27450010,47849,*,0.100581945488863,IL21R,chr16-27449597-27450422,5.04939756649047,2.21602754306875e-07,0.000114124540253691
chr7,151059678,151227230,167553,*,0.434529575413743,ABCF2,chr7-151059241-151060114,5.04612634389957,2.25428664345161e-07,0.000115941709303812
chr8,141391993,141431617,39625,*,0.11305686117904,PTP4A3,chr8-141431122-141432112,5.0450239640487,2.26732265155472e-07,0.000116458533643466
chr13,48001354,48403400,402047,*,0.0569284969024442,SUCLA2,chr13-48402964-48403836,5.04423789273404,2.27666258742251e-07,0.000116784403030505
chr22,41747108,41800679,53572,*,0.0707479523178022,CCDC134,chr22-41746649-41747566,5.04207258767339,2.30258261044528e-07,0.000117958795774943
chr7,129224865,129611714,386850,*,0.255685965598514,NRF1,chr7-129224411-129225318,5.03629596436069,2.37313258093293e-07,0.00012104374569187
chr7,130051451,130070426,18976,*,0.329141480421555,ZC3HC1,chr7-130069977-130070874,5.03612750131417,2.3752209929481e-07,0.00012104374569187
chr10,45374176,45419383,45208,*,0.180512742591114,ALOX5,chr10-45418959-45419806,5.03680277624499,2.36686038063587e-07,0.00012104374569187
chr12,12385259,12725917,340659,*,0.0844444386520125,APOLD1,chr12-12384759-12385758,5.03648876592844,2.37074462113032e-07,0.00012104374569187
chr6,26027303,26204552,177250,*,0.0986878361150513,HIST1H4E,chr6-26026848-26027757,5.03413811699578,2.4000175579043e-07,0.000122147734332129
chr19,46523078,46918676,395599,*,0.0631024197251455,ARHGAP35,chr19-46522644-46523511,5.03384973057266,2.40363278920986e-07,0.000122172236002483
chr11,60184666,60310666,126001,*,0.147551195667446,MS4A6A,chr11-60310273-60311059,5.03206854887201,2.42607847674637e-07,0.000123152545093297
chr10,44959407,45419383,459977,*,0.221035759100188,RASSF4,chr10-45418959-45419806,5.03064312533032,2.44418654118699e-07,0.000123910404610511
chr6,107144294,107489958,345665,*,0.0705651825392727,SOBP,chr6-107143854-107144734,5.02989031363338,2.45380251740051e-07,0.00012423634013164
chr6,32195523,32623126,427604,*,0.0582893251782982,GPSM3,chr6-32622730-32623522,5.02962686806026,2.45717622717087e-07,0.000124245793322311
chr7,151057210,151059678,2469,*,0.50420572419176,SLC4A2,chr7-151059241-151060114,5.02751813009103,2.48434261800226e-07,0.000125456727760805
chr17,78168558,78592547,423990,*,0.139640850624051,SYNGR2,chr17-78592094-78593000,5.02548088014361,2.5108629984265e-07,0.000126631948468638
chr12,12696418,12813316,116899,*,0.121997844410217,DDX47,chr12-12696028-12696808,5.02405579914413,2.52957638991451e-07,0.000127410906299864
chr9,2621834,2815831,193998,*,0.191091655976672,VLDLR,chr9-2815407-2816255,5.02328290298771,2.53978182335589e-07,0.00012759523497409
chr17,36088705,36210924,122220,*,0.074372290448068,CCL4L2,chr17-36088295-36089115,5.02352341018271,2.53660188355419e-07,0.00012759523497409
chr6,130980552,131135666,155115,*,0.0911982986473518,AKAP7,chr6-130980073-130981031,5.02049878764816,2.57687382212676e-07,0.000128794796577406
chr7,135148072,135211644,63573,*,0.434773661484598,TMEM140,chr7-135211186-135212101,5.02052014097185,2.57658735984331e-07,0.000128794796577406
chr7,151227313,151232489,5177,*,0.397411702917253,CHPF2,chr7-151226856-151227769,5.02092908935747,2.57110709664689e-07,0.000128794796577406
chr17,36090169,36196915,106747,*,0.0966811775077223,CCL3,chr17-36196481-36197349,5.0209921078328,2.57026359454142e-07,0.000128794796577406
chr14,105065445,105197522,132078,*,0.0921537101515044,GPR132,chr14-105197035-105198008,5.01980294105078,2.58622567233172e-07,0.000129096703048639
chr9,89178767,89549212,370446,*,0.0689623649523375,SHC3,chr9-89548779-89549645,5.01561520884443,2.64320177633253e-07,0.000131723606843307
chr14,24634267,24665829,31563,*,0.0749142776684682,GZMB,chr14-24665315-24666343,5.01544022296288,2.64560869659023e-07,0.000131723606843307
chr7,130442433,130881322,438890,*,0.345198092102889,CEP41,chr7-130880884-130881760,5.01349650012662,2.67248700455894e-07,0.000132892143329249
chr7,133082088,133082198,111,*,0.379831104840254,CHCHD3,chr7-133081758-133082638,5.01199593338538,2.69341713835258e-07,0.00013342237080318
chr11,18455824,18588695,132872,*,0.0948239197911972,LDHAL6A,chr11-18588266-18589123,5.01233852591583,2.68862472761242e-07,0.00013342237080318
chr12,9741905,10226058,484154,*,0.06605030698996,KLRD1,chr12-9741480-9742329,5.01210655655658,2.69186876863601e-07,0.00013342237080318
chr2,33436324,33555021,118698,*,0.104214825550374,RASGRP3,chr2-33554574-33555467,5.01155532924752,2.69959270949092e-07,0.000133558580835083
chr5,150058971,150485818,426848,*,0.144145455620497,NDST1,chr5-150058479-150059463,5.00622549295033,2.77538636426663e-07,0.00013700471687026
chr6,26103950,26189076,85127,*,0.0598149461491268,HIST1H4D,chr6-26103488-26104411,5.00616367940037,2.77627731363454e-07,0.00013700471687026
chr6,27132893,27138588,5696,*,0.0690172067422214,HIST1H4I,chr6-27132437-27133348,5.00242356220182,2.83070161427494e-07,0.000139513866716601
chr3,72164147,72446918,282772,*,0.0863862865436583,RYBP,chr3-72163650-72164644,5.00109748533976,2.85024387943952e-07,0.000140299656172633
chr13,76745814,76886390,140577,*,0.0989770012792927,KCTD12,chr13-76745375-76746252,5.00019784451311,2.86357578019238e-07,0.000140778151962113
chr16,28512051,28936689,424639,*,0.0807413838026417,IL27,chr16-28936249-28937128,4.99892959776431,2.88247225636854e-07,0.000141528661724154
chr7,149028733,149126346,97614,*,0.221429773097241,ZNF425,chr7-149028276-149029189,4.99683723273197,2.91391088023034e-07,0.000142828698562361
chr11,65041116,65084164,43049,*,0.120501553480201,CDCA5,chr11-65040677-65041554,4.99668063651221,2.91627705015337e-07,0.000142828698562361
chr7,129952891,130207770,254880,*,0.394681558210608,TMEM209,chr7-129952468-129953313,4.99602550698427,2.92619616042779e-07,0.00014313468325409
chr13,48233158,48501005,267848,*,0.107963914801718,ITM2B,chr13-48500548-48501461,4.9947169960469,2.94610535488554e-07,0.000143927952984065
chr7,151028400,151085831,57432,*,0.386528848255408,AGAP3,chr7-151027967-151028833,4.99167941539581,2.99282727882122e-07,0.000145844962537876
chr19,14118084,14459950,341867,*,0.0816345031672749,PRKACA,chr19-14459479-14460421,4.99178447690629,2.99119943890468e-07,0.000145844962537876
chr7,129952891,130070510,117620,*,0.373325223869668,KLHDC10,chr7-129952468-129953313,4.98664655952189,3.0718153044322e-07,0.000149507283403683
chr11,122838462,122838500,39,*,0.0538810696019383,CRTAM,chr11-122838036-122838888,4.98559261630877,3.08860898267996e-07,0.000150137205625405
chr7,151028422,151227313,198892,*,0.366508437937558,ABCB8,chr7-151226856-151227769,4.98503657623831,3.09750462646868e-07,0.000150195071348018
chr12,123712318,123742333,30016,*,0.0795148983197151,ATP6V0A2,chr12-123741861-123742804,4.98512775880075,3.09604417820855e-07,0.000150195071348018
chr7,151028400,151080866,52467,*,0.382684475542105,FASTK,chr7-151027967-151028833,4.98390181491234,3.11573545724582e-07,0.000150891391239527
chr16,3017750,3046681,28932,*,0.095678091288416,MMP25,chr16-3017336-3018163,4.98365839106077,3.119659702376e-07,0.00015089399184748
chr12,10420595,10497942,77348,*,0.0535232628065898,KLRC3,chr12-10497439-10498444,4.98275144168931,3.13432264887183e-07,0.000151415359765549
chr2,218002995,218367907,364913,*,0.140900594727562,TNS1,chr2-218367460-218368353,4.98117525789465,3.15996349879295e-07,0.000152465110140028
chr14,67580564,67619798,39235,*,0.0754931530168942,ARG2,chr14-67580109-67581018,4.97955571055507,3.18652030930425e-07,0.00015355640489776
chr19,13906452,14128143,221692,*,0.12630543949877,C19orf57,chr19-14127773-14128512,4.97854261348838,3.20324196952044e-07,0.000154171640531047
chr15,50686815,50907256,220442,*,0.0621648116889743,TRPM7,chr15-50906807-50907705,4.97583541920088,3.24834150313189e-07,0.000156149498357457
chr17,1229021,1229842,822,*,0.114176055332533,ABR,chr17-1229422-1230262,4.97532917242123,3.25684278328557e-07,0.000156365353786878
chr11,68121444,68146315,24872,*,0.22457722239146,CHKA,chr11-68145848-68146781,4.97486146534466,3.26471592775845e-07,0.000156550557671401
chr1,192580730,192809039,228310,*,0.120418813119575,RGS2,chr1-192580310-192581149,4.97378589077689,3.28289125876881e-07,0.000156812192147257
chr2,30253192,30447226,194035,*,0.0846353773617036,LCLAT1,chr2-30252793-30253591,4.97358707977429,3.2862614783125e-07,0.000156812192147257
chr16,17343186,17470881,127696,*,0.0671348269529011,XYLT1,chr16-17342775-17343596,4.9740234931023,3.27886782251555e-07,0.000156812192147257
chr19,39406813,39409932,3120,*,0.10403581624279,ZFP36,chr19-39409517-39410346,4.97388232611146,3.28125769881441e-07,0.000156812192147257
chr7,130853720,131072201,218482,*,0.292278290343733,AC016831.7,chr7-131071765-131072637,4.9731917449123,3.29297305586171e-07,0.000156940358407555
chr19,54208307,54572920,364614,*,0.113889653763963,LILRA2,chr19-54207870-54208744,4.97110216754309,3.32866769760263e-07,0.000158447833851743
chr19,54248225,54572920,324696,*,0.127367050107003,LILRA2,chr19-54247774-54248675,4.96953813198057,3.35562859895092e-07,0.000159536404946124
chr19,43951223,44051793,100571,*,0.162173595949941,ZNF221,chr19-44051266-44052319,4.96557250623967,3.42493472952221e-07,0.000162435237734026
chr19,18001132,18017585,16454,*,0.16705110705441,ARRDC2,chr19-18017168-18018002,4.96427159105285,3.44796941899342e-07,0.000163329012628606
chr5,95961863,95962071,209,*,0.191929393898692,ELL2,chr5-95961454-95962272,4.96276900429023,3.47476080986814e-07,0.000164000296761345
chr16,87980122,88453317,473196,*,0.0674474485213921,ZFPM1,chr16-87979672-87980572,4.96323871701587,3.46636427016086e-07,0.000164000296761345
chr16,88968235,88977204,8970,*,0.0835725810125112,CBFA2T3,chr16-88967734-88968735,4.96298874968144,3.47083022562988e-07,0.000164000296761345
chr4,54400281,54657918,257638,*,0.142823449329335,KIT,chr4-54399996-54400565,4.95968061801915,3.53045854037002e-07,0.000166226609043518
chr3,28241584,28252212,10629,*,0.0667863224870045,CMC1,chr3-28251760-28252664,4.9561663455097,3.59488337328836e-07,0.000168648913699544
chr7,130441151,130853720,412570,*,0.388816822618051,AC016831.7,chr7-130440705-130441597,4.9564725313506,3.58922552881968e-07,0.000168648913699544
chr7,151059678,151083546,23869,*,0.31638177354865,TMUB1,chr7-151059241-151060114,4.95630751260799,3.5922737551777e-07,0.000168648913699544
chr5,141364232,141476700,112469,*,0.105179817939545,PCDHGA5,chr5-141476431-141476968,4.951455830974,3.68301697618013e-07,0.000172575905552617
chr1,157552520,157806906,254387,*,0.140970043208819,FCRL5,chr1-157806431-157807380,4.95106220722096,3.69047517966139e-07,0.000172717782682035
chr17,8247618,8420496,172879,*,0.121231200392091,PFAS,chr17-8420010-8420981,4.9472198454447,3.76404687255622e-07,0.000175949784335706
chr11,60280541,60310666,30126,*,0.159005600864417,MS4A4A,chr11-60310273-60311059,4.94251593894441,3.85603990473699e-07,0.000180034116040901
chr7,140177035,140177139,105,*,0.166719549796977,KDM7A,chr7-140176686-140177592,4.93863620112606,3.93354110522788e-07,0.000183432878822404
chr17,36090169,36199337,109169,*,0.0643225403066896,CCL3,chr17-36198897-36199777,4.93746287202844,3.95727340398834e-07,0.000184319110046794
chr11,83025435,83187036,161602,*,0.0725876055658171,PCF11-AS1,chr11-83024998-83025871,4.93690110896956,3.96868464930018e-07,0.000184630029582217
chr6,26124054,26189076,65023,*,0.0922886246488419,HIST1H4D,chr6-26123597-26124510,4.93660968146959,3.97461697463359e-07,0.000184685622979125
chr3,49856574,50236039,379466,*,0.0893600930914844,TRAIP,chr3-50235580-50236498,4.93592952557441,3.98849553902001e-07,0.000185109876533099
chr7,151028400,151057210,28811,*,0.459326900130534,SLC4A2,chr7-151027967-151028833,4.93410020281861,4.02605481353496e-07,0.000186630858640455
chr12,8453328,8540963,87636,*,0.124586872935266,CLEC4E,chr12-8452865-8453791,4.92864459684279,4.14010206652816e-07,0.00019168967587175
chr7,130070426,130486171,415746,*,0.197761105328532,MEST,chr7-130069977-130070874,4.92745213562407,4.16544113896926e-07,0.000192468126976564
chr16,84819984,84898284,78301,*,0.14448992554964,CRISPLD2,chr16-84897848-84898719,4.92738890493806,4.16678891395247e-07,0.000192468126976564
chr3,183116075,183507121,391047,*,0.0691406122553867,MCCC1,chr3-183506594-183507648,4.92538051901375,4.20981726564465e-07,0.000194225524336817
chr7,130207770,130441151,233382,*,0.411206477012012,TMEM209,chr7-130440705-130441597,4.92498435422932,4.21835521810961e-07,0.000194389387528424
chr17,75271227,75664339,393113,*,0.0615801640657435,MIF4GD,chr17-75663910-75664767,4.92447874767399,4.22927603167833e-07,0.000194662540673183
chr7,139777778,140177139,399362,*,0.387634642861656,HIPK2,chr7-140176686-140177592,4.92343898007095,4.25182005405861e-07,0.000195469404683356
chr7,150368189,150384002,15814,*,0.344479048813027,REPIN1,chr7-150383543-150384460,4.92314309033424,4.25825659637617e-07,0.000195534729164952
chr3,101701206,101779202,77997,*,0.0909680085651144,NXPE3,chr3-101700754-101701657,4.92264038721231,4.26921350660751e-07,0.000195638826640735
chr9,123549241,123930152,380912,*,0.155123330198065,DENND1A,chr9-123548785-123549696,4.92257868906369,4.27056014772953e-07,0.000195638826640735
chr7,140177139,140404433,227295,*,0.388653154461844,SLC37A3,chr7-140176686-140177592,4.92127204686816,4.2991755393923e-07,0.000196718566007414
chr7,129952891,130051451,98561,*,0.343542589504697,ZC3HC1,chr7-129952468-129953313,4.92083002038709,4.30889762517554e-07,0.000196932281004682
chr13,73995056,74134239,139184,*,0.124812351353595,KLF12,chr13-74133785-74134693,4.91978064211669,4.33206288584818e-07,0.000197759178006286
chr11,1760738,1764573,3836,*,0.156436811496068,CTSD,chr11-1760283-1761192,4.91835532314985,4.36371926867983e-07,0.000198971308109166
chr6,107726700,107824317,97618,*,0.0553557075216585,SCML4,chr6-107726213-107727186,4.91564323210577,4.42457117901771e-07,0.000201510271411497
chr5,159761061,160199578,438518,*,0.099899201976013,AC008691.1,chr5-160199083-160200072,4.91170220830896,4.51445543799336e-07,0.000205364000164829
chr11,560779,642719,81941,*,0.0788239374640476,LMNTD2,chr11-642295-643143,4.91100932764878,4.53043886443971e-07,0.000205850891862418
chr2,24049701,24491148,441448,*,0.0972509283358231,FKBP1B,chr2-24490743-24491552,4.91036129264151,4.54543708933906e-07,0.00020605206280849
chr19,49929539,50329301,399763,*,0.154054083033748,IL4I1,chr19-50328833-50329768,4.91051532027998,4.54186792411472e-07,0.00020605206280849
chr12,40158855,40196744,37890,*,0.17041335569742,LRRK2,chr12-40158371-40159338,4.90979488905443,4.55858516741527e-07,0.00020640807719944
chr2,20207288,20225433,18146,*,0.105311629856269,SDC1,chr2-20206735-20207841,4.90946789086223,4.5661925288743e-07,0.000206512678627228
chr6,26020354,26216975,196622,*,0.0571428377860559,HIST1H2AE,chr6-26019988-26020720,4.90878509323356,4.5821167190534e-07,0.00020699274242832
chr7,134986508,135211644,225137,*,0.316505830705426,AGBL3,chr7-135211186-135212101,4.9079024680683,4.60278052909168e-07,0.000207468738829571
chr20,34112267,34194569,82303,*,0.106454530054208,ASIP,chr20-34111819-34112714,4.90788045131604,4.60329712525726e-07,0.000207468738829571
chr2,152335237,152594488,259252,*,0.192424004428639,FMNL2,chr2-152594058-152594917,4.90703118666309,4.62326674459774e-07,0.000208128150913963
chr6,132714144,132763459,49316,*,0.110283223248524,VNN2,chr6-132713691-132714596,4.90655066990164,4.63460254126131e-07,0.000208397816599285
chr7,128862826,129224865,362040,*,0.318042649993445,ATP6V1F,chr7-129224411-129225318,4.90473974850378,4.67756465216687e-07,0.000210087319674719
chr1,158930564,158930796,233,*,0.0550377080219362,PYHIN1,chr1-158930035-158931093,4.90442182022357,4.6851466097609e-07,0.000210127243059284
chr16,2688178,2817180,129003,*,0.0772971085678664,PRSS21,chr16-2687755-2688601,4.90425065797187,4.6892333875824e-07,0.000210127243059284
chr16,88651325,88686493,35169,*,0.0536154355281451,SNAI3,chr16-88650915-88651734,4.90393967539834,4.69666738784088e-07,0.000210218734154368
chr7,151059678,151520120,460443,*,0.423680232634829,RHEB,chr7-151059241-151060114,4.90356219971668,4.70570614329539e-07,0.000210381760478898
chr7,133082198,133253073,170876,*,0.318949081057928,EXOC4,chr7-133081758-133082638,4.90228536210209,4.73640465851968e-07,0.000211511664253518
chr3,45940933,45976844,35912,*,0.063349601768808,CXCR6,chr3-45976366-45977322,4.89888955742561,4.81898983491869e-07,0.000214953412485437
chr7,137772896,137847092,74197,*,0.239403252880318,DGKI,chr7-137772456-137773335,4.89740297559346,4.85557783144855e-07,0.000216337911856672
chr7,151028400,151083546,55147,*,0.295126520083816,TMUB1,chr7-151027967-151028833,4.89716599579166,4.86143507517258e-07,0.000216351619512121
chr19,18001132,18008109,6978,*,0.106495749754109,ARRDC2,chr19-18007658-18008560,4.89676753444692,4.87129886770716e-07,0.000216543398651467
chr6,26234933,26568920,333988,*,0.0684411512374812,HIST1H1D,chr6-26568483-26569356,4.89587972526027,4.89334565497545e-07,0.000217275693654156
chr4,121189996,121227466,37471,*,0.0638750964074693,TNIP3,chr4-121189565-121190427,4.89448201833584,4.92824939842962e-07,0.000218576551134992
chr6,43076175,43076268,94,*,0.083337520861546,PTK7,chr6-43075773-43076576,4.8936741373332,4.94853308854848e-07,0.000219226763822364
chr13,30346627,30713478,366852,*,0.0848124090063328,ALOX5AP,chr13-30346196-30347057,4.89304779335662,4.96431415899556e-07,0.000219676254655248
chr7,130051451,130441151,389701,*,0.347534730406635,ZC3HC1,chr7-130440705-130441597,4.89146218083494,5.00448136423287e-07,0.000221202615511214
chr3,46097919,46580099,482181,*,0.0519028644608817,LRRC2,chr3-46097687-46098150,4.8902709828488,5.03486274736842e-07,0.000222073083123546
chr16,8674565,8891741,217177,*,0.0618561600868279,ABAT,chr16-8891279-8892202,4.89024343360827,5.03556748410203e-07,0.000222073083123546
chr13,29935752,30307484,371733,*,0.0932470589538281,KATNAL1,chr13-29935291-29936212,4.88966942348767,5.05027284691768e-07,0.000222469940103565
chr14,50532509,50860697,328189,*,0.100841659860851,ATL1,chr14-50860346-50861048,4.88686139672952,5.12280843382321e-07,0.000225156382586566
chr6,26124054,26251651,127598,*,0.0843995422154512,HIST1H2BH,chr6-26123597-26124510,4.88514685174307,5.16758968269089e-07,0.000226868825785632
chr16,75556286,75560041,3756,*,0.142828511519506,TMEM231,chr16-75559632-75560450,4.88385537222447,5.20156966598685e-07,0.000228103749991485
chr1,182144361,182392206,247846,*,0.226991830234316,GLUL,chr1-182143907-182144814,4.88243397288137,5.2392165403904e-07,0.000229496522101604
chr19,38759714,38930896,171183,*,0.087655146943507,SARS2,chr19-38759237-38760191,4.88115061992696,5.27343231626643e-07,0.000230736042128069
chr2,25692236,25982749,290514,*,0.155283698671635,KIF3C,chr2-25691739-25692733,4.88036210979575,5.29456152405067e-07,0.000231400829515045
chr10,73874591,73911165,36575,*,0.0761147351074566,CAMK2G,chr10-73910746-73911583,4.87986209479281,5.30800230063275e-07,0.000231666667886004
chr12,6427277,6470987,43711,*,0.0522940714107955,VAMP1,chr12-6426846-6427708,4.87969397401547,5.31252888506632e-07,0.000231666667886004
chr7,130881322,131328222,446901,*,0.289223795789703,MKLN1-AS,chr7-130880884-130881760,4.87924613765005,5.32460483573107e-07,0.000231933837365299
chr2,190646746,190670719,23974,*,0.0732575688270801,NAB1,chr2-190670215-190671223,4.87355562630452,5.48036932510332e-07,0.000238452337291315
chr10,127907061,128051282,144222,*,0.0840665224556242,PTPRE,chr10-128050949-128051615,4.87253915599071,5.50865056852108e-07,0.000239415656793654
chr19,43450817,43951223,500407,*,0.132847036468692,ZNF221,chr19-43450394-43451240,4.87107079526005,5.54975286228227e-07,0.000240933435731233
chr2,240605431,240625299,19869,*,0.0561485655995005,GPR35,chr2-240624841-240625756,4.86713529390802,5.66137594075927e-07,0.000244749585200888
chr14,22811128,23183674,372547,*,0.14836771521748,SLC7A8,chr14-22810732-22811523,4.86708670232385,5.66276755925841e-07,0.000244749585200888
chr17,75228626,75588058,359433,*,0.114575080879415,MYO15B,chr17-75228175-75229077,4.86738630045496,5.6541925818618e-07,0.000244749585200888
chr20,24949200,24949230,31,*,0.114644349563464,CST7,chr20-24948744-24949655,4.86712158473913,5.66176852548118e-07,0.000244749585200888
chr10,30433937,30494214,60278,*,0.244298155724107,MAP3K8,chr10-30493768-30494660,4.86684770903432,5.66961690048566e-07,0.000244774251150403
chr4,98447224,98658629,211406,*,0.0773552222286638,TSPAN5,chr4-98446817-98447630,4.86557607260054,5.70619516375628e-07,0.000245537703861006
chr6,26124145,26360859,236715,*,0.0964102150724724,HIST1H2AC,chr6-26360421-26361297,4.8657125096473,5.70225974228366e-07,0.000245537703861006
chr20,57711536,58017654,306119,*,0.132363739867579,PMEPA1,chr20-58017205-58018102,4.86591443883541,5.69644004308541e-07,0.000245537703861006
chr6,35342558,35363446,20889,*,0.0911176851614445,PPARD,chr6-35363048-35363844,4.86412936264231,5.74808549726331e-07,0.000247026013988374
chr11,107928293,108174714,246422,*,0.0563473084648487,SLC35F2,chr11-108174316-108175111,4.86394463369876,5.75345568834952e-07,0.000247026013988374
chr7,152463786,152463950,165,*,0.185523345744726,LINC01003,chr7-152463503-152464396,4.86166975892336,5.81998483145803e-07,0.000249607560672561
chr22,38570286,38985146,414861,*,0.101123625462358,DMC1,chr22-38984646-38985645,4.85976924149046,5.87613275362028e-07,0.000251462360731545
chr11,60184666,60188706,4041,*,0.141611961966688,MS4A6A,chr11-60188251-60189160,4.85868652699967,5.90835257106748e-07,0.000252563932734188
chr7,139109579,139109719,141,*,0.233711153392966,ZC3HAV1,chr7-139109127-139110030,4.85610294803099,5.98592384818795e-07,0.000255599603950029
chr1,24187959,24189736,1778,*,0.0699464909170421,IFNLR1,chr1-24189442-24190029,4.85259445702625,6.09283563371033e-07,0.000259880104756372
chr19,39398572,39406813,8242,*,0.111643357766757,ZFP36,chr19-39398257-39398887,4.84958402552667,6.18603264345721e-07,0.000263566906898041
chr10,124222606,124461834,239229,*,0.074428543587852,LHPP,chr10-124222200-124223012,4.8469858396426,6.26756855200459e-07,0.000266749359731014
chr13,113726939,114132611,405673,*,0.0595520516338389,RASA3,chr13-113726537-113727341,4.84548141845946,6.31525166323252e-07,0.000268193190785896
chr19,10963635,11155808,192174,*,0.0931167404779215,SPC24,chr19-10963239-10964030,4.84563645166732,6.31032175436332e-07,0.000268193190785896
chr1,206470476,206575621,105146,*,0.108038610905644,IKBKE,chr1-206575123-206576118,4.84508341453253,6.32792478064983e-07,0.000268438969704668
chr13,48403400,48533256,129857,*,0.0815526247377967,RCBTB2,chr13-48402964-48403836,4.84192014613888,6.42952213841264e-07,0.00027245239833744
chr2,96148704,96536743,388040,*,0.0752914345544813,ARID5A,chr2-96148245-96149162,4.84129919566832,6.44964912272478e-07,0.000273008535265201
chr12,71839605,72087266,247662,*,0.135241039549566,TRHDE,chr12-71839119-71840091,4.84095366599856,6.46087507095711e-07,0.000273187100668413
chr14,24634267,24634361,95,*,0.0961460338538546,GZMB,chr14-24633879-24634842,4.84068430736187,6.46963932483196e-07,0.000273261303365589
chr14,54908501,55191678,283178,*,0.0736125167345972,DLGAP5,chr14-54908169-54908832,4.84009277071711,6.48892659294799e-07,0.000273779330098913
chr11,568457,636824,68368,*,0.100159692080575,MIR210HG,chr11-636391-637257,4.83879517654792,6.53142903840946e-07,0.00027527466740346
chr7,112081988,112206411,124424,*,0.153727175291857,DOCK4,chr7-112081548-112082427,4.83664110500298,6.60257708272842e-07,0.000277672910556186
chr19,16252721,16324817,72097,*,0.0833857956702965,KLF2,chr19-16252294-16253148,4.83579539257217,6.63071388521759e-07,0.000278555718704725
chr11,125883614,126332377,448764,*,0.148943089165164,HYLS1,chr11-126331933-126332820,4.83525230239011,6.64884323321253e-07,0.00027901666653976
chr12,123107087,123436717,329631,*,0.0794580724725227,RILPL2,chr12-123106561-123107612,4.83267347521975,6.7355818698887e-07,0.000281746787890542
chr6,27824108,28218791,394684,*,0.083329390274524,HIST1H4J,chr6-28218366-28219215,4.83154696980882,6.77381238350083e-07,0.000283042262093523
chr6,111753712,111873452,119741,*,0.0574460120167972,FYN,chr6-111753261-111754163,4.83065203910732,6.80433254994647e-07,0.000284013132040871
chr11,66408844,66480013,71170,*,0.0696943586187172,DPP3,chr11-66408432-66409255,4.82988874828558,6.83046781247106e-07,0.000284799094933419
chr3,187745727,187774102,28376,*,0.100020773959107,BCL6,chr3-187773649-187774554,4.82934334353564,6.84920171251961e-07,0.000285275105344999
chr3,131381668,131381671,4,*,0.0955004315783762,NUDT16,chr3-131381219-131382116,4.82563542342867,6.97787983642346e-07,0.000290324483456709
chr12,7129698,7130293,596,*,0.0642977152307855,CLSTN3,chr12-7129853-7130732,4.8242872060727,7.02524164622524e-07,0.000291816863787759
chr17,36103590,36199337,95748,*,0.0816286442639767,CCL4,chr17-36198897-36199777,4.82418854934196,7.02871949090183e-07,0.000291816863787759
chr19,51645545,51785105,139561,*,0.10226863981547,SIGLEC5,chr19-51784684-51785525,4.82288227889398,7.07492448297515e-07,0.000293422708461365
chr2,152335237,152499997,164761,*,0.183609358256332,FMNL2,chr2-152499555-152500438,4.82220920806739,7.09884601797165e-07,0.000294101946631061
chr6,31862958,32224067,361110,*,0.086124550525366,NOTCH4,chr6-31862505-31863411,4.82117297225205,7.13582687376109e-07,0.000295007039065696
chr17,36072664,36103590,30927,*,0.0766500088627528,CCL4,chr17-36072169-36073159,4.82123938975494,7.13345104116576e-07,0.000295007039065696
chr19,51124925,51458456,333532,*,0.171118655094882,SIGLEC8,chr19-51124477-51125372,4.82033401253537,7.16590304080626e-07,0.000295936613587331
chr7,138002067,138002239,173,*,0.228655317874571,CREB3L2,chr7-138001795-138002682,4.81789210921565,7.25413904379618e-07,0.00029894721083531
chr7,135510110,135557919,47810,*,0.338153047479162,NUP205,chr7-135509666-135510553,4.81690106237006,7.29024686946671e-07,0.000300117985486308
chr15,40039311,40479377,440067,*,0.0805586256315262,SRP14-AS1,chr15-40478956-40479797,4.81576814987952,7.33173513080318e-07,0.000301507553187118
chr3,196194497,196287957,93461,*,0.0795252807907237,PCYT1A,chr3-196193900-196195093,4.81388597356486,7.40116445356272e-07,0.000304042019446821
chr14,93008477,93333219,324743,*,0.122759337010675,UNC79,chr14-93008062-93008891,4.81312393436478,7.42945380338096e-07,0.000304882886753229
chr4,2282082,2418663,136582,*,0.0702472099440902,ZFYVE28,chr4-2281640-2282523,4.81270775042698,7.44494775711992e-07,0.000305197452471999
chr1,149886810,149887916,1107,*,0.0550793066396644,HIST2H2AB,chr1-149886373-149887246,4.81215397312999,7.465612300205e-07,0.000305672305044181
chr15,99452978,99565417,112440,*,0.170896225966741,MEF2A,chr15-99452535-99453421,4.81197740319134,7.47221270397751e-07,0.000305672305044181
chr1,40802454,41023237,220784,*,0.0901303770679743,SLFNL1,chr1-40802016-40802892,4.81121373952132,7.50082406494699e-07,0.000306521096789069
chr3,36876527,36993332,116806,*,0.0699825227073893,MLH1,chr3-36876077-36876976,4.81087520374702,7.51354128852695e-07,0.000306719277320922
chr11,75100563,75195427,94865,*,0.224856945084477,SLCO2B1,chr11-75194978-75195876,4.8103917814401,7.53173717166769e-07,0.00030714046023525
chr4,54657918,54756225,98308,*,0.149715708908751,KIT,chr4-54755748-54756702,4.80835071752959,7.60903039217479e-07,0.000309142773521392
chr8,11858994,11869448,10455,*,0.221494125776353,CTSB,chr8-11858569-11859418,4.80829431121379,7.61117723921959e-07,0.000309142773521392
chr12,121590406,121803403,212998,*,0.0669292085560662,RHOF,chr12-121590021-121590791,4.80825806376221,7.61255713913321e-07,0.000309142773521392
chr1,54489590,54641754,152165,*,0.101334572279812,MROH7,chr1-54489188-54489991,4.80664737046308,7.67411782197476e-07,0.000311318437162592
chr13,98368483,98577940,209458,*,0.0754913635215064,STK24,chr13-98367993-98368973,4.80374799411853,7.78614014144222e-07,0.000315534543287061
chr22,35352815,35380361,27547,*,0.100966063132315,HMOX1,chr22-35352382-35353247,4.80116720234961,7.88717443389538e-07,0.000319297064112459
chr17,4736416,4740015,3600,*,0.134657227257417,ZMYND15,chr17-4735988-4736844,4.80093545370535,7.89630847591714e-07,0.000319335233605109
chr3,55490539,55624534,133996,*,0.207659868626226,WNT5A,chr3-55624081-55624986,4.79874434706087,7.98317187202415e-07,0.000322513525456203
chr1,28438089,28592200,154112,*,0.0986917027790675,RAB42,chr1-28437676-28438501,4.79621055005947,8.08476613239229e-07,0.00032627973563617
chr1,160568361,161038990,470630,*,0.0548094454968341,TSTD1,chr1-160567909-160568813,4.79434565394425,8.16033312759572e-07,0.000328309823576826
chr11,118342744,118699730,356987,*,0.0719237552877014,CD3D,chr11-118699359-118700101,4.79442965736393,8.15691469255006e-07,0.000328309823576826
chr16,2715696,3024027,308332,*,0.076672364476706,THOC6,chr16-2715255-2716137,4.79473266179123,8.14459566414294e-07,0.000328309823576826
chr8,115427824,115809673,381850,*,0.0674463144277087,TRPS1,chr8-115427386-115428262,4.79391317013856,8.17795442909368e-07,0.000328679576298044
chr6,7107597,7188786,81190,*,0.100492801513177,RREB1,chr6-7188404-7189168,4.79318969116218,8.20751395762432e-07,0.000329527881710377
chr3,108863368,108953895,90528,*,0.146903504847139,GUCA1C,chr3-108862954-108863781,4.79286155339429,8.22095466779395e-07,0.000329727944356873
chr4,6198580,6200591,2012,*,0.0738933598231699,JAKMIP1,chr4-6198145-6199015,4.79208613966822,8.25280017564509e-07,0.000330665020973853
chr14,75249651,75522425,272775,*,0.0799758092372251,BATF,chr14-75249191-75250110,4.79178203093193,8.26532197541658e-07,0.000330826725129374
chr6,163413960,163712378,298419,*,0.125248609241983,CAHM,chr6-163711935-163712820,4.78978398649467,8.34804754770663e-07,0.000333795182827541
chr12,9664969,9765002,100034,*,0.0710807729450018,CLEC2D,chr12-9764585-9765419,4.78795802469433,8.4243438346167e-07,0.000336500747193954
chr2,152099475,152445994,346520,*,0.110706755688346,CACNB4,chr2-152445545-152446443,4.78565233135943,8.52164310522718e-07,0.000340038854437976
chr14,24171853,24609842,437990,*,0.066509012231137,REC8,chr14-24609392-24610292,4.78405180029252,8.58981894863179e-07,0.000342408803349898
chr22,38034707,38200767,166061,*,0.136461981786747,MAFF,chr22-38034295-38035118,4.78353495202427,8.61194624322381e-07,0.000342940190685729
chr11,60378530,60396634,18105,*,0.117140841588131,MS4A14,chr11-60396126-60397142,4.78217618599973,8.6703793167211e-07,0.000344914767079832
chr6,26199520,26233863,34344,*,0.0940410424100115,HIST1H2BF,chr6-26233452-26234274,4.78066628437213,8.735758844708e-07,0.000347066167650866
chr11,415081,694438,279358,*,0.0654389001798612,EPS8L2,chr11-414668-415494,4.78051660714182,8.74226569655023e-07,0.000347066167650866
chr10,6144934,6192532,47599,*,0.138887325046527,PFKFB3,chr10-6192072-6192992,4.77720735116812,8.88732310102749e-07,0.00035246599039489
chr6,26032123,26103876,71754,*,0.0818147275759459,HIST1H4C,chr6-26031694-26032552,4.77431181124285,9.01614058423914e-07,0.000357167905583936
chr7,151080866,151086282,5417,*,0.419514070874899,FASTK,chr7-151085835-151086729,4.77413189377323,9.02420372346882e-07,0.000357167905583936
chr1,160707643,161159450,451808,*,0.0796896224216471,USP21,chr1-160707263-160708022,4.77359316389861,9.04838877326392e-07,0.000357527104138908
chr14,99259410,99271524,12115,*,0.0921212801476964,BCL11B,chr14-99258995-99259824,4.77352127167398,9.05162091729944e-07,0.000357527104138908
chr11,694438,910986,216549,*,0.0532868291123643,EPS8L2,chr11-910553-911418,4.77200644906915,9.11998312180919e-07,0.000359862718623842
chr8,38901235,38943953,42719,*,0.0912380104646772,PLEKHA2,chr8-38943489-38944417,4.76907779011416,9.25355950325431e-07,0.00036476427497095
chr17,75535350,75667189,131840,*,0.112028277744122,RECQL5,chr17-75534918-75535781,4.76836886604781,9.28617506815234e-07,0.000365680194209023
chr11,72216601,72712615,496015,*,0.100866298617216,FOLR2,chr11-72712187-72713043,4.76704301046185,9.34747058642635e-07,0.00036735182490519
chr17,76493254,76501790,8537,*,0.108361467070781,RHBDF2,chr17-76492800-76493707,4.76643234191367,9.37583293403609e-07,0.000368095389828785
chr7,151028400,151232489,204090,*,0.391154525655534,CHPF2,chr7-151027967-151028833,4.76596012759364,9.39782148081492e-07,0.000368587474842923
chr1,228735077,228735362,286,*,0.139805503984202,RHOU,chr1-228734925-228735798,4.76562144696054,9.41362256578375e-07,0.000368836139147329
chr7,140404433,140479440,75008,*,0.347037989604346,SLC37A3,chr7-140479007-140479872,4.76533910427076,9.42681472068712e-07,0.000368982185992903
chr2,172427575,172555373,127799,*,0.108816094449,PDK1,chr2-172427147-172428002,4.76148134340598,9.60885336859632e-07,0.000375353777901204
chr4,100880126,101145221,265096,*,0.135927190267615,EMCN,chr4-101144775-101145667,4.76122952535148,9.62085275998118e-07,0.000375446315333752
chr7,155297695,155458129,160435,*,0.274984845131125,EN2,chr7-155297258-155298132,4.76023993075248,9.66814756744226e-07,0.000376718302269699
chr11,61894220,61949821,55602,*,0.128064495439548,BEST1,chr11-61893810-61894629,4.76014338180602,9.67277378523052e-07,0.000376718302269699
chr19,18008109,18397617,389509,*,0.110594508450299,LRRC25,chr19-18007658-18008560,4.75881324032187,9.7367254226817e-07,0.000378452829459951
chr6,157700387,157830599,130213,*,0.0621902637677113,SNX9,chr6-157830155-157831042,4.7579592035484,9.77800042438493e-07,0.000379678587793557
chr9,93028808,93058688,29881,*,0.0834971242556615,SUSD3,chr9-93028351-93029265,4.75775156103122,9.78806101519884e-07,0.000379691060984806
chr7,151059678,151232489,172812,*,0.42914826103863,CHPF2,chr7-151059241-151060114,4.75728962367208,9.81047825357834e-07,0.000380182362635589
chr12,96407830,96489571,81742,*,0.0924306510962661,CFAP54,chr12-96407372-96408288,4.75536515048084,9.90440241012544e-07,0.00038344102168741
chr10,123996068,124093607,97540,*,0.119453893992405,CHST15,chr10-123995611-123996525,4.75441604762269,9.95104096346256e-07,0.000384864406913473
chr19,11374685,11587932,213248,*,0.0982138226038062,SWSAP1,chr19-11587529-11588334,4.75344301610671,9.99907434251208e-07,0.000386338863288109
chr17,2266343,2593210,326868,*,0.0733121485050412,PAFAH1B1,chr17-2265911-2266775,4.75298919192031,1.00215533129903e-06,0.000386824020017413
chr20,49473274,49568146,94873,*,0.127839770376479,PTGIS,chr20-49472841-49473706,4.75187840232364,1.00767783180129e-06,0.000388570937767951
chr5,67182650,67196799,14150,*,0.0996045191564959,CD180,chr5-67182200-67183100,4.75131719008042,1.01047910880131e-06,0.000389266108225701
chr7,135510110,135977353,467244,*,0.360807377578385,MTPN,chr7-135509666-135510553,4.74426836115874,1.04630640236987e-06,0.000402669934429119
chr19,17334829,17579983,245155,*,0.0969951050508158,ANO8,chr19-17579487-17580478,4.74291684056011,1.05331381550283e-06,0.000404966960159181
chr7,131328222,131426293,98072,*,0.317341933243795,MKLN1-AS,chr7-131425834-131426752,4.74255907661403,1.05517629486209e-06,0.000405283338822242
chr6,26197250,26235002,37753,*,0.0682200761607782,HIST1H3D,chr6-26234589-26235415,4.7418845780101,1.05869626613778e-06,0.000406235095222781
chr6,26027303,26033568,6266,*,0.0873228301450965,HIST1H2AB,chr6-26026848-26027757,4.73982552845872,1.06951162233273e-06,0.000409981558495241
chr7,151028422,151059678,31257,*,0.416260998523921,ABCB8,chr7-151059241-151060114,4.73933681616325,1.07209416922209e-06,0.000410164922531472
chr12,8396803,8453328,56526,*,0.0998965332393382,LINC00937,chr12-8452865-8453791,4.73940256124612,1.07174639816248e-06,0.000410164922531472
chr1,35497878,35573370,75493,*,0.0701774472600028,TFAP2E,chr1-35497474-35498281,4.737373447058,1.08252987028964e-06,0.000413751406855057
chr10,88851818,89123643,271826,*,0.188104508849392,ANKRD22,chr10-89123200-89124086,4.73666720394833,1.0863074969145e-06,0.000414788589899229
chr7,100464271,100626768,162498,*,0.0674020913385753,C7orf61,chr7-100626330-100627206,4.73588333664235,1.09051515126044e-06,0.000415987781554974
chr13,28495128,28622516,127389,*,0.123800692693542,FLT1,chr13-28622071-28622961,4.73367381468046,1.10245986106965e-06,0.000420133119997776
chr3,113947901,114291254,343354,*,0.0768628684282237,ZDHHC23,chr3-114290833-114291675,4.73267435402174,1.10790413810898e-06,0.000420973337280762
chr7,140177139,140479569,302431,*,0.3883223870056,MKRN1,chr7-140176686-140177592,4.73281582608792,1.10713194374567e-06,0.000420973337280762
chr12,1529891,1554567,24677,*,0.0955809268249986,WNT5B,chr12-1554099-1555035,4.73303728431026,1.10592420010344e-06,0.000420973337280762
chr12,6959295,7129698,170404,*,0.0678159687763769,CLSTN3,chr12-6958848-6959741,4.73170465835563,1.11321094915593e-06,0.000422166843336905
chr6,26056428,26158005,101578,*,0.0710981062189139,HIST1H1C,chr6-26157570-26158440,4.72742885937082,1.13690344629165e-06,0.000430732830265978
chr1,202085610,202144743,59134,*,0.110237357695254,ARL8A,chr1-202085218-202086001,4.72549852666929,1.14775749528439e-06,0.000434422868982146
chr1,23559794,23619764,59971,*,0.0552041407700516,ID3,chr1-23619331-23620197,4.72333492302894,1.16004145928234e-06,0.000437797176170511
chr10,73698159,74176648,478490,*,0.0848900151982687,AGAP5,chr10-74176188-74177108,4.72336849837761,1.1598498729629e-06,0.000437797176170511
chr17,4997948,5191917,193970,*,0.112818868136519,KIF1C,chr17-5191474-5192360,4.7220885456145,1.16717502789783e-06,0.000440063364580295
chr17,64082300,64130819,48520,*,0.0986737018538272,ERN1,chr17-64081851-64082749,4.71997028073617,1.17939551659716e-06,0.000444241256943418
chr14,101722207,102139503,417297,*,0.0785824795827833,WDR20,chr14-101721747-101722666,4.71633696017919,1.20064311579739e-06,0.000451808030868575
chr9,97697352,97922570,225219,*,0.0757247155202037,TRMO,chr9-97696917-97697787,4.71480730357598,1.20969802530451e-06,0.000454338337727373
chr7,151083546,151086282,2737,*,0.306230365436508,TMUB1,chr7-151085835-151086729,4.7143706094481,1.21229507330051e-06,0.000454875513875216
chr12,68365439,68686734,321296,*,0.0758275899131743,NUP107,chr12-68364984-68365894,4.71259456091383,1.22291260687061e-06,0.000458418197705503
chr22,37285053,37582616,297564,*,0.0768754842554821,LGALS2,chr22-37284608-37285498,4.71178464222597,1.22778402826552e-06,0.000459802170016684
chr17,1229021,1607558,378538,*,0.133760672987616,ABR,chr17-1607113-1608002,4.70863489144994,1.24690653663042e-06,0.000466515361917891
chr7,151227313,151277896,50584,*,0.31951281436672,SMARCD3,chr7-151226856-151227769,4.70756890504303,1.25344277520788e-06,0.000468511191563128
chr8,78558503,79011814,453312,*,0.114345527009896,PKIA-AS1,chr8-79011319-79012308,4.70682723681503,1.25800980200768e-06,0.00046976785185086
chr2,216695525,216912194,216670,*,0.0637763186840449,IGFBP5,chr2-216911755-216912632,4.70525169201837,1.26776472038503e-06,0.000472505364982356
chr11,47594659,48034101,439443,*,0.132829373106861,C1QTNF4,chr11-48033697-48034504,4.70536711452464,1.26704762912732e-06,0.000472505364982356
chr10,44311159,44386493,75335,*,0.128554175238041,CXCL12,chr10-44310683-44311634,4.70229246589687,1.28628324638176e-06,0.000478492458175976
chr19,8355816,8363289,7474,*,0.120749819053768,ANGPTL4,chr19-8355369-8356263,4.70247019143626,1.28516376879031e-06,0.000478492458175976
chr18,12819568,12929643,110076,*,0.0712094983821611,PTPN2,chr18-12819146-12819990,4.70148258030909,1.29139650640804e-06,0.000479936616602657
chr4,36189979,36281622,91644,*,0.0582261893733336,DTHD1,chr4-36189531-36190427,4.70092032871375,1.29495778235968e-06,0.000480801791779511
chr15,90143390,90160604,17215,*,0.0887234617749099,SEMA4B,chr15-90143060-90143720,4.70011365639,1.30008367591698e-06,0.000482245690983432
chr7,155003084,155297695,294612,*,0.346777706106384,PAXIP1,chr7-155297258-155298132,4.69984085558014,1.30182155526158e-06,0.000482431308899085
chr22,39244751,39300377,55627,*,0.199624425742049,PDGFB,chr22-39299935-39300819,4.69761518447537,1.31608375072119e-06,0.000487253449559502
chr8,22141951,22393119,251169,*,0.128485574061561,REEP4,chr8-22392701-22393536,4.69548865728331,1.32985063808685e-06,0.000491883236204397
chr1,94541800,94925730,383931,*,0.151208464151244,F3,chr1-94925385-94926075,4.69435170906245,1.33726770043264e-06,0.000493179220926974
chr6,130980552,131063322,82771,*,0.161729028436734,EPB41L2,chr6-130980073-130981031,4.6944601228641,1.33655873697427e-06,0.000493179220926974
chr7,135261373,135557919,296547,*,0.354033825950233,NUP205,chr7-135260908-135261838,4.69473299115254,1.33477593260414e-06,0.000493179220926974
chr16,10753332,10818794,65463,*,0.172515288342589,TVP23A,chr16-10752872-10753791,4.69417644057973,1.33841461821598e-06,0.000493179220926974
chr8,27311319,27378834,67516,*,0.0804717284807296,TRIM35,chr8-27378390-27379277,4.69302121951958,1.3459977776535e-06,0.000495505123336894
chr7,135211534,135510110,298577,*,0.374627578875248,WDR91,chr7-135509666-135510553,4.69138149402829,1.35683217960471e-06,0.000499022395172883
chr19,57888946,58381060,492115,*,0.108952730932452,ZNF837,chr19-57888467-57889425,4.68859495248724,1.37543634099579e-06,0.000505387943835902
chr3,113746300,114215248,468949,*,0.0703813926752249,NAA50,chr3-114214794-114215702,4.68758109107174,1.38226586171336e-06,0.000507419124972389
chr6,26032060,26199454,167395,*,0.0702026915155343,HIST1H3B,chr6-26199004-26199904,4.68597101842326,1.3931784683921e-06,0.000510943943800186
chr7,151086282,151227230,140949,*,0.405712063573058,ABCF2,chr7-151085835-151086729,4.68505475377857,1.39942550502277e-06,0.000512752661639225
chr7,158704948,158830253,125306,*,0.337167879186919,ESYT2,chr7-158704489-158705407,4.68327356663248,1.41164653127025e-06,0.000516744810806356
chr10,68472121,68600451,128331,*,0.0914541463526254,DNA2,chr10-68600014-68600887,4.68163979661971,1.42294609706612e-06,0.000520392478267748
chr19,45017084,45406349,389266,*,0.0591324753349356,PPP1R13L,chr19-45016794-45017373,4.67996575466704,1.43461419198798e-06,0.000524167958739361
chr1,39902056,39902256,201,*,0.0768028028801999,MYCL,chr1-39901606-39902505,4.67924144093608,1.43969107206533e-06,0.000525530378114993
chr4,36189979,36244509,54531,*,0.0657024364187104,ARAP2,chr4-36189531-36190427,4.67822114899273,1.44687178355172e-06,0.00052765749163817
chrX,56729241,57121546,392306,*,0.0646649491123174,SPIN2B,chrX-56728808-56729674,4.6775699206647,1.45147301563775e-06,0.000528840801955523
chr7,139340359,139359798,19440,*,0.36644036866992,LUC7L2,chr7-139359431-139360164,4.67592916333833,1.46312806078695e-06,0.00053173325585645
chr17,49210574,49566141,355568,*,0.0762884411518076,GNGT2,chr17-49565712-49566570,4.6758765128918,1.4635035437396e-06,0.00053173325585645
chr7,149028733,149090782,62050,*,0.233689514544562,ZNF786,chr7-149028276-149029189,4.67193053930363,1.49190936725167e-06,0.000541549209163684
chr7,99144100,99358288,214189,*,0.267338840029,SMURF1,chr7-99357840-99358736,4.67016629921937,1.50477999900508e-06,0.000545465964898706
chr11,124800480,125063067,262588,*,0.104961698452781,SLC37A2,chr11-124800036-124800924,4.66987748656219,1.50689708965429e-06,0.000545465964898706
chr7,101165593,101602751,437159,*,0.180691368693017,VGF,chr7-101602348-101603154,4.66886718033432,1.51432546665456e-06,0.000547646393159753
chr19,45251338,45406349,155012,*,0.0784045269447638,PPP1R13L,chr19-45250936-45251740,4.6664656742833,1.53212403712478e-06,0.000553569620130833
chr6,27808199,27867499,59301,*,0.072397237543845,HIST1H2AI,chr6-27867070-27867927,4.66531059483377,1.54075612377713e-06,0.000556173015154409
chr7,130441151,130486171,45021,*,0.182100315514544,MEST,chr7-130440705-130441597,4.66499167599386,1.54314765998844e-06,0.000556521000501216
chr7,151028400,151058530,30131,*,0.306039245933492,CDK5,chr7-151027967-151028833,4.66444577656576,1.54724956444337e-06,0.000557484599997577
chr6,26158005,26234933,76929,*,0.0779518995991348,HIST1H1D,chr6-26157570-26158440,4.66380799102115,1.55205515237543e-06,0.00055782635034564
chr7,47669660,47948491,278832,*,0.0774489601554041,PKD1L1,chr7-47669233-47670087,4.6637502847353,1.55249066344412e-06,0.00055782635034564
chr7,129611714,130070426,458713,*,0.210813694642677,NRF1,chr7-130069977-130070874,4.6638597889464,1.55166433169162e-06,0.00055782635034564
chr17,35713791,36066698,352908,*,0.0796756236918779,TAF15,chr17-36066239-36067157,4.66339154898261,1.55520068356969e-06,0.000558285540415295
chr20,33883902,33993646,109745,*,0.0630767476554186,RALY,chr20-33883644-33884159,4.66174557684668,1.56769323695662e-06,0.000562252386213442
chr1,25922954,26019884,96931,*,0.140890751501712,EXTL1,chr1-25922570-25923338,4.6614829306897,1.56969554551781e-06,0.000562453077032362
chr7,139776128,139777778,1651,*,0.352863392421543,HIPK2,chr7-139775670-139776585,4.66111419978664,1.57251074134295e-06,0.000562944405449066
chr6,118710075,118810664,100590,*,0.0626838772346215,CEP85L,chr6-118810169-118811158,4.65970933513425,1.58328107825157e-06,0.00056628008708122
chr5,171961213,172454523,493311,*,0.100543133639758,SH3PXD2B,chr5-171960773-171961652,4.65656102203338,1.60767504135464e-06,0.000573951767602737
chr6,26523450,26550642,27193,*,0.0943458336897057,HCG11,chr6-26550223-26551060,4.6567302228428,1.60635491325782e-06,0.000573951767602737
chr17,36103590,36196915,93326,*,0.107373169152714,CCL4,chr17-36196481-36197349,4.65599134867913,1.61212736533262e-06,0.000575014709633718
chr10,48634444,48656265,21822,*,0.209142202573489,ARHGAP22,chr10-48633989-48634899,4.65473525806802,1.62198625791964e-06,0.00057800236437156
chr2,95025677,95207410,181734,*,0.0797638880348765,MAL,chr2-95206960-95207859,4.65401068067067,1.6276996443243e-06,0.000579131295963088
chr5,34008108,34499249,491142,*,0.135753457700352,AMACR,chr5-34498774-34499723,4.65376884968397,1.62961080530947e-06,0.000579131295963088
chr14,34131231,34462774,331544,*,0.110697300711799,EGLN3,chr14-34130856-34131605,4.65388381065965,1.62870201443254e-06,0.000579131295963088
chr15,64151715,64153656,1942,*,0.0770695361215857,SNX22,chr15-64153239-64154073,4.65049979425548,1.65565787893179e-06,0.000587852035899194
chr7,151086282,151341699,255418,*,0.430548117211938,NUB1,chr7-151085835-151086729,4.64966801670395,1.66234873759e-06,0.000589690609687841
chr19,54208307,54223506,15200,*,0.151665793286225,LILRB3,chr19-54207870-54208744,4.64917891871379,1.6662951642187e-06,0.000590215774762889
chr19,4903080,4910109,7030,*,0.0764270773588984,UHRF1,chr19-4909670-4910547,4.64617072022696,1.69076596418931e-06,0.000597596094896765
chr15,55248012,55318960,70949,*,0.0760141678653952,PIGB,chr15-55247481-55248543,4.64529266423252,1.69797342198916e-06,0.000599599940678731
chr7,151028400,151028422,23,*,0.367788480584044,ABCB8,chr7-151027967-151028833,4.64259672617959,1.72028740007918e-06,0.000606929849317348
chr7,129188872,129224865,35994,*,0.325107567676554,SMO,chr7-129224411-129225318,4.6405982679173,1.737009610409e-06,0.000612275470738852
chr17,15502988,15944917,441930,*,0.122959467930293,ADORA2B,chr17-15502591-15503384,4.63941236304747,1.74700630652839e-06,0.000615242911122588
chr14,24271739,24339969,68231,*,0.0964260474608892,RABGGTA,chr14-24339513-24340425,4.63779296192077,1.76074633477262e-06,0.000619522093956476
chr6,26026232,26043657,17426,*,0.0532647460019831,HIST1H2BB,chr6-26025906-26026557,4.63699992282701,1.76751271942973e-06,0.000621028640930236
chr10,124093607,124307090,213484,*,0.0988472000535086,CHST15,chr10-124306637-124307542,4.63691788921196,1.76821406952526e-06,0.000621028640930236
chr8,141278636,141308305,29670,*,0.0936850484244822,SLC45A4,chr8-141278209-141279063,4.63561788425664,1.77936420430189e-06,0.000624382262624212
chr5,40441940,40755975,314036,*,0.0630143460119574,TTC33,chr5-40441389-40442490,4.63342649155963,1.79831252753174e-06,0.000630463790902253
chr14,91078598,91510554,431957,*,0.0775324108981734,PPP4R3A,chr14-91078081-91079115,4.63300568508821,1.80197319052389e-06,0.000631179561789864
chr1,30756819,31065991,309173,*,0.104470048203675,PUM1,chr1-30756396-30757242,4.63218309242451,1.80914969967812e-06,0.000632226688293919
chr12,104064457,104427801,363345,*,0.0648884631053705,HCFC2,chr12-104427339-104428263,4.63224100764971,1.80864353700992e-06,0.000632226688293919
chr14,74923396,75284257,360862,*,0.149465808870985,RPS6KL1,chr14-75283765-75284748,4.63210552938627,1.80982779140805e-06,0.000632226688293919
chr17,3796742,3801243,4502,*,0.111836376570152,ITGAE,chr17-3796309-3797174,4.6319030387341,1.81159920640463e-06,0.000632278938062004
chr2,230712845,230794180,81336,*,0.0778912170001618,CAB39,chr2-230793783-230794577,4.6315706951534,1.81451019559984e-06,0.000632728469387287
chr9,35517488,35691020,173533,*,0.0928618669092286,TPM2,chr9-35517090-35517885,4.63123482650987,1.8174566166103e-06,0.000633189541464485
chr6,42022662,42050513,27852,*,0.0790494581187959,TAF8,chr6-42022220-42023103,4.63061157020797,1.82293631508101e-06,0.000634531578845502
chr5,135393467,135452399,58933,*,0.116957823991719,TIFAB,chr5-135393044-135393890,4.62945606757709,1.83313748087467e-06,0.000637513214267574
chr19,18001132,18173673,172542,*,0.0947756090153177,ARRDC2,chr19-18173231-18174115,4.62847421733433,1.84184857339353e-06,0.000639401914545515
chr1,227728539,227762679,34141,*,0.055929150416996,SNAP47,chr1-227762225-227763132,4.62810147187611,1.84516599695777e-06,0.000639983678154786
chr7,151086282,151520120,433839,*,0.417231170774995,RHEB,chr7-151085835-151086729,4.62787024356079,1.84722680022441e-06,0.000640128944463187
chr12,110583336,111034024,450689,*,0.094051874643467,CUX2,chr12-110582917-110583755,4.6266219505333,1.85839027388842e-06,0.00064342554623086
chr7,48097657,48171458,73802,*,0.153902311012159,ABCA13,chr7-48097172-48098141,4.62515618580901,1.87158115963974e-06,0.000647417620450641
chr7,135510110,135510127,18,*,0.277586266227531,CNOT4,chr7-135509666-135510553,4.62385735661855,1.88334470361052e-06,0.000650909307971603
chr16,2682475,3075044,392570,*,0.081840594155324,KCTD5,chr16-3074595-3075493,4.62347351790325,1.88683469156626e-06,0.000651537890324615
chr2,30422528,30447226,24699,*,0.0724982323769535,LCLAT1,chr2-30422106-30422950,4.62161888010929,1.90378519747641e-06,0.000655648822267292
chr12,4321139,4720341,399203,*,0.110449005275585,GALNT8,chr12-4320651-4321626,4.62184330617874,1.90172631369808e-06,0.000655648822267292
chr13,40485808,40666597,180790,*,0.103408526077797,FOXO1,chr13-40485328-40486288,4.62161933960484,1.90378097988422e-06,0.000655648822267292
chr17,75721328,75869435,148108,*,0.100094188770226,ITGB4,chr17-75869004-75869865,4.62027819506756,1.91612921536284e-06,0.000659317570050868
chr6,26103876,26124054,20179,*,0.0930772778541163,HIST1H4C,chr6-26123597-26124510,4.61857648875135,1.93190776592482e-06,0.000664160587620213
chr17,28364356,28750191,385836,*,0.0575996955123684,SARM1,chr17-28749767-28750615,4.61838312880291,1.93370849635149e-06,0.000664193942484249
chr7,30347243,30390885,43643,*,0.0519528627837503,LINC01176,chr7-30346876-30347609,4.61811833932875,1.93617704887731e-06,0.000664456421530735
chr12,51238292,51319099,80808,*,0.0722602181337692,DAZAP2,chr12-51318660-51319537,4.61713432338069,1.94537723028405e-06,0.000667026564626822
chr17,14300957,14301083,127,*,0.0637640313844167,HS3ST3B1,chr17-14300496-14301417,4.61440633599941,1.97110252060313e-06,0.000675253303921064
chr11,126269055,126465947,196893,*,0.0847519657716029,FOXRED1,chr11-126465491-126466402,4.61260169580504,1.98829937285622e-06,0.000680546520725851
chr14,24115014,24188817,73804,*,0.0574236599229424,NRL,chr14-24188391-24189242,4.61231232650178,1.99107018567888e-06,0.000680897100023934
chr2,86808474,86861924,53451,*,0.121662454027104,CD8B,chr2-86808074-86808873,4.61119880408461,2.00176711493186e-06,0.000683955226371967
chr16,30378106,30400482,22377,*,0.0562898220564696,ZNF48,chr16-30400024-30400940,4.60817959000962,2.03104870597577e-06,0.000693352364380093
chr19,51124925,51225064,100140,*,0.123867823724885,CD33,chr19-51124477-51125372,4.60764651439004,2.03626115040763e-06,0.000693916505252373
chrX,154886349,155216368,330020,*,0.0668660377157001,F8A1,chrX-155215946-155216789,4.60768740333146,2.03586088242879e-06,0.000693916505252373
chr4,153656097,153701500,45404,*,0.275889043507784,TLR2,chr4-153655642-153656552,4.60699563035187,2.04264291645153e-06,0.000695483341715689
chr6,26020354,26204552,184199,*,0.0652733414408413,HIST1H4E,chr6-26019988-26020720,4.60465498393046,2.06575118267702e-06,0.000702737548053228
chr3,73061659,73503999,442341,*,0.0674158179339835,EBLN2,chr3-73503576-73504421,4.60424108921694,2.06986338058157e-06,0.000703522562028324
chr15,31326855,31361468,34614,*,0.0758978210235276,KLF13,chr15-31361003-31361932,4.60337036837122,2.07853994127243e-06,0.000705856230997334
chr1,206053378,206204414,151037,*,0.100723692119502,FAM72A,chr1-206052941-206053815,4.60132039393339,2.09910536855336e-06,0.000712219692028952
chr19,16324817,16330595,5779,*,0.0787677535191618,KLF2,chr19-16330139-16331051,4.60054931638275,2.10689119865321e-06,0.000714239780502046
chr7,135148072,135170712,22641,*,0.40736900026071,TMEM140,chr7-135170289-135171135,4.59964069671511,2.11610135663907e-06,0.000716738788956085
chr6,137867188,137873446,6259,*,0.0963616193801352,TNFAIP3,chr6-137872999-137873892,4.59879276155207,2.12473118195098e-06,0.000719037066619751
chr17,35880793,35890900,10108,*,0.169262344307743,CCL5,chr17-35890453-35891346,4.59852841960054,2.12742839956061e-06,0.000719325426214661
chr1,32209094,32222263,13170,*,0.102218950383379,DCDC2B,chr1-32221799-32222726,4.59720164157347,2.14101583565763e-06,0.000723292292515424
chr1,203765105,203765176,72,*,0.0815043982773939,LAX1,chr1-203764687-203765523,4.59657537876437,2.14745819733609e-06,0.00072484058281201
chr7,134986508,135261373,274866,*,0.296509109258762,AGBL3,chr7-135260908-135261838,4.5955989414869,2.15753987284317e-06,0.00072641289681849
chr8,22164736,22383728,218993,*,0.134448825889389,BMP1,chr8-22383283-22384172,4.59558285480569,2.15770634629503e-06,0.00072641289681849
chr1,24911293,24965121,53829,*,0.113017855301776,RUNX3,chr1-24910847-24911738,4.59501298127722,2.16361164478198e-06,0.000727772499518158
chr1,226739323,226799007,59685,*,0.0767575025508302,ITPKB,chr1-226798627-226799387,4.59467198545579,2.16715260643301e-06,0.000728335153382001
chr6,28729067,29005316,276250,*,0.117945351020488,ZNF311,chr6-28728611-28729523,4.59436419595367,2.17035351500066e-06,0.000728782651619325
chr12,6139019,6636447,497429,*,0.0813836343607615,LPAR5,chr12-6138601-6139437,4.59284050845287,2.18626619170265e-06,0.000733494188784563
chr6,32195523,32589807,394285,*,0.06416885783437,GPSM3,chr6-32589364-32590249,4.5916080806846,2.19921880192785e-06,0.000737205372630419
chr17,28711854,28854856,143003,*,0.0722303338262487,PROCA1,chr17-28854339-28855372,4.58920469599111,2.22468977475617e-06,0.000745102884938353
chr17,3905325,4366628,461304,*,0.0869167964148016,UBE2G1,chr17-3904905-3905744,4.58595630827069,2.25956554039604e-06,0.00075613403008968
chr5,52787896,53041512,253617,*,0.0544277933884627,ITGA1,chr5-53041055-53041969,4.58451541759508,2.2752025614104e-06,0.000760713781278703
chr1,205313911,205321791,7881,*,0.0751746020786443,NUAK2,chr1-205313468-205314353,4.58420398623027,2.27859591558647e-06,0.000761195522607727
chr8,124564750,124973298,408549,*,0.123605144075316,ZNF572,chr8-124564316-124565184,4.58401013500595,2.28071056489121e-06,0.000761249636253396
chr14,70809534,70809660,127,*,0.0650996812452783,MAP3K9,chr14-70809184-70810135,4.58086879269629,2.31524147000288e-06,0.000771454288515865
chrX,153830565,154305023,474459,*,0.103245495670547,PDZD4,chrX-154304453-154305592,4.58026643376335,2.32191981845941e-06,0.000773018860005155
chr1,235867027,235883640,16614,*,0.103092886326875,LYST,chr1-235866587-235867466,4.57872064610632,2.33914249747682e-06,0.000778088208981513
chr11,60252564,60378482,125919,*,0.181106038015304,MS4A7,chr11-60252074-60253053,4.57471162330313,2.38438186248754e-06,0.000792460390327784
chr12,10391874,10394614,2741,*,0.0673300105716788,KLRK1,chr12-10394158-10395069,4.57314120970643,2.40233045431333e-06,0.000797745598189916
chr2,134838547,134912613,74067,*,0.0574277384129152,ACMSD,chr2-134912113-134913113,4.57196845143858,2.41581848659357e-06,0.000801277695137053
chr7,143902167,143902198,32,*,0.337725002368344,TCAF1,chr7-143901730-143902604,4.57115168308594,2.42525505214414e-06,0.0008026235420955
chr7,151085831,151089274,3444,*,0.370329693840864,AGAP3,chr7-151088811-151089736,4.5708481834409,2.42877053564052e-06,0.000803105217014867
chr7,131110096,131426293,316198,*,0.37657744907213,MKLN1,chr7-131425834-131426752,4.57045931113947,2.43328203724492e-06,0.000803915143037294
chr6,42390556,42452051,61496,*,0.137390293775238,TRERF1,chr6-42390097-42391014,4.57008468635522,2.43763583599768e-06,0.000804128786706267
chr17,38901462,39154394,252933,*,0.0559702201855509,PLXDC1,chr17-38900967-38901957,4.57004873943011,2.43805399455898e-06,0.000804128786706267
chr6,26033568,26122987,89420,*,0.0524880950243895,HIST1H2AB,chr6-26122598-26123376,4.5697550018022,2.44147352146716e-06,0.000804575938538475
chr4,140756120,140790941,34822,*,0.118636202355265,TBC1D9,chr4-140790573-140791308,4.5678427045016,2.46384795321637e-06,0.000811263557649755
chr1,30756819,30757820,1002,*,0.229613360167411,LAPTM5,chr1-30756396-30757242,4.5664181798397,2.48064279249531e-06,0.00081610426492817
chr17,28950513,29195784,245272,*,0.0804539674084802,PIPOX,chr17-29195343-29196224,4.56591104370938,2.48664823893097e-06,0.000817390210154905
chr7,139109719,139340543,230825,*,0.219814624553983,ZC3HAV1,chr7-139340087-139340999,4.56426691694624,2.50621368315427e-06,0.000823127562599038
chr12,7188284,7188685,402,*,0.0935749824887884,PEX5,chr12-7187905-7188662,4.56369044252022,2.51310868861896e-06,0.000824697347201582
chr14,75427716,75427983,268,*,0.136972128869392,JDP2,chr14-75427562-75428404,4.56333772495728,2.51733637159842e-06,0.000825389923583169
chr14,73950414,74302952,352539,*,0.0787198554159337,FAM161B,chr14-74302519-74303385,4.56312077367623,2.51994013799476e-06,0.000825549329981122
chr16,74377878,74774780,396903,*,0.0883033881281018,NPIPB15,chr16-74774267-74775293,4.56234076202395,2.52932286153188e-06,0.000827927435947881
chr7,133053505,133082088,28584,*,0.329431659600915,CHCHD3,chr7-133053045-133053964,4.56147693424347,2.5397528442616e-06,0.000830644065302915
chr7,3028041,3301448,273408,*,0.116156839874827,SDK1,chr7-3027574-3028507,4.5602443451222,2.5547066424144e-06,0.000834135254571641
chr10,70602775,70602869,95,*,0.110685851930869,PRF1,chr10-70602500-70603238,4.56035640105229,2.55334370105009e-06,0.000834135254571641
chrX,149471177,149938811,467635,*,0.10100393834373,CXorf40B,chrX-149470736-149471617,4.55830063530649,2.57845921259351e-06,0.000841186176525529
chr7,151061063,151520120,459058,*,0.359763401813943,RHEB,chr7-151060610-151061516,4.55707732402047,2.59351662202217e-06,0.000845391005124238
chr6,57172326,57216682,44357,*,0.0673352334157446,BAG2,chr6-57216232-57217131,4.55670027515759,2.59817456479569e-06,0.000846201796520242
chr11,68121444,68121594,151,*,0.215181030151828,CHKA,chr11-68121160-68122028,4.55607806103395,2.60587872310066e-06,0.000848002530849947
chr1,160519926,160523262,3337,*,0.0550984902236099,SLAMF6,chr1-160519499-160520353,4.55587409333183,2.60840897643651e-06,0.000848117978550232
chr6,26103876,26233863,129988,*,0.0717548930373477,HIST1H4C,chr6-26233452-26234274,4.55518956323649,2.61691789301441e-06,0.000850175562022879
chr7,150685697,151058110,372414,*,0.145350921806651,GIMAP2,chr7-151057655-151058565,4.55386767939875,2.63342458461164e-06,0.000854496459613648
chr7,150685697,151028400,342704,*,0.137442125977329,GIMAP2,chr7-151027967-151028833,4.55229180526818,2.65323319315622e-06,0.000859109856161411
chr17,44947711,44947806,96,*,0.126456961486798,KIF18B,chr17-44947355-44948257,4.55243058080338,2.65148308372371e-06,0.000859109856161411
chr19,38681272,38769904,88633,*,0.0688074590593918,CAPN12,chr19-38680849-38681694,4.54889348390462,2.69643647204711e-06,0.000872374399585486
chr1,111489886,111563962,74077,*,0.150502073003161,TMIGD3,chr1-111489405-111490366,4.5474518717978,2.71496660808329e-06,0.000877641096264084
chr6,27753364,27807931,54568,*,0.0570420854748666,HIST1H2BL,chr6-27752941-27753787,4.54692139394673,2.72181587786611e-06,0.000879126233320512
chr19,51142350,51458456,316107,*,0.20125245252413,SIGLEC8,chr19-51141897-51142802,4.54656412085758,2.72643813177112e-06,0.000879890197472876
chr5,150155872,150161769,5898,*,0.0922562266772777,PDGFRB,chr5-150161329-150162209,4.54428324162567,2.75612482963935e-06,0.000888000642218645
chr2,172084740,172097247,12508,*,0.146584683581109,DLX1,chr2-172096820-172097673,4.54263859312648,2.77772243331949e-06,0.000894220186684119
chr9,113444731,113517322,72592,*,0.0607716557970703,RGS3,chr9-113516871-113517772,4.54213281084487,2.78439690014948e-06,0.000895629290690655
chr6,111751367,111873452,122086,*,0.0551550074079084,FYN,chr6-111750795-111751938,4.54149641940788,2.79281674093413e-06,0.000897597025627909
chr12,12357079,12380124,23046,*,0.0517510949402115,BORCS5,chr12-12379664-12380583,4.53968107291221,2.816969001809e-06,0.000904613673223429
chr6,26055381,26216975,161595,*,0.063199090944926,HIST1H2AE,chr6-26054978-26055783,4.53819174476476,2.83693293060857e-06,0.000910274878077048
chr19,50050719,50333515,282797,*,0.0836060983094012,KCNC3,chr19-50050400-50051037,4.53770390598851,2.84350163545657e-06,0.000911632236501656
chr22,21735834,21767248,31415,*,0.0705677433456995,YPEL1,chr22-21766809-21767687,4.53654566222955,2.85915564872853e-06,0.000915897738675525
chr17,4766565,5234860,468296,*,0.110767151672706,SCIMP,chr17-4766251-4766879,4.53549419209651,2.87343798928971e-06,0.000919717197865824
chr5,36606355,36612009,5655,*,0.192427719231639,SLC1A3,chr5-36611579-36612438,4.53514478446293,2.87819916511605e-06,0.000920485398620854
chr1,198156963,198656722,499760,*,0.0563692670101042,NEK7,chr1-198656293-198657150,4.53482018095382,2.88262911485341e-06,0.000921146496462155
chr7,133053505,133253073,199569,*,0.279598380209464,EXOC4,chr7-133053045-133053964,4.53444292150219,2.88778587426113e-06,0.000922038573834929
chr20,3420484,3707128,286645,*,0.149877833126042,SIGLEC1,chr20-3420028-3420939,4.53392527304689,2.89487598248209e-06,0.000923545983242724
chr5,5140330,5291526,151197,*,0.127012504198161,ADAMTS16,chr5-5291074-5291978,4.52989399423352,2.950664409122e-06,0.000940574342784162
chr17,7836978,7929803,92826,*,0.0609745140844403,KCNAB3,chr17-7836562-7837393,4.52958134912948,2.95503380096254e-06,0.000941197579552981
chr17,68539924,68591796,51873,*,0.121751976738044,LINC01482,chr17-68539525-68540323,4.52865710747463,2.96798684105637e-06,0.000944551515068987
chr1,23531220,23984744,453525,*,0.056989223418896,E2F2,chr1-23984270-23985217,4.5275501734113,2.98357179284509e-06,0.000947963676107779
chr1,227728539,227748636,20098,*,0.0566743686790495,SNAP47,chr1-227748194-227749077,4.52768382319101,2.98168593706437e-06,0.000947963676107779
chr14,22570404,22871613,301210,*,-0.0602111947773807,LRP10,chr14-22569953-22570855,-4.52682581972439,2.99381260967316e-06,0.000949669514651181
chr5,139390081,139638516,248436,*,0.132701296837205,MZB1,chr5-139638105-139638927,4.52539707351932,3.01411073530736e-06,0.000955330974293532
chr7,75994659,76310749,316091,*,0.15984426556784,TMEM120A,chr7-76310300-76311198,4.52460857877678,3.02536917115389e-06,0.000957705688828814
chr13,28100592,28139351,38760,*,0.0756981346587293,FLT3,chr13-28138897-28139804,4.52272496821393,3.0524272279835e-06,0.000965121540700587
chr7,140177139,140673153,496015,*,0.295101666906819,ADCK2,chr7-140176686-140177592,4.52224741876842,3.05932393429063e-06,0.000965950719799447
chr7,151057210,151086282,29073,*,0.475659121231399,SLC4A2,chr7-151085835-151086729,4.52220030319772,3.06000517876609e-06,0.000965950719799447
chr7,135261373,135729258,467886,*,0.216731630054371,SLC13A4,chr7-135260908-135261838,4.52165404583089,3.06791412484855e-06,0.000967663800485807
chr6,26216692,26286640,69949,*,0.0534205060902188,HIST1H2BG,chr6-26286352-26286927,4.52035049727851,3.08686656768517e-06,0.000972854571661437
chr19,6482557,6767683,285127,*,0.071358920808977,DENND1C,chr19-6767222-6768143,4.51962312823188,3.0974905163272e-06,0.000975414275259444
chr12,46218207,46270017,51811,*,0.0651754772354018,SLC38A1,chr12-46217787-46218627,4.51943964920481,3.10017593099116e-06,0.000975471983090206
chr17,64130819,64379098,248280,*,0.0928638829367448,ERN1,chr17-64378639-64379556,4.51917215256726,3.10409502649034e-06,0.000975917463118801
chr7,151028422,151086282,57861,*,0.389085958103671,ABCB8,chr7-151085835-151086729,4.51875652543662,3.11019379016723e-06,0.000977046953653728
chr22,21666009,21767248,101240,*,0.061581391380405,PPIL2,chr22-21766809-21767687,4.5161333022071,3.14895139988938e-06,0.00098842592685159
chr11,130002835,130146951,144117,*,0.0734347059958933,PRDM10,chr11-130146529-130147373,4.5124283832915,3.2044789178988e-06,0.00100423835619026
chr12,10226058,10293741,67684,*,0.0508203321088473,KLRD1,chr12-10293315-10294167,4.51215610377386,3.20859645559065e-06,0.00100472108064653
chr14,64615124,64704102,88979,*,0.106261842816095,PLEKHG3,chr14-64614680-64615568,4.51166149543581,3.2160891064013e-06,0.00100625904519162
chr7,156893230,156893264,35,*,0.351144553654644,LMBR1,chr7-156892824-156893703,4.50921823520426,3.2533474628843e-06,0.00101628526850991
chr7,156893264,157138913,245650,*,0.289723053309562,UBE3C,chr7-156892824-156893703,4.50936620973601,3.2510792352112e-06,0.00101628526850991
chr5,177472956,177474401,1446,*,0.0893346372927606,DBN1,chr5-177472666-177473246,4.50829909435994,3.26747045966856e-06,0.00101987981876918
chrX,1468492,1537107,68616,*,0.0848459909089711,P2RY8,chrX-1467959-1469025,4.50764559258973,3.277547453697e-06,0.00102220674393495
chr10,110388195,110497838,109644,*,0.0726201133714906,DUSP5,chr10-110387787-110388603,4.50614269594976,3.30083504758707e-06,0.0010286467985387
chr7,129224865,129434433,209569,*,0.313218455825921,STRIP2,chr7-129224411-129225318,4.50408798153914,3.33292940319119e-06,0.00103533800294254
chr7,148884411,149028641,144231,*,0.30371141790772,PDIA4,chr7-148883952-148884870,4.50436781053468,3.32854101929917e-06,0.00103533800294254
chr7,150824706,151048292,223587,*,0.0945105327166742,ASIC3,chr7-150824189-150825223,4.50424985991775,3.3303900910404e-06,0.00103533800294254
chr17,75289510,75393959,104450,*,0.0822100889450346,SLC25A19,chr17-75393503-75394414,4.50455395893153,3.32562483203761e-06,0.00103533800294254
chr14,91947743,92322581,374839,*,0.123700178576583,SLC24A4,chr14-91947292-91948194,4.50294726941852,3.35087581693e-06,0.00103925667381209
chr11,124790069,124800480,10412,*,0.0734766200457081,AP000866.1,chr11-124800036-124800924,4.50146738986771,3.3742960208097e-06,0.0010456884358543
chr19,40056209,40285500,229292,*,0.0813070256870177,ZNF780B,chr19-40285074-40285926,4.50118080750568,3.3788494629548e-06,0.00104626784815874
chr10,19816239,19816249,11,*,0.184108492779351,PLXDC2,chr10-19815798-19816699,4.50098161198159,3.38201789747831e-06,0.0010464178106093
chr4,74038794,74099293,60500,*,0.151829974319214,CXCL2,chr4-74038344-74039243,4.49963896869161,3.40344844571037e-06,0.00105221346824511
chr6,107290652,107489958,199307,*,0.09223927747068,SOBP,chr6-107290192-107291112,4.4976834615168,3.43489370740067e-06,0.00106081852688521
chr7,130913390,131110096,196707,*,0.348444733970474,MKLN1,chr7-130912954-130913826,4.49757015608616,3.43672419137523e-06,0.00106081852688521
chr1,160796074,160796097,24,*,0.071845525267718,LY9,chr1-160795657-160796537,4.49670947076261,3.45065932218666e-06,0.00106427724531101
chr3,112514765,112975122,460358,*,0.0602949837014208,CD200R1,chr3-112514322-112515207,4.49624339252614,3.45822801429125e-06,0.00106576846468575
chr19,40298246,40426025,127780,*,0.0960524870337122,SERTAD1,chr19-40297787-40298704,4.4955085551855,3.47019337611851e-06,0.00106861123859917
chr7,130668748,130881322,212575,*,0.303013323280302,COPG2,chr7-130880884-130881760,4.49418627559962,3.4918238681221e-06,0.00107357611879742
chr10,6062325,6202868,140544,*,0.146073455754267,IL2RA,chr10-6202442-6203294,4.49340204263206,3.50471359198444e-06,0.00107668999469056
chr11,72712615,73142261,429647,*,0.170490447173035,FCHSD2,chr11-72712187-72713043,4.49232035157806,3.52256705862983e-06,0.00108132268735508
chr6,26233863,26251651,17789,*,0.0641396821197099,HIST1H2BH,chr6-26233452-26234274,4.48989934940778,3.56284179713219e-06,0.00109282533461493
chr14,61476944,61695513,218570,*,0.0771921165464198,HIF1A,chr14-61476516-61477371,4.48806393553694,3.59366804770817e-06,0.00110141405325089
chr5,149345430,149357953,12524,*,0.0839116259938,GRPEL2,chr5-149357514-149358392,4.48661792969676,3.61813356165028e-06,0.00110804132386212
chr6,26033568,26250270,216703,*,0.0733289810031907,HIST1H2AB,chr6-26249890-26250649,4.48554920988223,3.63631791529529e-06,0.0011127361161018
chr1,26693236,26744222,50987,*,0.0709564897543012,ARID1A,chr1-26743797-26744647,4.48435260893439,3.6567818863287e-06,0.00111812057407766
chr7,73667825,74033972,366148,*,0.135533414323874,VPS37D,chr7-74033543-74034400,4.48315353559469,3.6773985858605e-06,0.00112354325509004
chr8,23164030,23336132,172103,*,0.089596429363135,TNFRSF10D,chr8-23335673-23336591,4.4814039832407,3.70767966233191e-06,0.00113102216879454
chr19,10339823,10797748,457926,*,0.0795631305953572,ICAM3,chr19-10797308-10798187,4.48148305051267,3.70630604480912e-06,0.00113102216879454
chr9,129753047,130118223,365177,*,0.130277112737556,PTGES,chr9-130117810-130118635,4.48040517793168,3.725073647778e-06,0.00113514569194829
chr12,10226058,10554435,328378,*,0.0942368057553496,KLRD1,chr12-10554013-10554856,4.48013360330332,3.72981653881862e-06,0.00113514569194829
chr21,26170727,26171128,402,*,0.183430044256406,APP,chr21-26170243-26171210,4.47996041416523,3.73284420004952e-06,0.00113514569194829
chr22,50475024,50539694,64671,*,0.0811383460247153,SBF1,chr22-50539250-50540138,4.48009456264107,3.73049883554958e-06,0.00113514569194829
chr15,64029795,64072033,42239,*,0.0865888533731991,DAPK2,chr15-64029340-64030249,4.47926841076919,3.74496514988942e-06,0.00113794400125853
chr8,38231597,38386207,154611,*,0.0535009114425914,LETM2,chr8-38231148-38232046,4.47772030356627,3.77221780902989e-06,0.00114487011042871
chr22,37953669,37998739,45071,*,0.133854965536853,C22orf23,chr22-37998291-37999186,4.47764024570307,3.77363228071394e-06,0.00114487011042871
chr7,99358288,99374249,15962,*,0.255987192970618,ARPC1B,chr7-99357840-99358736,4.47715959565981,3.78213513026639e-06,0.00114655749984807
chr11,68004982,68121594,116613,*,0.129066628580876,UNC93B1,chr11-68121160-68122028,4.47633781887845,3.79671506995814e-06,0.00114919018901655
chr14,34169783,34462774,292992,*,0.0848677363266936,EGLN3,chr14-34169332-34170233,4.47646643944895,3.79442954553654e-06,0.00114919018901655
chr17,36072664,36090169,17506,*,0.0527985311286818,CCL3,chr17-36072169-36073159,4.47414986074221,3.83579624359176e-06,0.00115921925360987
chr17,78899674,79022814,123141,*,0.176192335443302,C1QTNF1,chr17-78899223-78900124,4.47387074278217,3.840809407356e-06,0.00115983518906007
chr14,105486317,105857206,370890,*,0.0732925885961182,CRIP1,chr14-105856907-105857504,4.47340009647755,3.84927675111503e-06,0.00116149244580162
chr7,139133744,139340543,206800,*,0.362802896643474,TTC26,chr7-139340087-139340999,4.47320644527358,3.85276588774647e-06,0.00116158170062004
chr19,1065923,1068246,2324,*,0.0659484118071706,ARHGAP45,chr19-1067823-1068668,4.47305306189947,3.85553163919213e-06,0.00116158170062004
chr6,36840002,37102684,262683,*,0.109315542497395,CPNE5,chr6-37102252-37103115,4.47246504722016,3.86615209730738e-06,0.00116388195169072
chr7,116614820,116752153,137334,*,0.137288751151319,LINC01510,chr7-116751767-116752539,4.47119666682587,3.8891563361812e-06,0.00116990383948527
chr7,150685697,151059678,373982,*,0.144173725748128,GIMAP2,chr7-151059241-151060114,4.46904440016624,3.92849108977961e-06,0.0011808250642504
chr7,102512812,102616757,103946,*,0.0636390085744132,RASA4,chr7-102512358-102513265,4.46703891761877,3.96548531309085e-06,0.00119003384058863
chr7,134317051,134646729,329679,*,0.409849984257508,SLC35B4,chr7-134646276-134647181,4.4667232840606,3.97133790927278e-06,0.00119003384058863
chr7,148884321,149028733,144413,*,0.164040680035667,EZH2,chr7-149028276-149029189,4.46707295452761,3.96485468067683e-06,0.00119003384058863
chr17,386254,417069,30816,*,0.0562012741944587,RPH3AL,chr17-416599-417538,4.46678078824071,3.97027103032496e-06,0.00119003384058863
chr10,133379234,133401094,21861,*,0.0709806440654248,PAOX,chr10-133400633-133401554,4.46501542203276,4.00314922605039e-06,0.00119864495551014
chr6,149400227,149724000,323774,*,0.0758172322664296,SUMO4,chr6-149723495-149724504,4.46448432006058,4.01309129659835e-06,0.00120069966858132
chr7,158704948,158856578,151631,*,0.368728561807758,WDR60,chr7-158704489-158705407,4.46360110788087,4.02967705087422e-06,0.00120418648013939
chr17,32007872,32080030,72159,*,0.0699217412962072,LRRC37B,chr17-32079578-32080482,4.46346880786378,4.03216713575812e-06,0.00120418648013939
chr22,38844052,39040604,196553,*,0.0704721273663781,APOBEC3F,chr22-38843711-38844393,4.46337085329508,4.03401173538174e-06,0.00120418648013939
chr2,88627576,88765748,138173,*,0.105961971002872,EIF2AK3,chr2-88765305-88766191,4.46283721867072,4.04407487829777e-06,0.0012062667784653
chr1,172659018,172662834,3817,*,0.0826184372705836,FASLG,chr1-172662385-172663282,4.46218447438705,4.05641679096858e-06,0.00120902308776199
chr13,48444704,48501005,56302,*,0.122855799389035,LPAR6,chr13-48500548-48501461,4.46080478293015,4.08262221086475e-06,0.00121590407498094
chr20,57711536,58082211,370676,*,0.1009343670515,PMEPA1,chr20-58081692-58082729,4.45877299980824,4.12150806699109e-06,0.00122654821597909
chr10,43138486,43362407,223922,*,0.100194265515765,CSGALNACT2,chr10-43361951-43362862,4.45817254414424,4.13306766521765e-06,0.00122905011092329
chr2,95816215,96148704,332490,*,0.0716383242314958,LINC00342,chr2-96148245-96149162,4.45632409060303,4.16884779821841e-06,0.00123780171502745
chr17,3696182,3696404,223,*,0.0593531397143949,P2RX5,chr17-3695746-3696617,4.45644709974811,4.16645756922601e-06,0.00123780171502745
chr1,28592200,28877335,285136,*,0.125770363883359,RAB42,chr1-28876902-28877767,4.45493027871295,4.19602311546522e-06,0.00124114551529051
chr2,73986404,74182038,195635,*,0.116002767394774,TET3,chr2-74181470-74182605,4.45543223897937,4.18621688559191e-06,0.00124114551529051
chr8,38901235,38996736,95502,*,0.117474534845872,PLEKHA2,chr8-38996291-38997181,4.45493004453179,4.19602769551752e-06,0.00124114551529051
chr20,59123381,59163861,40481,*,0.0762745674092303,ZNF831,chr20-59163431-59164290,4.45520221285726,4.19070792366824e-06,0.00124114551529051
chr22,24181259,24270825,89567,*,0.116344916491942,SUSD2,chr22-24270385-24271265,4.45493394086457,4.19595149271095e-06,0.00124114551529051
chr19,17555594,17561415,5822,*,0.134661180921223,COLGALT1,chr19-17560882-17561947,4.45303087614232,4.23332868992046e-06,0.00125122945900142
chr4,98261384,98447224,185841,*,0.070679784955244,RAP1GDS1,chr4-98446817-98447630,4.45143255435206,4.26496623664793e-06,0.00125962546764369
chr3,186930485,187065482,134998,*,0.144956798121788,ST6GAL1,chr3-187065029-187065935,4.4487329952184,4.31891570617613e-06,0.00127362929340709
chr12,9870136,10286141,416006,*,0.0639069245063028,CLEC2B,chr12-10285695-10286587,4.44801520895613,4.33336973103782e-06,0.00127692581737306
chr7,151232489,151341692,109204,*,0.386052003543366,CHPF2,chr7-151341241-151342142,4.4468879160906,4.35616332164862e-06,0.00128267294809015
chr1,12166991,12230067,63077,*,0.0601453761064778,VPS13D,chr1-12166574-12167407,4.44508259862627,4.39290525040194e-06,0.00129251539447524
chr8,102097955,102124907,26953,*,0.0964940239436795,NCALD,chr8-102097501-102098408,4.44348144644849,4.42573963118738e-06,0.001301194152864
chr5,141373914,141682155,308242,*,0.111293701067042,PCDHGA6,chr5-141681669-141682640,4.44126177805692,4.47164586458226e-06,0.00131370013835653
chr12,10293741,10391874,98134,*,0.06465230080946,KLRK1,chr12-10293315-10294167,4.44088055213785,4.47957586013838e-06,0.00131503886161647
chr7,135261373,135510127,248755,*,0.298023477178878,CNOT4,chr7-135260908-135261838,4.44047638968863,4.48799763949819e-06,0.00131651983126685
chr11,537438,560404,22967,*,0.0709387412953941,RASSF7,chr11-536984-537892,4.44003630094348,4.49718524264068e-06,0.00131822305354433
chr1,206590310,206684944,94635,*,0.0620418222808143,MAPKAPK2,chr1-206589893-206590727,4.43778419521791,4.54448378787269e-06,0.00132995553751754
chr10,119306285,119726097,419813,*,0.0726320347055509,INPP5F,chr10-119305953-119306617,4.43777547286881,4.54466789461127e-06,0.00132995553751754
chr17,30906344,30921968,15625,*,0.16907112383509,ADAP2,chr17-30921567-30922368,4.43764391933126,4.54744552166175e-06,0.00132995553751754
chr14,51826195,51847311,21117,*,0.0724955667143514,GNG2,chr14-51846876-51847746,4.43693641818361,4.56241157261634e-06,0.00133333229116014
chr5,141320738,141412987,92250,*,0.131887174450315,PCDHGA10,chr5-141320310-141321166,4.43609063694693,4.58036447695034e-06,0.00133657503897309
chr6,26103876,26235002,131127,*,0.0580632653306307,HIST1H4C,chr6-26234589-26235415,4.43613956990208,4.57932396875717e-06,0.00133657503897309
chr19,43463634,43951223,487590,*,0.166264865824163,ZNF221,chr19-43463220-43464047,4.43566925385647,4.58933410144173e-06,0.00133819078393064
chr1,42931041,42959173,28133,*,0.0681668558943095,SLC2A1,chr1-42930680-42931401,4.43479792350874,4.60793463046386e-06,0.00134159449461275
chr11,68010340,68121444,111105,*,0.215561905831122,CHKA,chr11-68009914-68010765,4.43463918440197,4.61133102505846e-06,0.00134159449461275
chr17,753999,1187265,433267,*,0.0741392959171712,GEMIN4,chr17-1186830-1187699,4.4348718391807,4.60635394053925e-06,0.00134159449461275
chr1,168081660,168281040,199381,*,0.0840795479692504,TBX19,chr1-168081289-168082030,4.43206829986292,4.66667204911417e-06,0.0013556717076686
chr12,113197044,113221094,24051,*,0.0903725459231943,IQCD,chr12-113196623-113197464,4.43211784276305,4.66559961470293e-06,0.0013556717076686
chr17,1830634,2244895,414262,*,0.0758791735161652,SMYD4,chr17-2244447-2245342,4.43128285964872,4.6837056402878e-06,0.0013596068587323
chr11,60184666,60252564,67899,*,0.164119876275517,MS4A6A,chr11-60252074-60253053,4.42891085713156,4.73550780023518e-06,0.00137362141885215
chr6,52498690,52576915,78226,*,0.105771324444664,TRAM2,chr6-52498361-52499018,4.42724691594618,4.77217277213564e-06,0.00138322758331793
chr14,24094053,24094180,128,*,0.0861072192924657,PCK2,chr14-24093725-24094634,4.42415454507144,4.84103473913546e-06,0.00140214492951073
chr6,26158005,26251651,93647,*,0.0609965149322762,HIST1H2BH,chr6-26157570-26158440,4.42191443787464,4.89150996152569e-06,0.00141571265146304
chr11,118224054,118225094,1041,*,0.0750164199045791,JAML,chr11-118223667-118224440,4.41914044801541,4.95471178788425e-06,0.00143294087531918
chr1,40381671,40531561,149891,*,0.0704749838872294,ZNF684,chr1-40381233-40382109,4.41867550027215,4.96538106261079e-06,0.00143496200001553
chr16,28110500,28494649,384150,*,0.0527353602748879,APOBR,chr16-28109984-28111016,4.41768232936615,4.98824515827626e-06,0.00143943549329705
chr16,68079907,68530090,450184,*,0.0694653120872588,ZFP90,chr16-68079499-68080315,4.41773325741674,4.98707028588604e-06,0.00143943549329705
chr2,218370684,218382029,11346,*,0.300154025515576,SLC11A1,chr2-218370242-218371125,4.4168172408057,5.00824254047299e-06,0.00144413710864532
chr7,139230356,139359798,129443,*,0.364557619199104,UBN2,chr7-139359431-139360164,4.41643180548035,5.01717689747303e-06,0.00144564408561246
chr7,135510110,135729258,219149,*,0.182045188952962,SLC13A4,chr7-135509666-135510553,4.41593186028567,5.028788263284e-06,0.00144791961744298
chr16,27402144,27402162,19,*,0.0783926156469187,IL21R,chr16-27401665-27402623,4.41534699230007,5.04240456041833e-06,0.00145076863667026
chr18,79069285,79071374,2090,*,0.0628161798223185,ATP9B,chr18-79070912-79071835,4.41454105309899,5.06122531430719e-06,0.00145510974279741
chr6,26156337,26285638,129302,*,0.0687557636867137,HIST1H4H,chr6-26155904-26156769,4.41402399649816,5.07333522514941e-06,0.00145540884911689
chr19,43670547,43674606,4060,*,0.168940281445302,PLAUR,chr19-43674113-43675098,4.41401844561588,5.07346538160597e-06,0.00145540884911689
chr7,151061063,151085831,24769,*,0.36045105171287,AGAP3,chr7-151060610-151061516,4.41302988415898,5.09669598529145e-06,0.00146099788474841
chr2,42792593,43027242,234650,*,0.0890514821151208,HAAO,chr2-43026723-43027760,4.41269801785899,5.10451739558253e-06,0.0014621648168278
chr5,156963255,157390685,427431,*,0.0603038286312484,TIMD4,chr5-157390259-157391110,4.41107046812495,5.14304166546119e-06,0.00147211826678662
chr6,32666694,32763534,96841,*,0.0866032052323933,HLA-DQB2,chr6-32666256-32667132,4.410482513125,5.15702676998671e-06,0.00147503829811655
chr11,60971680,61102458,130779,*,0.0933399610883266,CD6,chr11-61102003-61102912,4.41001380869907,5.16820138670892e-06,0.00147715076760355
chr10,87659613,88027657,368045,*,0.0554782285488004,PAPSS2,chr10-88027225-88028089,4.40920013749845,5.18765546599386e-06,0.0014816248049294
chr19,11155808,11639792,483985,*,0.093598468926383,SPC24,chr19-11639328-11640255,4.40868614634896,5.19998050864926e-06,0.00148405768759731
chr11,636824,809753,172930,*,0.109184622405872,PIDD1,chr11-636391-637257,4.40756720729594,5.22690842548658e-06,0.00148956191775789
chr15,90388218,90419969,31752,*,0.0635336008551756,IQGAP1,chr15-90419532-90420406,4.40658311478002,5.2507011933807e-06,0.00149524935108974
chr14,50062810,50416461,353652,*,0.0651666785704813,CDKL1,chr14-50062420-50063200,4.4036800827775,5.32149290988826e-06,0.0015131981428926
chr16,79600714,79600745,32,*,0.078113489487494,MAF,chr16-79600371-79601119,4.40335194019078,5.32955190140037e-06,0.00151438518065943
chr14,105061730,105065445,3716,*,0.0644067740719553,GPR132,chr14-105061288-105062171,4.40184770170576,5.36664451837113e-06,0.00152381434725129
chr14,101761798,101823774,61977,*,0.0722330483050056,PPP2R5C,chr14-101823371-101824176,4.39951954445366,5.42454033169211e-06,0.00153913238529173
chr7,135211534,135662448,450915,*,0.357667386470327,WDR91,chr7-135661995-135662901,4.39931362189543,5.42968975026213e-06,0.0015394730243776
chr10,70052796,70233474,180679,*,0.0746822724599888,H2AFY2,chr10-70233026-70233922,4.39871017674774,5.44480674099154e-06,0.00154263720755017
chr5,141651419,142025116,373698,*,0.0717993937905382,FCHSD1,chr5-142024685-142025547,4.39638632415136,5.50339810148718e-06,0.00155494386770405
chr11,75195427,75351705,156279,*,0.114574202264795,ARRB1,chr11-75194978-75195876,4.39635476847951,5.50419784285215e-06,0.00155494386770405
chr16,11233306,11256179,22874,*,0.0793214605068444,SOCS1,chr16-11232860-11233752,4.39646930118074,5.50129567571002e-06,0.00155494386770405
chr7,149028733,149461123,432391,*,0.147211315855314,ZNF777,chr7-149028276-149029189,4.39580146282791,5.51823876595181e-06,0.00155778162156687
chr3,160399274,160449796,50523,*,0.0932736577120226,SMC4,chr3-160449346-160450246,4.39495978046057,5.53966325442756e-06,0.00156156818442884
chr19,51225064,51417668,192605,*,0.129391305345272,CD33,chr19-51417222-51418113,4.39500781270212,5.53843849070524e-06,0.00156156818442884
chr7,150722253,151058110,335858,*,-0.150669309252568,GIMAP5,chr7-151057655-151058565,-4.39367615268605,5.57249015616514e-06,0.00156745044199287
chr17,7329393,7549211,219819,*,0.0801443790162248,NEURL4,chr17-7548812-7549610,4.39396359578644,5.56512312208203e-06,0.00156745044199287
chr17,1332802,1463162,130361,*,0.0737540043405177,CRK,chr17-1332402-1333202,4.39322207220608,5.58414700397503e-06,0.00156956804455203
chr17,14069495,14300957,231463,*,0.0677398904567887,COX10-AS1,chr17-14300496-14301417,4.39171895194522,5.62290039524696e-06,0.00157932202081255
chr5,172413006,172454523,41518,*,0.224326914230345,SH3PXD2B,chr5-172412541-172413471,4.39138508561766,5.63154290446895e-06,0.00158061070150686
chr19,41549518,41887763,338246,*,0.0651811924905181,CEACAM21,chr19-41887333-41888193,4.39040452472964,5.65699921386645e-06,0.00158590961296099
chr10,114938193,114967181,28989,*,0.0621875791820121,TRUB1,chr10-114966744-114967618,4.38980526716817,5.67261056071477e-06,0.00158760305544949
chr18,50374995,50854036,479042,*,0.145753726966551,SKA1,chr18-50853516-50854555,4.38980010628962,5.67274518597094e-06,0.00158760305544949
chr7,150722253,151028400,306148,*,-0.149983355915268,GIMAP5,chr7-151027967-151028833,-4.38774067574209,5.72671106573803e-06,0.00160155650100438
chr9,94639756,94640249,494,*,0.125879221465284,FBP1,chr9-94639352-94640159,4.38672717556388,5.75344869501119e-06,0.00160788063128853
chr17,39730529,40219304,488776,*,0.0825133671295913,WIPF2,chr17-39730068-39730990,4.38626013354598,5.76581002250338e-06,0.00161018092327578
chr6,27132893,27133042,150,*,0.079790272646242,HIST1H2AG,chr6-27132437-27133348,4.38455114871269,5.81125864237491e-06,0.00162055136212242
chr6,106141947,106316102,174156,*,0.0551299159918375,AL022067.1,chr6-106141501-106142392,4.38470566565884,5.80713541003809e-06,0.00162055136212242
chr12,123742333,123972831,230499,*,0.0778893177193952,CCDC92,chr12-123741861-123742804,4.38427117915356,5.81873665494828e-06,0.00162147685661537
chr1,228406840,228452886,46047,*,0.0599329513302184,TRIM11,chr1-228452421-228453351,4.38297455576768,5.85348952182551e-06,0.00162999614075908
chr7,140479440,140673153,193714,*,0.277442921696808,ADCK2,chr7-140479007-140479872,4.38257656204426,5.86419646366272e-06,0.00163064815959475
chr19,6887566,7183370,295805,*,0.0948244075408216,ADGRE1,chr19-7182898-7183842,4.38269174252701,5.86109592452178e-06,0.00163064815959475
chr1,192575678,192575727,50,*,0.0988051227892595,RGS1,chr1-192575234-192576122,4.38102198140227,5.90619762439016e-06,0.00163765501867977
chr2,86793905,86861924,68020,*,0.100900992795712,CD8B,chr2-86793482-86794327,4.38111307106704,5.90372869461855e-06,0.00163765501867977
chr11,111379345,111455630,76286,*,0.11807076272559,POU2AF1,chr11-111378925-111379764,4.38111813090579,5.90359157966032e-06,0.00163765501867977
chr16,10818794,10868800,50007,*,0.111681642680589,TVP23A,chr16-10868353-10869247,4.38117677524216,5.90200261722067e-06,0.00163765501867977
chr5,139384553,139458998,74446,*,0.0553212787707328,SLC23A1,chr5-139458554-139459442,4.37972924444024,5.94134288173082e-06,0.00164389240960151
chr11,313506,415081,101576,*,0.0804063772997657,IFITM1,chr11-414668-415494,4.37711841914338,6.0129322043314e-06,0.00166102054917531
chr11,134360300,134411918,51619,*,0.0586763016398876,B3GAT1,chr11-134359697-134360903,4.37700614398223,6.01602919937703e-06,0.00166102054917531
chr16,88634893,88706421,71529,*,0.0840880174465242,RNF166,chr16-88634678-88635107,4.37707159675101,6.01422356694568e-06,0.00166102054917531
chr2,74178898,74182038,3141,*,0.0875438879766114,MOB1A,chr2-74181470-74182605,4.37500019816269,6.07161839566592e-06,0.00167518228930442
chr6,157054664,157381133,326470,*,-0.0708818848105036,ZDHHC14,chr6-157054218-157055110,-4.37424042070371,6.09280123374872e-06,0.00167983786886804
chr8,133046333,133302022,255690,*,0.0777402412705351,NDRG1,chr8-133045689-133046976,4.37403789434515,6.09845962791562e-06,0.00168020966986725
chr7,99358288,99408829,50542,*,0.214267111330472,PDAP1,chr7-99357840-99358736,4.37321963274731,6.12137218393545e-06,0.00168414198211122
chr11,128324840,128587558,262719,*,0.135861786430884,ETS1,chr11-128324377-128325302,4.37332336625496,6.11846294901197e-06,0.00168414198211122
chr2,219176856,219229757,52902,*,0.055081251224173,ANKZF1,chr2-219176487-219177224,4.37292322197716,6.12969238305367e-06,0.00168433551210113
chr17,29706599,29930276,223678,*,0.0932473621410014,SSH2,chr17-29706168-29707030,4.37288676365268,6.13071650696036e-06,0.00168433551210113
chr7,140348297,140673993,325697,*,0.178196418970275,DENND2A,chr7-140347868-140348725,4.37238412203835,6.14485249654625e-06,0.00168703030667855
chr14,75278598,75278774,177,*,0.172124389820197,FOS,chr14-75278166-75279029,4.37202527688191,6.15496346532551e-06,0.00168861704214221
chr11,46450162,46700615,250454,*,0.102710626878648,ARHGAP1,chr11-46449747-46450577,4.37163596917709,6.16595071420701e-06,0.00168961352386552
chr22,39388668,39457344,68677,*,0.0829903997287406,MGAT3,chr22-39388196-39389139,4.37158949480803,6.16726358838902e-06,0.00168961352386552
chr1,156251922,156641390,389469,*,0.167937344271628,BCAN,chr1-156251516-156252328,4.37085778346783,6.18796920899433e-06,0.00169266079229445
chr7,123535077,124032907,497831,*,0.0877152667765184,IQUB,chr7-124032508-124033305,4.37073635156689,6.19141184298626e-06,0.00169266079229445
chr19,41997497,42302641,305145,*,0.0574945982926947,ATP1A3,chr19-42302187-42303095,4.37088133619718,6.18730169298066e-06,0.00169266079229445
chr16,234813,527717,292905,*,0.0675908346723836,CAPN15,chr16-234360-235265,4.37025792999459,6.20499304434944e-06,0.00169518496729202
chr13,36819224,37289656,470433,*,0.0539783785929477,RFXAP,chr13-37289165-37290147,4.37005340353522,6.21080771330093e-06,0.00169558530017212
chr3,10026414,10220950,194537,*,0.0742048506685421,FANCD2,chr3-10220457-10221443,4.36973510365224,6.21986729451176e-06,0.00169687033205038
chr1,55151400,55215113,63714,*,0.0690881165368233,USP24,chr1-55150944-55151855,4.36944967201386,6.2280020895431e-06,0.00169790144798081
chr16,17364435,17470881,106447,*,0.0740252402813545,XYLT1,chr16-17363984-17364885,4.36734307681663,6.28835474333564e-06,0.00171315700447162
chr4,86936202,86939732,3531,*,0.0728260738364642,C4orf36,chr4-86939315-86940149,4.36687367697846,6.30187858345186e-06,0.00171564243681276
chr2,241858908,241859033,126,*,0.0835030004841329,PDCD1,chr2-241858608-241859458,4.36497666548858,6.35681646828439e-06,0.00172939121688319
chr19,16134028,16566324,432297,*,0.0602621453023575,HSH2D,chr19-16565907-16566740,4.36451132866225,6.37036236030862e-06,0.00173186785696725
chr6,26124054,26197250,73197,*,0.0899074714417114,HIST1H3D,chr6-26123597-26124510,4.36363641507188,6.39590558413979e-06,0.00173760040682095
chr19,46661138,47095160,434023,*,0.140795645579916,DACT3,chr19-47094712-47095608,4.3631668320373,6.40965539664123e-06,0.00174012324212491
chr10,114541394,114821744,280351,*,0.064150536734203,FAM160B1,chr10-114540937-114541851,4.36236934577913,6.43307115262094e-06,0.00174526489561001
chr2,101252866,101328565,75700,*,0.156914911074451,TBC1D8,chr2-101328111-101329019,4.36099689398146,6.47356023609586e-06,0.00175502809816582
chr15,50182196,50260466,78271,*,0.0757017074086622,SLC27A2,chr15-50260020-50260911,4.36021845507585,6.49663311988751e-06,0.00175883709378777
chr7,151086282,151232489,146208,*,0.400493021246277,CHPF2,chr7-151085835-151086729,4.35793586172106,6.56474225380389e-06,0.00177604295428866
chr6,26056428,26216774,160347,*,0.0809964494083166,HIST1H1C,chr6-26216342-26217206,4.35754979406253,6.57632907346211e-06,0.00177794385710635
chr2,86786229,86861924,75696,*,0.0905793775750838,CD8B,chr2-86785918-86786539,4.35660215317809,6.60485283606333e-06,0.0017844179402945
chr6,33620365,33904620,284256,*,0.0652274984632758,ITPR3,chr6-33904207-33905033,4.35629041860748,6.61426174300987e-06,0.00178499319894506
chr7,158587788,158704948,117161,*,0.353796729248741,PTPRN2,chr7-158704489-158705407,4.35622825939736,6.6161393874486e-06,0.00178499319894506
chr2,241617880,241858908,241029,*,0.066820118626318,PDCD1,chr2-241617410-241618350,4.35600735987912,6.62281621879816e-06,0.0017855588855677
chr2,156332991,156342348,9358,*,0.0757713582673735,NR4A2,chr2-156332543-156333438,4.35579991072425,6.62909235672101e-06,0.00178601583514333
chr7,150877247,151341699,464453,*,0.373903629522893,NUB1,chr7-150876779-150877714,4.35516321289646,6.64839037492745e-06,0.00178997809699324
chr15,40439721,40776921,337201,*,0.0763134215885389,BAHD1,chr15-40776463-40777379,4.35495535262082,6.65470212004532e-06,0.00179044094610346
chr1,46206044,46673867,467824,*,0.0899956940317344,ATPAF1,chr1-46205542-46206545,4.35284334854861,6.71915876835153e-06,0.00180553885351952
chr10,79239530,79347469,107940,*,0.0691638269672992,PPIF,chr10-79239088-79239971,4.35281328276437,6.72008063690021e-06,0.00180553885351952
chr10,69045714,69451473,405760,*,0.0977807231406551,TSPAN15,chr10-69045282-69046145,4.35061411322671,6.78783910151782e-06,0.00182248805055436
chr7,150877247,151057210,179964,*,0.436947297418178,SLC4A2,chr7-150876779-150877714,4.3497726130938,6.81393850079239e-06,0.00182823644350373
chr17,72237203,72615258,378056,*,0.123646952783143,SOX9-AS1,chr17-72614813-72615703,4.3490036157751,6.83787288715928e-06,0.00183339643796755
chr16,668086,981371,313286,*,0.0817427644051782,RHOT2,chr16-980958-981784,4.34783417488561,6.87442450185648e-06,0.00184066493193527
chr7,150685697,151080905,395209,*,0.144452990696937,GIMAP2,chr7-151080453-151081357,4.34695752226899,6.90194697280872e-06,0.00184676584162212
chr11,128302694,128587558,284865,*,0.0751922922862061,ETS1,chr11-128302254-128303133,4.34662536962164,6.91240231994487e-06,0.00184829483486636
chr11,125063067,125063152,86,*,0.101828626117513,SLC37A2,chr11-125062699-125063605,4.34336413802056,7.01586336424093e-06,0.00187467331341745
chr7,152025674,152436601,410928,*,0.337174633836127,GALNT11,chr7-152436212-152436989,4.34205361475844,7.05785370477065e-06,0.00188460163185771
chr19,18173162,18173673,512,*,0.177107025709362,IFI30,chr19-18173231-18174115,4.34162446591967,7.0716560367089e-06,0.0018869946948823
chr16,10765998,11256179,490182,*,0.0901877892858936,SOCS1,chr16-10765566-10766430,4.34121131026716,7.08496831298451e-06,0.00188925380762903
chr6,26020354,26032060,11707,*,0.0636621713517884,HIST1H3B,chr6-26019988-26020720,4.3405693742335,7.10569954244817e-06,0.0018934867929067
chr16,56932048,56932049,2,*,0.137978478285372,HERPUD1,chr16-56931592-56932505,4.33973158800953,7.13284275815596e-06,0.00189942145830097
chr7,155003448,155297695,294248,*,0.337435162292996,PAXIP1-AS1,chr7-155297258-155298132,4.33598797791675,7.25534374573588e-06,0.00192940673258024
chr6,7909545,7910814,1270,*,0.123572875520052,TXNDC5,chr6-7909132-7909958,4.3354905080265,7.27177252402031e-06,0.0019324574383329
chr15,69072926,69074427,1502,*,0.113165350629613,EWSAT1,chr15-69073960-69074894,4.33430109932422,7.31119627904019e-06,0.00194161068922096
chr1,160751751,161069970,318220,*,0.0852031038532992,ARHGAP30,chr1-160751299-160752203,4.33339985488332,7.3412042753261e-06,0.00194692732594859
chr9,27005693,27351662,345970,*,0.0768111767251386,LRRC19,chr9-27351216-27352108,4.33341803409745,7.34059781801186e-06,0.00194692732594859
chr6,34889447,35214419,324973,*,0.0724883192134738,SCUBE3,chr6-34889077-34889817,4.33300046830258,7.35453984484877e-06,0.00194913804731066
chr7,151028400,151277896,249497,*,0.305282876289699,SMARCD3,chr7-151027967-151028833,4.33242564899014,7.3737736904401e-06,0.00195290789454175
chr3,149146117,149222055,75939,*,0.1010755523285,CP,chr3-149145733-149146500,4.33193708138446,7.3901591952082e-06,0.00195550567959663
chr7,158818659,158830253,11595,*,0.307481624448749,ESYT2,chr7-158818211-158819106,4.33183418839982,7.39361442733506e-06,0.00195550567959663
chr22,26596717,26610436,13720,*,0.0689374225317034,TPST2,chr22-26609933-26610938,4.32936838404863,7.47688047171268e-06,0.00197351171676245
chr2,108534355,108591323,56969,*,0.13436871531886,LIMS1,chr2-108590834-108591811,4.32903413900168,7.4882359403305e-06,0.00197517168999305
chr5,177357837,177431713,73877,*,0.0714631334486523,RGS14,chr5-177431318-177432107,4.32752792240172,7.53961169203734e-06,0.00198737842959036
chr7,151061063,151227230,166168,*,0.357469648417913,ABCF2,chr7-151060610-151061516,4.32630271574931,7.58165013757899e-06,0.0019957606140685
chr1,227728539,227739629,11091,*,0.052652296697421,SNAP47,chr1-227739172-227740086,4.32598740374791,7.5925050084713e-06,0.00199726940793695
chr5,32531633,32573312,41680,*,0.0577583190980569,SUB1,chr5-32572869-32573754,4.32542548462785,7.6118862716379e-06,0.00200101759053984
chr7,150877247,151028422,151176,*,0.365450192879248,ABCB8,chr7-150876779-150877714,4.32390045514087,7.66472437496083e-06,0.00201219402493416
chr2,86790929,86861924,70996,*,0.0933819398266621,CD8B,chr2-86790480-86791377,4.32344925059899,7.68042429384225e-06,0.00201495879663727
chr1,160756483,160796074,39592,*,0.0693637577222237,LY9,chr1-160756029-160756936,4.32242514837478,7.71617235850326e-06,0.00201920096453016
chr2,60868007,60881521,13515,*,0.106032637446343,REL,chr2-60867562-60868452,4.32239258055785,7.71731179306488e-06,0.00201920096453016
chr16,74700960,75098594,397635,*,0.0788194690615056,MLKL,chr16-75098179-75099009,4.32245181604821,7.71523946886402e-06,0.00201920096453016
chr15,74400071,74696292,296222,*,0.0861533687450698,EDC3,chr15-74399650-74400491,4.32056418550365,7.78153889960045e-06,0.00203327647659989
chr7,150877247,151080866,203620,*,0.367064104573903,FASTK,chr7-150876779-150877714,4.32034247118302,7.78936174233788e-06,0.00203395730339846
chr16,88686493,88781352,94860,*,0.0508476888547904,SNAI3,chr16-88781008-88781696,4.31824314330801,7.86380575415671e-06,0.00205013921746111
chr17,3893194,3916500,23307,*,0.125694609201674,P2RX1,chr17-3892749-3893638,4.31825259861782,7.86346894510568e-06,0.00205013921746111
chr7,135211534,135261373,49840,*,0.380802210799409,WDR91,chr7-135260908-135261838,4.31683079154234,7.91427009638141e-06,0.00206105145331629
chr16,30182827,30185929,3103,*,0.110511669055961,CORO1A,chr16-30185471-30186386,4.31449489284902,7.9984115912532e-06,0.00208157326813968
chr2,96325331,96342289,16959,*,0.0533950041886606,ITPRIPL1,chr2-96341915-96342663,4.31384621938768,8.02192833599881e-06,0.00208490987043054
chr20,36646168,36646216,49,*,0.06477930961727,SLA2,chr20-36645724-36646611,4.31396911740148,8.01746778666951e-06,0.00208490987043054
chr2,104433267,104503085,69819,*,0.152561989491139,LINC01102,chr2-104502621-104503549,4.31304417435472,8.05109648252868e-06,0.00208831408243963
chr6,45156305,45328157,171853,*,0.0506029212305418,RUNX2,chr6-45155850-45156760,4.31305642522099,8.05065019330244e-06,0.00208831408243963
chr7,100148907,100466086,317180,*,0.168508648235557,LAMTOR4,chr7-100465638-100466533,4.31318243018988,8.04606130176252e-06,0.00208831408243963
chr15,28099358,28099431,74,*,0.191096517637213,OCA2,chr15-28099003-28099859,4.31050434211806,8.14413151879788e-06,0.00211104119738457
chr3,114213857,114276913,63057,*,0.0751749810118186,TIGIT,chr3-114213398-114214315,4.31008142883524,8.15972217308184e-06,0.00211360487796882
chr7,141015228,141128672,113445,*,0.321184874819333,MRPS33,chr7-141128214-141129130,4.30994209329709,8.164864990358e-06,0.00211360487796882
chr1,39833681,39902256,68576,*,0.0814215063666187,MYCL,chr1-39833287-39834075,4.30935571288178,8.18654192803273e-06,0.0021178100489233
chr11,3153702,3166739,13038,*,0.090517400739188,OSBPL5,chr11-3153267-3154137,4.30837211483596,8.22302617813414e-06,0.00212442889436577
chr2,96164971,96325331,160361,*,0.0778336822273708,ITPRIPL1,chr2-96164571-96165371,4.30806680581204,8.23438237769556e-06,0.00212537426255663
chr14,63436000,63728039,292040,*,0.0961357061603789,SGPP1,chr14-63435616-63436383,4.30798067159223,8.2375889073881e-06,0.00212537426255663
chr7,151028422,151341692,313271,*,0.361564108202225,ABCB8,chr7-151341241-151342142,4.30550993010411,8.33007582915715e-06,0.00214781529242631
chr1,21669363,21964098,294736,*,0.13712224620266,RAP1GAP,chr1-21963626-21964570,4.30198905149643,8.46358388221464e-06,0.00218079649943764
chr8,100336218,100410073,73856,*,0.0847253356868629,RNF19A,chr8-100409646-100410499,4.30054190144913,8.51904750386345e-06,0.00218929974124995
chr10,5942770,6062325,119556,*,0.201665964958666,IL2RA,chr10-5942340-5943199,4.30063374629705,8.51551717985369e-06,0.00218929974124995
chrX,107522450,107673027,150578,*,0.0686055869314681,FRMPD3,chrX-107672644-107673409,4.30069346530164,8.5132224541257e-06,0.00218929974124995
chr11,60188706,60243088,54383,*,0.109813624700057,MS4A4E,chr11-60188251-60189160,4.30020974405468,8.53182658635689e-06,0.00219113943237444
chr3,119457315,119559602,102288,*,0.11137326404692,CD80,chr3-119456891-119457738,4.29981552654065,8.54701701219317e-06,0.00219350530847756
chr7,134459284,134646729,187446,*,0.346563876867842,AKR1B1,chr7-134646276-134647181,4.29967879253638,8.55229181557588e-06,0.00219350530847756
chr3,179451493,179451590,98,*,0.175374104925773,GNB4,chr3-179451049-179451936,4.2987469172907,8.58832357448971e-06,0.0022003344138022
chr20,57601422,57711536,110115,*,0.102058529678662,PMEPA1,chr20-57600921-57601922,4.29869833609562,8.59020596997565e-06,0.0022003344138022
chr7,130668748,130891398,222651,*,0.33500109232854,COPG2,chr7-130890980-130891815,4.2958214891055,8.70238000720228e-06,0.00222760357883639
chr7,135148072,135261373,113302,*,0.376599850260852,TMEM140,chr7-135260908-135261838,4.29507563989512,8.73168920585816e-06,0.00223363943588072
chr7,48109306,48171458,62153,*,0.106730002998765,ABCA13,chr7-48108895-48109716,4.29481331740615,8.7420198783228e-06,0.00223481569416649
chr6,27838434,27867529,29096,*,0.0921310624389637,HIST1H1B,chr6-27838008-27838859,4.29409312002181,8.77044229684178e-06,0.00223914503622028
chr7,151058530,151086282,27753,*,0.316362394467824,CDK5,chr7-151085835-151086729,4.29372503001268,8.78500286072477e-06,0.00224139459113827
chr1,203475632,203475828,197,*,0.17569244428126,PRELP,chr1-203475200-203476064,4.29263562539552,8.82823160055384e-06,0.00225095078217078
chr11,65497598,65570423,72826,*,0.0761118841890719,SSSCA1-AS1,chr11-65497149-65498047,4.2924092906562,8.83723819754191e-06,0.0022517745005151
chr17,44821073,44968071,146999,*,0.128805790660774,C1QL1,chr17-44820588-44821558,4.2910332461688,8.89218418992444e-06,0.00226429509523868
chr17,4710489,4764791,54303,*,0.0905542052124136,ARRB2,chr17-4764258-4765324,4.29072435421772,8.90456302194668e-06,0.00226596716921146
chr14,75514468,75522425,7958,*,0.0685150407685135,BATF,chr14-75514100-75514836,4.29005012765848,8.93163967735576e-06,0.00227137481506621
chr6,158649912,158819412,169501,*,0.0862826951455818,EZR,chr6-158649486-158650338,4.2882043039387,9.00616910103956e-06,0.00228883509542274
chr13,76745814,76990660,244847,*,0.0916134425065248,CLN5,chr13-76745375-76746252,4.28736436456247,9.04027941246336e-06,0.0022960071723177
chr9,34271535,34311371,39837,*,0.092333375806495,KIF24,chr9-34271207-34271862,4.28637455749222,9.08063390036273e-06,0.0023047547443517
chr2,217902843,218382029,479187,*,0.217254451146249,SLC11A1,chr2-217902398-217903288,4.28517748371148,9.1296679562643e-06,0.00231569246069327
chr9,131762644,132161676,399033,*,0.0597737451747337,NTNG2,chr9-131762172-131763115,4.28255632373971,9.23791717229701e-06,0.00234010427904765
chr14,24115014,24332489,217476,*,0.0555427264087344,NRL,chr14-24331981-24332996,4.2817683658278,9.27069671746353e-06,0.00234688289395883
chr7,47453920,47582558,128639,*,0.23473936710686,TNS3,chr7-47453475-47454365,4.28123113417323,9.29310938440746e-06,0.00235103003227126
chr7,134744252,135170712,426461,*,0.439223212132974,CALD1,chr7-135170289-135171135,4.28100040776614,9.30275085150587e-06,0.0023519429474457
chr7,148884411,149090782,206372,*,0.211035117347459,ZNF786,chr7-148883952-148884870,4.28085587170867,9.30879549738259e-06,0.00235194591201918
chr1,223143282,223200992,57711,*,0.147629903587592,TLR5,chr1-223200499-223201484,4.28036754474819,9.32924551618812e-06,0.00235406150354496
chr7,139339457,139359798,20342,*,0.242696824691403,FMC1,chr7-139359431-139360164,4.28046224377356,9.32527639531735e-06,0.00235406150354496
chr2,98505566,98731126,225561,*,0.153845120744116,MGAT4A,chr2-98505118-98506013,4.2785275870277,9.40668380345371e-06,0.00237206629634155
chr6,27838339,27867499,29161,*,0.0615457025962604,HIST1H2AK,chr6-27867070-27867927,4.27770139212934,9.44165469848573e-06,0.00237815618264203
chr19,9709471,9793180,83710,*,0.113796160880979,ZNF846,chr19-9709024-9709917,4.27766886079307,9.44303420459523e-06,0.00237815618264203
chr2,97713543,97713560,18,*,0.067669578419293,ZAP70,chr2-97713066-97714020,4.27707946305538,9.46806115768122e-06,0.00237831351703888
chr6,27814912,27824108,9197,*,0.0715936852966445,HIST1H4J,chr6-27814480-27815343,4.27750724876055,9.44989028276871e-06,0.00237831351703888
chr8,19901717,20265758,364042,*,0.2085921009607,LPL,chr8-20265323-20266192,4.27735378447933,9.45640509699119e-06,0.00237831351703888
chr19,47290023,47447389,157367,*,0.111709830407895,C5AR1,chr19-47446853-47447925,4.27710727496482,9.46687879202053e-06,0.00237831351703888
chr6,27810064,27867499,57436,*,0.0520322240702305,HIST1H3H,chr6-27867070-27867927,4.27673046926604,9.48290986652931e-06,0.00238050957970778
chr14,104800596,105197522,396927,*,0.0608270533085908,ZBTB42,chr14-105197035-105198008,4.275075509433,9.55362626910259e-06,0.00239517704711394
chr10,33005792,33110117,104326,*,0.0755230063277861,ITGB1,chr10-33109663-33110570,4.27410935237089,9.59514204942018e-06,0.00240403940761604
chr7,129225023,129388610,163588,*,0.310622261815371,AHCYL2,chr7-129388148-129389072,4.272939297985,9.64564936364559e-06,0.00241412024305493
chr7,151061063,151080866,19804,*,0.333951623554272,FASTK,chr7-151060610-151061516,4.27289048218451,9.64776207042567e-06,0.00241412024305493
chr19,40090938,40444594,353657,*,0.0886862494522147,ZNF780A,chr19-40444167-40445020,4.27254791063082,9.66260068263156e-06,0.00241628236133757
chr7,129611714,129952891,341178,*,0.214070281146473,NRF1,chr7-129952468-129953313,4.27144338434763,9.71059180463736e-06,0.00242517209239044
chr10,89235619,89414557,178939,*,0.122536575298001,LIPA,chr10-89235162-89236076,4.27152402190097,9.70708047527751e-06,0.00242517209239044
chr7,135148072,135510110,362039,*,0.339517773219081,TMEM140,chr7-135509666-135510553,4.26938820814699,9.80049298835593e-06,0.00244449250959471
chr7,100190228,100307702,117475,*,0.0630225193605839,SPDYE3,chr7-100189831-100190625,4.26899078764973,9.81796887949433e-06,0.00244728568005666
chr11,60243088,60252564,9477,*,0.114460296140318,MS4A4E,chr11-60252074-60253053,4.26724160655971,9.89523951554915e-06,0.00246497055310918
chr17,47522942,47733200,210259,*,-0.0612366292663483,NPEPPS,chr17-47732746-47733653,-4.26655350222048,9.92579518346864e-06,0.00247100325917345
chr2,26173091,26503516,330426,*,0.0727885212442453,GAREM2,chr2-26503024-26504007,4.26555107169992,9.97046952219082e-06,0.00247737889366803
chr7,139340359,139340543,185,*,0.346493870244766,LUC7L2,chr7-139340087-139340999,4.26566297765532,9.96547284092647e-06,0.00247737889366803
chr3,160449796,160485773,35978,*,0.0675031734986878,TRIM59,chr3-160449346-160450246,4.2644630800346,1.00191736449068e-05,0.00248789483045491
chr4,6909242,6925435,16194,*,0.165882329543193,TBC1D14,chr4-6924908-6925962,4.26382907384955,1.00476594205037e-05,0.00249338008937124
chr5,72598741,72955981,357241,*,0.209207018963455,FCHO2,chr5-72598322-72599160,4.26183622341464,1.01377008384952e-05,0.00251412401227037
chr13,110536683,110561733,25051,*,0.288252312065064,RAB20,chr13-110536156-110537210,4.26144947247472,1.01552638995152e-05,0.00251687853894075
chr15,70015034,70098176,83143,*,0.0810859730819285,TLE3,chr15-70014547-70015521,4.2606803801181,1.01902759071343e-05,0.0025239513614664
chr14,24609699,24665829,56131,*,0.072635809975923,GZMH,chr14-24665315-24666343,4.25660616575378,1.03776750034572e-05,0.00256873482885574
chr16,57892751,58000453,107703,*,0.0552563390672266,ZNF319,chr16-57892334-57893167,4.25641672406271,1.03864679793555e-05,0.00256928002200997
chr7,151086282,151277896,191615,*,0.33843779723521,SMARCD3,chr7-151085835-151086729,4.25552895137214,1.04277687285956e-05,0.00257786080810429
chr1,169586588,169659097,72510,*,0.0616561467578146,F5,chr1-169658674-169659520,4.25494344674445,1.04550929495165e-05,0.00258297775447078
chr16,57390875,57863053,472179,*,0.133196838953953,KIFC3,chr16-57390441-57391309,4.25450474242111,1.04756109789754e-05,0.00258640778427836
chr7,156438175,156640281,202107,*,0.164903791230205,RNF32,chr7-156437720-156438630,4.25220640102706,1.05837315179636e-05,0.00261144867072223
chr14,75278774,75341206,62433,*,0.139452599156999,FOS,chr14-75340804-75341607,4.25176929873219,1.06044139324204e-05,0.00261489688828713
chr1,41023237,41109534,86298,*,0.0709079095161792,SLFNL1,chr1-41109090-41109978,4.25048244086103,1.06655279408607e-05,0.00262664396639318
chr1,32251239,32274039,22801,*,0.086972673701347,LCK,chr1-32273579-32274499,4.24991181151039,1.06927347981358e-05,0.0026316818475523
chr20,23049741,23162577,112837,*,0.0730982545942397,THBD,chr20-23162152-23163001,4.24784620704737,1.07917735830711e-05,0.00265438139741793
chr8,138496822,138684811,187990,*,0.150767015286897,FAM135B,chr8-138684218-138685404,4.24724117488901,1.08209477876296e-05,0.00265987902705105
chr7,150567277,151059678,492402,*,-0.161617763727573,GIMAP4,chr7-151059241-151060114,-4.2461386547894,1.08743036485813e-05,0.00267131003529093
chr7,149714804,149872968,158165,*,0.304171745344914,ATP6V0E2,chr7-149714349-149715258,4.24560409701156,1.09002633372694e-05,0.00267525867853747
chr16,67237683,67390653,152971,*,0.0534683695057177,SLC9A5,chr16-67390129-67391176,4.2455251511941,1.09041021726092e-05,0.00267525867853747
chr1,16646584,17119435,472852,*,0.0788636660098371,PADI2,chr1-16646189-16646978,4.24500441527137,1.0929455841407e-05,0.00267741382475482
chr6,42050357,42402473,352117,*,0.0571064055282048,CCND3,chr6-42402070-42402875,4.24494876611284,1.09321686122861e-05,0.00267741382475482
chr11,111540780,111871581,330802,*,0.0892971820532348,ALG9,chr11-111540384-111541175,4.24461562443406,1.09484219249317e-05,0.00267938743520305
chr3,129578086,129893576,315491,*,0.122526126082749,TMCC1,chr3-129577680-129578492,4.2444069712963,1.09586134035656e-05,0.00268019909197418
chr19,14118084,14505669,387586,*,0.0905198150154595,PRKACA,chr19-14505104-14506233,4.24386570262334,1.09850933076407e-05,0.00268499096938579
chr7,156640654,156893264,252611,*,0.213701053312153,LINC01006,chr7-156892824-156893703,4.24371648345453,1.09924040988002e-05,0.0026850944377979
chr16,3065297,3075044,9748,*,0.100321558489062,IL32,chr16-3074595-3075493,4.24351425630306,1.10023193356418e-05,0.00268583356145186
chr2,111898479,112033741,135263,*,0.0972441078616427,MERTK,chr2-112033393-112034089,4.24244593263309,1.10548408849656e-05,0.00269696610055421
chr7,138002239,138460334,458096,*,0.226056622266552,TRIM24,chr7-138001795-138002682,4.24201376776621,1.10761549456044e-05,0.00270047602117183
chr7,134646729,134744252,97524,*,0.460799447667129,CALD1,chr7-134646276-134647181,4.24080116007148,1.11361689288077e-05,0.00271341108077096
chr7,135170712,135211534,40823,*,0.408462380091158,WDR91,chr7-135170289-135171135,4.24020838244387,1.11656189894701e-05,0.00271888750423665
chr7,150877247,151058530,181284,*,0.305111016390337,CDK5,chr7-150876779-150877714,4.23986212575692,1.11828558082451e-05,0.00272138495790011
chr2,16665933,16666331,399,*,0.110520491938578,FAM49A,chr2-16665504-16666362,4.23846153724258,1.12528365027137e-05,0.00273670668512534
chr7,151341692,151520120,178429,*,0.358559599177465,RHEB,chr7-151341241-151342142,4.23811344322846,1.12702936474491e-05,0.00273924346573899
chr7,139340543,139777778,437236,*,0.357133271388309,HIPK2,chr7-139340087-139340999,4.23759210355995,1.12964873928628e-05,0.00274389919195161
chr7,151089274,151520120,430847,*,0.354506960416333,RHEB,chr7-151088811-151089736,4.23660424786478,1.1346279356056e-05,0.00275427752149261
chr1,227563543,227762679,199137,*,0.0713617757097632,ZNF678,chr1-227762225-227763132,4.23504963674433,1.14250613304474e-05,0.00276823058408798
chr7,134646729,134646808,80,*,0.316387784014143,BPGM,chr7-134646276-134647181,4.235104092138,1.14222929551146e-05,0.00276823058408798
chr12,663779,685631,21853,*,0.0634926320645592,NINJ2,chr12-685218-686043,4.23516823537019,1.14190328932513e-05,0.00276823058408798
chr17,2755705,3049034,293330,*,0.10213762720704,RAP1GAP2,chr17-3048500-3049567,4.23379448054622,1.14890475714697e-05,0.00278200507691465
chr1,236160018,236281985,121968,*,0.073354107376913,ERO1B,chr1-236159555-236160481,4.23335593669186,1.15114842527039e-05,0.00278501055814985
chr7,150877247,151227230,349984,*,0.376423529525275,ABCF2,chr7-150876779-150877714,4.23327270864476,1.15157470520545e-05,0.00278501055814985
chr1,116754385,116769884,15500,*,0.0773961393889601,CD2,chr1-116769471-116770297,4.23306233057922,1.15265289582469e-05,0.00278588987441444
chr13,30307484,30374761,67278,*,0.0678351823294931,KATNAL1,chr13-30374348-30375174,4.23255805501925,1.15524122777224e-05,0.00279041575668812
chr17,4498913,4807096,308184,*,0.0935054134043594,PLD2,chr17-4498588-4499238,4.2320337817894,1.15793806706624e-05,0.00279519796484153
chr1,46247504,46247688,185,*,0.0759466321932866,RAD54L,chr1-46247050-46247958,4.23141497710796,1.1611288808687e-05,0.0027981939792656
chr7,129611824,130070510,458687,*,0.370079089079398,KLHDC10,chr7-129611377-129612271,4.23125650272874,1.16194738530141e-05,0.0027981939792656
chr14,75427983,75578617,150635,*,0.131069417945011,FLVCR2,chr14-75427562-75428404,4.23149626806106,1.16070923410195e-05,0.0027981939792656
chr1,169312444,169662007,349564,*,0.0595503108018844,C1orf112,chr1-169312007-169312880,4.23083852633494,1.16410882644967e-05,0.00280142070499419
chr6,32473560,32763534,289975,*,0.109437298877829,HLA-DQB2,chr6-32473117-32474002,4.22998523660294,1.16853324546613e-05,0.00281033326842357
chr2,86786229,86808396,22168,*,0.123131114128259,CD8A,chr2-86785918-86786539,4.22954814148243,1.17080583399715e-05,0.00281232899565901
chr7,152436601,152759749,323149,*,0.362343974805211,ACTR3B,chr7-152436212-152436989,4.22967721894273,1.17013428436691e-05,0.00281232899565901
chr14,75566506,75633625,67120,*,0.077422071277963,TTLL5,chr14-75566054-75566957,4.22936218327917,1.17177396112165e-05,0.00281292131952708
chr10,22634089,22714555,80467,*,0.097626769827107,PIP4K2A,chr10-22633707-22634471,4.22787223954837,1.17955838725044e-05,0.00282986582391606
chr7,151341692,151341699,8,*,0.391892590380833,NUB1,chr7-151341241-151342142,4.22744630371724,1.18179277896068e-05,0.00283348264737626
chr16,81739097,81810988,71892,*,0.0553002075501312,PLCG2,chr16-81810576-81811400,4.22651825583849,1.1866751256647e-05,0.00284343989607028
chr17,76501453,76501790,338,*,0.106260600255334,RHBDF2,chr17-76501011-76501894,4.22529229951958,1.19315416006832e-05,0.00285720844969873
chr8,22109419,22157068,47650,*,0.0915477228763421,NUDT18,chr8-22156642-22157493,4.22484417226315,1.19553084882779e-05,0.00286114237248134
chr2,96148704,96208825,60122,*,-0.0664767466373839,STARD7,chr2-96148245-96149162,-4.22404096519303,1.19980201607e-05,0.00286960254950258
chr11,67403915,67614213,210299,*,0.0672746106640732,TBC1D10C,chr11-67613778-67614648,4.22380767966253,1.20104526307083e-05,0.00287081482463943
chr6,26032123,26043657,11535,*,0.053755300475858,HIST1H2BB,chr6-26031694-26032552,4.22233870990135,1.20890203757252e-05,0.002886260198957
chr7,130853720,131106119,252400,*,0.361178776998527,AC016831.7,chr7-131105677-131106561,4.2223227353855,1.20898774532304e-05,0.002886260198957
chr12,9951316,10167725,216410,*,0.146435592230971,CLEC12A,chr12-10167244-10168205,4.22130609085426,1.21445423525452e-05,0.00289576399096296
chr2,237601614,237858482,256869,*,0.140438558245597,RAB17,chr2-237857934-237859029,4.22079182473298,1.21722838849816e-05,0.0029004649624714
chr20,47415581,47786616,371036,*,0.0927117734899035,SULF2,chr20-47415147-47416015,4.22060104705193,1.21825905043486e-05,0.0029004649624714
chr9,37995149,38069211,74063,*,0.136158784053708,SHB,chr9-37994704-37995593,4.22035872899897,1.21956935235366e-05,0.00290086364340317
chr6,42984464,43040777,56314,*,0.0869576205525208,KLC4,chr6-42984018-42984910,4.22018055957833,1.22053363448361e-05,0.00290138706384576
chr6,31620549,31652416,31868,*,0.0526736511587571,APOM,chr6-31620109-31620988,4.21988310910418,1.22214510175231e-05,0.00290167912428953
chr9,134917963,134922815,4853,*,0.104083967014127,FCN1,chr9-134922326-134923303,4.21988652940061,1.22212656046093e-05,0.00290167912428953
chr14,24310946,24311450,505,*,0.0573736532252603,LTB4R,chr14-24310517-24311375,4.21971949712442,1.22303234845839e-05,0.00290201830256361
chr7,130442433,130891398,448966,*,0.333065588208276,CEP41,chr7-130890980-130891815,4.2166090071057,1.24001715393109e-05,0.00293955734209374
chr19,53520981,53538096,17116,*,0.107287361094051,ZNF331,chr19-53537689-53538502,4.2165464725743,1.24036091330664e-05,0.00293955734209374
chr1,31745882,31816051,70170,*,0.0956024838352244,SPOCD1,chr1-31745527-31746236,4.2160350365867,1.2431757391806e-05,0.00294265056630864
chr7,140479440,140924764,445325,*,0.289509964055668,BRAF,chr7-140479007-140479872,4.21605858909185,1.2430459782504e-05,0.00294265056630864
chr7,139230356,139340543,110188,*,0.347745097402644,UBN2,chr7-139340087-139340999,4.21566374133699,1.24522306872231e-05,0.00294570815405055
chr7,151089274,151232489,143216,*,0.377016552460138,CHPF2,chr7-151088811-151089736,4.21536887344555,1.24685126084972e-05,0.00294777112034436
chr7,158587788,158829595,241808,*,0.361810747700143,PTPRN2,chr7-158829146-158830043,4.21339502528896,1.25780265821596e-05,0.00297185989036853
chr12,53659122,53727745,68624,*,0.0762123529462807,CALCOCO1,chr12-53658677-53659566,4.21129992626294,1.26952685943633e-05,0.00299774430772243
chr1,27490158,27631665,141508,*,0.140419130687847,WASF2,chr1-27631246-27632083,4.21109768936727,1.27066406471537e-05,0.0029986133593064
chr7,148884321,148884411,91,*,0.180977691265207,EZH2,chr7-148883952-148884870,4.21056335130982,1.27367338345673e-05,0.0030038966478365
chr5,172771195,172800260,29066,*,0.249013861281428,DUSP1,chr5-172799801-172800719,4.20991206665791,1.27735049657384e-05,0.0030107475561687
chr6,26197250,26199454,2205,*,0.0809741387750219,HIST1H3D,chr6-26199004-26199904,4.20953014038659,1.27951152331667e-05,0.00301401889056224
chr17,7435443,7650817,215375,*,0.0670364870313095,TMEM102,chr17-7650396-7651237,4.20704309377482,1.29366908703012e-05,0.0030455282664062
chr7,131076998,131328222,251225,*,0.245689044158515,MKLN1-AS,chr7-131076560-131077436,4.20604917924541,1.29936852949642e-05,0.00305709969801592
chr7,140690777,141128672,437896,*,0.259594385009649,NDUFB2,chr7-141128214-141129130,4.20556162631777,1.30217304592843e-05,0.00306185021894625
chr7,158829595,158830253,659,*,0.332472048578462,ESYT2,chr7-158829146-158830043,4.20538888492181,1.30316807459244e-05,0.00306234285844491
chr13,42040036,42405871,365836,*,0.0840007309480816,DGKH,chr13-42405620-42406121,4.20484846350347,1.306285693573e-05,0.0030672206918101
chr14,73760257,73886617,126361,*,0.0769048747277945,ZNF410,chr14-73759800-73760714,4.20475642662712,1.30681734840313e-05,0.0030672206918101
chr14,24609699,24634361,24663,*,0.0775814895571203,GZMH,chr14-24633879-24634842,4.20440878726251,1.3088273588536e-05,0.00307009003311549
chr4,40577267,40630875,53609,*,0.204373514223166,RBM47,chr4-40576815-40577718,4.20395951772314,1.3114293386542e-05,0.00307249609695323
chr17,41930635,42101806,171172,*,0.101436042952806,TTC25,chr17-42101374-42102237,4.20348690949691,1.31417179542554e-05,0.00307707208883024
chr16,28494346,28553915,59570,*,0.0655019902340883,SGF29,chr16-28493933-28494758,4.20314704630944,1.31614732810177e-05,0.00307984794811002
chr1,192477231,192809039,331809,*,0.108029575848277,RGS2,chr1-192476841-192477621,4.20182582180949,1.32385411215962e-05,0.00309430968815593
chr9,136512688,136658856,146169,*,0.189977949355374,EGFL7,chr9-136512252-136513124,4.20181543650048,1.32391485995816e-05,0.00309430968815593
chr8,141095715,141117278,21564,*,0.198687710474993,DENND3,chr8-141095196-141096234,4.20089565801196,1.32930553647418e-05,0.00310504746558138
chr5,141475957,141682221,206265,*,0.102010213254317,ARAP3,chr5-141475604-141476309,4.19872006712412,1.34213953099108e-05,0.0031312733718488
chr10,114685003,114801513,116511,*,0.0673923019180857,ABLIM1,chr10-114801050-114801976,4.19847416275426,1.34359753086606e-05,0.00313211122200037
chr19,41549458,41997497,448040,*,0.0535182288810547,ATP1A3,chr19-41549003-41549913,4.19838855323691,1.34410547448945e-05,0.00313211122200037
chr7,152436005,152436601,597,*,0.297684428629542,KMT2C,chr7-152436212-152436989,4.19812638039674,1.34566215052746e-05,0.00313386547614953
chr12,68374372,68686734,312363,*,0.0623442835259323,NUP107,chr12-68373881-68374863,4.19667404199319,1.35431664757172e-05,0.00315213763396496
chr8,23164030,23201958,37929,*,0.0718464575527908,TNFRSF10D,chr8-23201523-23202393,4.19521716024639,1.3630513774443e-05,0.00317057461574831
chr18,9708165,9825796,117632,*,0.211491184826647,RAB31,chr18-9825357-9826235,4.19362767680195,1.37264221337243e-05,0.00319097979825681
chr10,7484672,7818504,333833,*,0.0560308802605939,TAF3,chr10-7484250-7485093,4.1932746864982,1.37478082302079e-05,0.00319214445155629
chr10,128126385,128126555,171,*,0.106557506224738,MKI67,chr10-128126096-128127013,4.19332454179288,1.37447858017797e-05,0.00319214445155629
chr6,42771375,43040777,269403,*,0.0808505942873041,KLC4,chr6-42770908-42771842,4.19302813148047,1.37627646792767e-05,0.00319371508080082
chr17,76791598,77086716,295119,*,0.0941964293445144,SEC14L1,chr17-76791124-76792071,4.19235919668837,1.38034213758241e-05,0.00319934092164554
chr16,57542421,57577936,35516,*,0.070921545456156,ADGRG5,chr16-57577492-57578379,4.19196724344173,1.3827296645555e-05,0.00320297044079793
chr11,2270952,2381112,110161,*,0.0997333945842078,ASCL2,chr11-2380631-2381593,4.19138482408377,1.38628464170514e-05,0.00320929833811183
chr14,99261193,99481169,219977,*,0.07363625820136,CCNK,chr14-99260796-99261590,4.19072446588771,1.39032585450225e-05,0.00321674370937336
chr6,27867529,27893223,25695,*,0.0935229762194176,HIST1H1B,chr6-27892776-27893670,4.18949206119672,1.39789781217664e-05,0.00323234435274429
chr19,35908295,35909532,1238,*,0.185362556069784,TYROBP,chr19-35909025-35910038,4.18809592293664,1.40652312094234e-05,0.00325036070981396
chr1,227728539,227766436,37898,*,0.0512051876423684,SNAP47,chr1-227765976-227766895,4.18795153411933,1.40741803290866e-05,0.00325050198439282
chr10,79250267,79512601,262335,*,0.103832588518057,EIF5AL1,chr10-79249908-79250625,4.18733230354276,1.41126212404147e-05,0.00325555787708183
chr22,19892565,20080232,187668,*,0.079966807095978,DGCR8,chr22-19892161-19892969,4.18732986073415,1.41127730838069e-05,0.00325555787708183
chr1,9069776,9088478,18703,*,0.201098473112827,SLC2A5,chr1-9069237-9070314,4.1866203609083,1.41569409296324e-05,0.00326381533725549
chr11,47248300,47393377,145078,*,0.126703274732449,NR1H3,chr11-47392909-47393844,4.18617000342731,1.41850447702672e-05,0.00326655572336279
chr20,1358049,1657779,299731,*,0.0573796948962946,SIRPG,chr20-1357502-1358595,4.18616134826858,1.418558540075e-05,0.00326655572336279
chr19,11767068,11797667,30600,*,0.103851424528189,ZNF491,chr19-11766627-11767509,4.18534701906426,1.42365388711593e-05,0.00327635369067249
chr1,201622885,202122908,500024,*,0.171667706194896,NAV1,chr1-202122461-202123354,4.18503769718892,1.42559390382092e-05,0.00327888279995513
chr16,57609816,58000453,390638,*,0.0691668783395044,ZNF319,chr16-57609361-57610270,4.18459303794909,1.42838713818352e-05,0.00328337018039577
chr17,36189038,36210924,21887,*,0.0730364376431087,CCL4L2,chr17-36188584-36189491,4.18394433061322,1.43247148329421e-05,0.00329081834239962
chr7,151057210,151061063,3854,*,0.400309838955347,SLC4A2,chr7-151060610-151061516,4.18338768516524,1.43598504316486e-05,0.00329500671599711
chr17,1229021,1577363,348343,*,0.120167970062152,ABR,chr17-1576928-1577798,4.18284399725226,1.4394247222518e-05,0.00329995440446238
chr14,104660881,104924816,263936,*,0.0669980987495255,PLD4,chr14-104660547-104661215,4.1823562714937,1.44251701607141e-05,0.00330416065657738
chr2,181300814,181457202,156389,*,0.0647851967264729,ITGA4,chr2-181300353-181301275,4.18142085802958,1.44846543173476e-05,0.00331583761299271
chr17,78360077,78413250,53174,*,0.106457236111485,SOCS3,chr17-78412799-78413701,4.18043020628208,1.45479053417958e-05,0.00332836267213015
chr17,40069147,40100725,31579,*,0.152517653020472,NR1D1,chr17-40068720-40069574,4.17978955215744,1.45889494562457e-05,0.00333579538030283
chr6,41163186,41182834,19649,*,0.122740753385961,TREM2,chr6-41182401-41183267,4.17925680063644,1.4623164488103e-05,0.00334165880540208
chr1,149888263,150236156,347894,*,0.0948797698170684,ANP32E,chr1-149887809-149888717,4.17880472058207,1.46522583468563e-05,0.00334634576510758
chr10,102449817,102661348,211532,*,0.057710277302819,RPARP-AS1,chr10-102660891-102661804,4.17857207572265,1.46672517677947e-05,0.00334780880338308
chr7,130668748,130822971,154224,*,0.288118706850125,COPG2,chr7-130822568-130823373,4.17815878057749,1.46939236527386e-05,0.00335182539727359
chr10,132223421,132331847,108427,*,0.066435512200885,STK32C,chr10-132222936-132223905,4.1780330862157,1.47020444408079e-05,0.00335182539727359
chr11,2381112,2444684,63573,*,0.0970585518327766,KCNQ1,chr11-2380631-2381593,4.17677915588139,1.47832915335e-05,0.00336837859200354
chr6,33317942,33697173,379232,*,0.0958942912669201,ZBTB22,chr6-33696672-33697673,4.17587675868245,1.48420252810315e-05,0.00337978577094668
chr6,26158005,26250605,92601,*,0.0550731101870198,HIST1H3F,chr6-26157570-26158440,4.17426724919863,1.49473333604075e-05,0.00339979451879905
chr2,172427575,172735274,307700,*,0.0646815732967504,RAPGEF4,chr2-172427147-172428002,4.17267061890875,1.50525001578068e-05,0.00342068173813005
chr17,80220923,80575487,354565,*,0.0838737840575109,SGSH,chr17-80575080-80575893,4.17260687388204,1.50567134775022e-05,0.00342068173813005
chr19,18397617,18504613,106997,*,0.148211753458928,LRRC25,chr19-18504029-18505197,4.17163926430246,1.51208068274146e-05,0.00343124376209618
chr14,24340045,24693214,353170,*,0.0650233403955247,RIPK3,chr14-24692751-24693677,4.17044913647002,1.51999951507467e-05,0.00344520262180751
chr18,2636984,2655738,18755,*,0.0561051177350844,SMCHD1,chr18-2636580-2637387,4.16993144590588,1.5234563935279e-05,0.00345103150453015
chr3,134597801,134904823,307023,*,0.0785114898374591,EPHB1,chr3-134904387-134905258,4.16876431761513,1.53127732187077e-05,0.00346673360328667
chr7,135170712,135510127,339416,*,0.309278982822686,CNOT4,chr7-135170289-135171135,4.1674439133926,1.54017135023521e-05,0.00348484550918106
chr4,153652493,153701500,49008,*,0.274896820612224,TLR2,chr4-153652143-153652843,4.1665930561228,1.54592857193286e-05,0.0034938164963778
chr22,23688136,23696427,8292,*,0.0580784891058582,RGL4,chr22-23695996-23696858,4.16671701878504,1.5450885229098e-05,0.0034938164963778
chr6,26103876,26457874,353999,*,0.0629218234092401,HIST1H4C,chr6-26457331-26458416,4.16586432098904,1.55087572171855e-05,0.00350296640708818
chr19,1065923,1133674,67752,*,0.057706277723798,ARHGAP45,chr19-1133219-1134128,4.16538560473114,1.55413375655189e-05,0.0035082927229836
chr13,42040036,42406500,366465,*,0.0578481380055657,DGKH,chr13-42406221-42406779,4.1644513484139,1.56051083532024e-05,0.00351861347698824
chr5,55037492,55535050,497559,*,0.0654118864127961,PLPP1,chr5-55036975-55038009,4.16421334551274,1.56213937320122e-05,0.00351958965789502
chr20,3707128,3712669,5542,*,0.213190947643448,SIGLEC1,chr20-3712245-3713093,4.16412425723895,1.5627493761264e-05,0.00351958965789502
chr7,129224865,129502479,277615,*,0.217086963255963,SMKR1,chr7-129224411-129225318,4.16286757007716,1.57137828373926e-05,0.00353698017709191
chr7,149714781,149714804,24,*,0.203781055542574,KRBA1,chr7-149714349-149715258,4.16145047080817,1.58116294963659e-05,0.0035528503645056
chr3,49856574,50350899,494326,*,0.0779320448957198,TRAIP,chr3-50350441-50351357,4.16108434518303,1.58370033720678e-05,0.00355650198076462
chr16,10866222,11325936,459715,*,0.163147459415981,CIITA,chr16-11325470-11326401,4.15992940960893,1.5917298484698e-05,0.00357247590607742
chr4,6909242,6918024,8783,*,0.137089625642046,TBC1D14,chr4-6917643-6918404,4.15930508891577,1.59608643243071e-05,0.0035781339152155
chr2,60881521,60993108,111588,*,0.120427453720237,REL,chr2-60992655-60993561,4.15888189288259,1.59904598455786e-05,0.00358270847799915
chr8,124655362,124728429,73068,*,0.172768049680806,MTSS1,chr8-124654917-124655806,4.15823488661076,1.60358079817825e-05,0.00359080517709011
chr6,31180731,31547577,366847,*,0.0682669753505939,POU5F1,chr6-31547199-31547955,4.15774038886419,1.60705492723002e-05,0.00359182138693631
chr6,108559835,108841707,281873,*,0.128763539541117,FOXO3,chr6-108841192-108842222,4.15751493178488,1.60864126427229e-05,0.00359182138693631
chr7,150877247,151083546,206300,*,0.259819455893252,TMUB1,chr7-150876779-150877714,4.15797525108894,1.60540399530883e-05,0.00359182138693631
chr10,69090168,69123512,33345,*,0.0593153317592027,VPS26A,chr10-69089715-69090620,4.15759900430825,1.60804954828706e-05,0.00359182138693631
chr11,59212951,59223030,10080,*,0.102124973324385,MPEG1,chr11-59222573-59223486,4.15735083804033,1.60979677848694e-05,0.00359234398217911
chr5,72940348,72955981,15634,*,0.138033611082747,FCHO2,chr5-72939997-72940698,4.15656784378082,1.61532132934938e-05,0.00360055031955126
chr7,141074232,141128672,54441,*,0.395969793692681,TMEM178B,chr7-141128214-141129130,4.1563220438598,1.61705932458243e-05,0.00360236463889778
chr7,130853720,130903778,50059,*,0.306599942801374,AC016831.7,chr7-130903423-130904133,4.15538656796688,1.62369012229953e-05,0.00361507048291672
chr11,112129895,112164117,34223,*,0.193494484996504,IL18,chr11-112129461-112130328,4.15461739230777,1.62916150134322e-05,0.00362518190423319
chrX,130080208,130171649,91442,*,0.0624045550350667,RAB33A,chrX-130079746-130080669,4.15409274596856,1.63290351252118e-05,0.00363143582523335
chr12,32399529,32485723,86195,*,0.151555952725786,FGD4,chr12-32485300-32486145,4.15387801712979,1.63443740778805e-05,0.00363277475656207
chr7,99408773,99616946,208174,*,0.0987654517021381,ZSCAN25,chr7-99408339-99409206,4.15351549715249,1.63703014187046e-05,0.00363439336485469
chr7,140924764,141128672,203909,*,0.311853567744774,BRAF,chr7-141128214-141129130,4.15358210452241,1.63655347476974e-05,0.00363439336485469
chr1,214603116,214603195,80,*,0.131686620324722,CENPF,chr1-214602666-214603566,4.15280001623874,1.6421587138127e-05,0.00364370437619414
chr2,218002995,218382133,379139,*,0.137570073007885,TNS1,chr2-218381672-218382594,4.15227876918123,1.64590462262375e-05,0.00364993861740111
chr6,27810064,27865210,55147,*,0.0502623867192679,HIST1H3H,chr6-27864772-27865648,4.15136570078354,1.65248590143393e-05,0.00366036894116943
chr8,142447712,142727203,279492,*,0.10282712886358,THEM6,chr8-142447224-142448200,4.15145020932475,1.65187572659292e-05,0.00366036894116943
chr2,181394190,181457202,63013,*,0.0655774069700773,ITGA4,chr2-181393791-181394589,4.15120179894473,1.65366992801893e-05,0.00366091157738804
chr7,129914702,130207770,293069,*,0.321947638798046,TMEM209,chr7-129914237-129915167,4.1509403865837,1.65556003830215e-05,0.00366301584592604
chr7,155003302,155297776,294475,*,0.221485157963202,INSIG1,chr7-155002846-155003758,4.15037456591042,1.65965816646179e-05,0.00367000031486933
chr1,47314147,47314308,162,*,0.109730931610637,STIL,chr1-47313851-47314764,4.14996563733399,1.66262595281911e-05,0.00367447875826777
chr17,36090169,36210894,120726,*,0.0657638697310089,CCL3,chr17-36210432-36211355,4.14967511409303,1.66473747840108e-05,0.00367706082396384
chr16,79307340,79600714,293375,*,0.0570811008994623,MAF,chr16-79306896-79307784,4.14952125400076,1.6658567664606e-05,0.00367744955899318
chr17,1577363,1717174,139812,*,0.102689682724564,MIR22HG,chr17-1576928-1577798,4.14829004119377,1.67483926991903e-05,0.00369518641231734
chr19,39031610,39032785,1176,*,0.115336203981931,FBXO27,chr19-39031150-39032070,4.14774901108292,1.67880097215667e-05,0.00370183210745034
chr2,43634941,43676322,41382,*,0.0836118047064766,C1GALT1C1L,chr2-43634535-43635347,4.14722540964212,1.68264352728588e-05,0.00370820771282902
chr16,29662979,29745977,82999,*,0.0661641338915191,SPN,chr16-29745556-29746397,4.14594197553295,1.69209763444012e-05,0.00372483143411491
chr19,6772629,6772714,86,*,0.0732153381625398,VAV1,chr19-6772179-6773079,4.14567038848767,1.69410467233282e-05,0.00372714500405358
chr1,155857226,156248117,390892,*,0.0825656497116538,PAQR6,chr1-155856765-155857687,4.1452249447487,1.69740141384397e-05,0.00373229179915342
chr2,64144454,64467655,323202,*,0.0905312412249205,PELI1,chr2-64467221-64468088,4.14358209533543,1.70961294477623e-05,0.00375702382044476
chr11,65663084,65873592,210509,*,0.0787706629311817,EFEMP2,chr11-65662648-65663520,4.14312171402355,1.71304996326618e-05,0.00376245608044646
chr7,155003448,155230397,226950,*,0.320616655171719,PAXIP1-AS1,chr7-155229943-155230850,4.14256358894882,1.71722549758477e-05,0.0037695033484483
chr10,70508913,70815961,307049,*,0.110099263443156,SGPL1,chr10-70508439-70509386,4.14211037419476,1.72062326998512e-05,0.00377483637056973
chr7,130442433,130913390,470958,*,0.331085672768935,CEP41,chr7-130912954-130913826,4.14129740456119,1.72673414700765e-05,0.00378611226478754
chr11,1750591,1777917,27327,*,0.0877860257900384,IFITM10,chr11-1777476-1778358,4.14032462016696,1.73407339833434e-05,0.00380006735518516
chr11,60280541,60378577,98037,*,0.156290142321417,MS4A4A,chr11-60378275-60378878,4.13980492526774,1.73800641047523e-05,0.00380654648953141
chr17,35218574,35537861,319288,*,0.06572127169309,SLFN12L,chr17-35218109-35219038,4.13842210601056,1.74851278556801e-05,0.00382740711105705
chr10,30433937,30554140,120204,*,0.151981073839213,MAP3K8,chr10-30553726-30554553,4.13814957920379,1.75059049037831e-05,0.00382980473543751
chr10,70602775,70603691,917,*,0.0931318943637116,PRF1,chr10-70603362-70604019,4.1379342660482,1.75223366433881e-05,0.00383124957100289
chr10,73811798,74176648,364851,*,0.0611362338019377,NDST2,chr10-74176188-74177108,4.1375895688617,1.75486728927819e-05,0.00383485718867533
chr2,74206322,74421662,215341,*,0.0839088740185704,C2orf81,chr2-74205882-74206761,4.13646525538392,1.76348364722675e-05,0.00385152732122489
chr17,7558292,8056470,498179,*,0.159804250590656,TNFSF13,chr17-8056041-8056898,4.13622142748425,1.76535755547223e-05,0.00385346121901433
chr7,130891398,131110096,218699,*,0.333472913973849,MKLN1,chr7-130890980-130891815,4.13567390849043,1.76957233570513e-05,0.00385813916729513
chr7,139133744,139359798,226055,*,0.350699292902043,TTC26,chr7-139359431-139360164,4.13555751550914,1.77046955518786e-05,0.00385813916729513
chr17,50866679,50904426,37748,*,0.0651688208850566,TOB1-AS1,chr17-50903981-50904871,4.13559215074968,1.77020252305237e-05,0.00385813916729513
chr6,26474157,26523450,49294,*,0.0564959340292362,HCG11,chr6-26473703-26474611,4.13519272938109,1.77328432158097e-05,0.00386211418624013
chr6,32666694,32668383,1690,*,0.155999576022291,HLA-DQB1,chr6-32666256-32667132,4.13484282876907,1.77598822074689e-05,0.00386584343849591
chr6,157700387,157755892,55506,*,0.0675677026817826,SNX9,chr6-157755403-157756381,4.13397276356461,1.78272873623826e-05,0.00387734119812248
chr7,43669592,43729717,60126,*,-0.0553258183012978,COA1,chr7-43669157-43670027,-4.13390438726428,1.78325948519787e-05,0.00387734119812248
chr12,109462594,109573255,110662,*,0.0869401953186858,MVK,chr12-109462270-109462917,4.13328917982719,1.78804158734243e-05,0.00388557184452966
chr9,12775021,13139977,364957,*,0.158306455334848,LURAP1L,chr9-13139539-13140415,4.1325141864053,1.79408306384112e-05,0.00389652852704506
chr2,95991831,96145475,153645,*,0.0692233421015322,ANKRD36C,chr2-96145044-96145905,4.13233615271786,1.79547366420544e-05,0.00389737749965377
chr14,91867536,91881163,13628,*,0.0841270937193927,TC2N,chr14-91880721-91881604,4.13193570906963,1.79860522375007e-05,0.00390198629066513
chr2,110732573,111157708,425136,*,0.0833791103418797,ACOXL,chr2-111157253-111158162,4.12995102171761,1.8142026266681e-05,0.00392709895842205
chr7,74027789,74289350,261562,*,0.098926559546577,ELN,chr7-74288926-74289773,4.13000568052189,1.81377135567446e-05,0.00392709895842205
chr7,151227230,151341692,114463,*,0.352864114223453,ABCF2,chr7-151341241-151342142,4.1301278228284,1.81280797554658e-05,0.00392709895842205
chr1,154502219,154599171,96953,*,0.0548625285334173,TDRD10,chr1-154598715-154599627,4.12971060969398,1.81610069105807e-05,0.00392839779398884
chr9,99821765,99821855,91,*,0.0795302681811365,NR4A3,chr9-99821312-99822218,4.12911535609306,1.82080836359746e-05,0.003934843581847
chr16,22206282,22333761,127480,*,0.0928035424269138,EEF2K,chr16-22333339-22334183,4.12893403735346,1.82224465686704e-05,0.00393576578376138
chr6,26124054,26234933,110880,*,0.0809170398870583,HIST1H1D,chr6-26123597-26124510,4.12877100735059,1.82353699663028e-05,0.00393637621932618
chr19,49119389,49339539,220151,*,0.158984509152544,PPFIA3,chr19-49339114-49339964,4.12853425327555,1.82541529710221e-05,0.00393825016273321
chr6,32941070,33019076,78007,*,0.118356189783485,HLA-DMB,chr6-33018625-33019526,4.12829407289099,1.82732265728674e-05,0.00394018469352073
chr19,18001132,18023971,22840,*,0.137849716382471,ARRDC2,chr19-18023497-18024444,4.12785817892702,1.83078908484317e-05,0.0039454769834399
chr19,1446302,1876229,429928,*,0.0982197378349913,APC2,chr19-1875776-1876681,4.12671216439159,1.83993252470312e-05,0.0039629910200031
chr11,75100563,75181684,81122,*,0.308112210401754,SLCO2B1,chr11-75181257-75182110,4.12615633423794,1.84438279493534e-05,0.00397038277952032
chr1,244325282,244452134,126853,*,0.0572576174812192,ADSS,chr1-244324854-244325709,4.12569791363646,1.84806084075405e-05,0.00397284229062282
chr16,67660946,67910331,249386,*,0.06830907920906,PARD6A,chr16-67909892-67910769,4.12566361629935,1.84833629836681e-05,0.00397284229062282
chr7,129925571,130266827,341257,*,0.124160628475026,CPA2,chr7-129925136-129926006,4.12422733598536,1.85990678238316e-05,0.00399497729435614
chr10,133009439,133358035,348597,*,0.0855944164426954,FUOM,chr10-133008988-133009889,4.12405639368155,1.86128844104538e-05,0.00399574350946269
chr6,27810064,27814912,4849,*,0.0505449757782987,HIST1H3H,chr6-27814480-27815343,4.1237495032575,1.86377135961385e-05,0.003998871723105
chr11,107928503,107988703,60201,*,0.100993889119285,RAB39A,chr11-107988279-107989127,4.12349372826829,1.86584312728646e-05,0.00400111482320617
chr3,170037929,170037970,42,*,0.10209133477021,GPR160,chr3-170037515-170038425,4.12243990769877,1.87440211717023e-05,0.00401725901145162
chrX,23783173,23786808,3636,*,0.200645438749442,SAT1,chrX-23786392-23787224,4.12229508863968,1.87558122711129e-05,0.00401757743160325
chr6,7726797,7910801,184005,*,0.0865216063528152,BMP6,chr6-7910394-7911207,4.12179685319374,1.87964321740376e-05,0.00402406736733274
chr17,74454143,74712978,258836,*,0.130047072764671,CD300LF,chr17-74453689-74454596,4.12103810441346,1.88584515496922e-05,0.00403512900853492
chr3,111292719,111616696,323978,*,0.0996594514906866,CD96,chr3-111616189-111617202,4.12057138402238,1.88966972584597e-05,0.00403960500676021
chr7,150368189,150379245,11057,*,0.309317350630603,REPIN1,chr7-150378797-150379693,4.12052997354492,1.89000942212189e-05,0.00403960500676021
chr1,235650754,235999506,348753,*,0.0664424682214236,GNG4,chr1-235999141-235999871,4.11987569726804,1.89538424671293e-05,0.0040488730923262
chr7,150877247,151277896,400650,*,0.305420176186249,SMARCD3,chr7-150876779-150877714,4.11942356543124,1.89910694614137e-05,0.00405278857731906
chr11,1889394,2301997,412604,*,0.0578672360320866,TSPAN32,chr11-1888964-1889824,4.11934709480232,1.89973726506425e-05,0.00405278857731906
chr11,35247691,35662805,415115,*,-0.0559121010838143,TRIM44,chr11-35247281-35248101,-4.11927449018666,1.90033590165992e-05,0.00405278857731906
chr5,173746211,173821346,75136,*,0.0812206568482655,LINC01484,chr5-173820884-173821808,4.1185757852933,1.90610599525548e-05,0.00406287170291056
chr1,183280084,183636085,356002,*,0.238028604731548,RGL1,chr1-183279694-183280473,4.11798861801638,1.91096783776985e-05,0.00407100892617624
chr22,38038692,38110670,71979,*,0.126504664024948,BAIAP2L2,chr22-38038242-38039141,4.11771399297221,1.91324581690886e-05,0.00407363576304507
chr2,10278383,10302889,24507,*,0.0735810152447966,HPCAL1,chr2-10277883-10278883,4.11582820383204,1.92895795486383e-05,0.00409627414146691
chr6,17907875,18387350,479476,*,0.171907898274328,RNF144B,chr6-17907437-17908313,4.11598895606669,1.92761382855819e-05,0.00409627414146691
chr7,152676187,152759749,83563,*,0.299974981833087,ACTR3B,chr7-152675737-152676636,4.11580740755887,1.92913190742467e-05,0.00409627414146691
chr8,39902275,40054926,152652,*,0.136821037158567,IDO1,chr8-40054374-40055478,4.11602218791399,1.92733607210267e-05,0.00409627414146691
chr12,111766887,111775789,8903,*,0.173157269013458,ALDH2,chr12-111775324-111776253,4.11590326533367,1.9283302190733e-05,0.00409627414146691
chr9,35676032,35814451,138420,*,0.124289379155046,TMEM8B,chr9-35675574-35676489,4.11483903940918,1.9372484315039e-05,0.00411126932780979
chr8,144800540,144950888,150349,*,0.0786553187873291,ZNF16,chr8-144800288-144800792,4.11381757720406,1.94584509399193e-05,0.00412726660273636
chr7,130853720,130891398,37679,*,0.302288202428364,AC016831.7,chr7-130890980-130891815,4.11219108408086,1.95960849011401e-05,0.00415194178852135
chr3,45689056,45994976,305921,*,0.0598314088868413,SACM1L,chr3-45994641-45995310,4.11126074530153,1.96752251135013e-05,0.00416194875154112
chr7,151083546,151089274,5729,*,0.25471920268651,TMUB1,chr7-151088811-151089736,4.11127704390181,1.96738360496725e-05,0.00416194875154112
chr17,7553021,7929803,376783,*,0.0550495762903728,KCNAB3,chr17-7552534-7553508,4.11125937025924,1.96753423070557e-05,0.00416194875154112
chr18,12607478,12947133,339656,*,0.09238537544056,SEH1L,chr18-12607032-12607924,4.10959304666938,1.98178494055764e-05,0.00418982007942667
chr13,41263577,41465321,201745,*,0.0563631167637377,MTRF1,chr13-41464891-41465750,4.10899670391252,1.98690873516755e-05,0.00419837584944467
chr7,148697914,148884411,186498,*,0.323527180693474,CUL1,chr7-148883952-148884870,4.10863114340216,1.99005585480001e-05,0.00420274786080982
chr7,139036029,139340543,304515,*,0.211443497375487,ZC3HAV1L,chr7-139340087-139340999,4.10808689507387,1.99475006821461e-05,0.00421038063667353
chr19,6522395,6604103,81709,*,0.066649822498234,CD70,chr19-6521965-6522825,4.10748534089396,1.9999507779435e-05,0.00421907365088112
chr13,110520977,110561733,40757,*,0.246016464001988,RAB20,chr13-110520566-110521388,4.10733491053483,2.00125332672273e-05,0.00421953819323694
chr16,84898284,85011535,113252,*,0.117665409893312,ZDHHC7,chr16-84897848-84898719,4.1070924083021,2.00335480405105e-05,0.00422168582199411
chr5,149853142,149960737,107596,*,0.137710525118956,SLC26A2,chr5-149852631-149853652,4.10447829897033,2.02614153069313e-05,0.00426739777430459
chr3,196253872,196568674,314803,*,0.0500052028250242,WDR53,chr3-196253425-196254319,4.10421440588569,2.02845545807709e-05,0.00426996445595178
chr2,86807586,86808396,811,*,0.0869613563531701,CD8A,chr2-86807244-86807928,4.10400228983037,2.03031720001029e-05,0.00427157701596553
chr13,114281584,114352904,71321,*,0.0650960961597791,UPF3A,chr13-114352490-114353317,4.10385939279507,2.03157232081809e-05,0.00427191225682617
chr19,7637077,7680843,43767,*,-0.05915569616283,TRAPPC5,chr19-7636637-7637517,-4.10273682287547,2.04145793621488e-05,0.0042903852256024
chr7,129611824,129952949,341126,*,0.363969143804329,UBE2H,chr7-129611377-129612271,4.10260656451324,2.04260797311724e-05,0.00429048924318804
chr17,7445061,7484550,39490,*,0.0792936313328004,CHRNB1,chr17-7484163-7484936,4.10146691826564,2.05269603748749e-05,0.0043093573269067
chr7,150877247,151085831,208585,*,0.359486858723542,AGAP3,chr7-150876779-150877714,4.10104051840381,2.05648263662244e-05,0.0043126620164203
chr10,70493490,70815961,322472,*,0.129662467258392,SGPL1,chr10-70493245-70493734,4.10114205659036,2.05558033666281e-05,0.0043126620164203
chr6,158650014,159042573,392560,*,0.0648238469942862,SYTL3,chr6-159042169-159042976,4.10052114846207,2.06110380022338e-05,0.0043200292404553
chr7,155230397,155644451,414055,*,0.287781707391178,RBM33,chr7-155229943-155230850,4.09954273596866,2.06983613409469e-05,0.00433600084120948
chr6,26056428,26285513,229086,*,0.0884328567814501,HIST1H1C,chr6-26285055-26285970,4.09923223260066,2.0726147073861e-05,0.00433948973632591
chr16,3041718,3046681,4964,*,0.0696898339613561,MMP25,chr16-3041278-3042158,4.09777262307729,2.08572367057085e-05,0.00436459229425329
chr10,70052796,70495183,442388,*,0.0727590560724672,H2AFY2,chr10-70494732-70495634,4.0976368562398,2.08694700293651e-05,0.00436480935079831
chr6,111873452,112027992,154541,*,0.0568628449016336,FYN,chr6-112027594-112028389,4.09634062711202,2.09866105369258e-05,0.00437991011297731
chr7,129949163,130070510,121348,*,0.297970239813404,KLHDC10,chr7-129948743-129949582,4.09640019241791,2.09812139604332e-05,0.00437991011297731
chr10,113854383,113961524,107142,*,0.0545152467081057,DCLRE1A,chr10-113961137-113961910,4.09655015325841,2.0967633438757e-05,0.00437991011297731
chr10,119516659,119542708,26050,*,0.117293389510297,RGS10,chr10-119516216-119517102,4.09591864412871,2.10248796397657e-05,0.00438554915854571
chr10,133009439,133276868,267430,*,0.0556708022146588,ADAM8,chr10-133008988-133009889,4.09506428110116,2.11025635577026e-05,0.00439939925566711
chr1,15886449,16212609,326161,*,0.0704344688675547,ARHGEF19,chr1-15886038-15886859,4.09445158569797,2.11584411609825e-05,0.00440848820588881
chr7,135977353,135977435,83,*,0.343484140377225,MTPN,chr7-135976990-135977880,4.09433842559118,2.11687766676171e-05,0.00440848820588881
chr10,13099652,13100070,419,*,0.0640117174570008,CCDC3,chr10-13099635-13100504,4.09410818664797,2.11898203879388e-05,0.00441051460644887
chr1,160568361,160796074,227714,*,0.0702998165763011,LY9,chr1-160567909-160568813,4.09367598478524,2.12293770219567e-05,0.00441403471507407
chr11,85753079,85811159,58081,*,0.063104758707446,SYTL2,chr11-85752630-85753528,4.09336099488222,2.12582501281987e-05,0.00441768194508449
chr14,61553145,61762357,209213,*,0.107547474806894,SNAPC1,chr14-61552695-61553595,4.09225826394657,2.13596241905776e-05,0.00443638370268782
chr1,24965121,24997763,32643,*,0.0952005175004353,RUNX3,chr1-24997319-24998207,4.09134323255684,2.1444091026557e-05,0.00445155579067374
chr7,139109719,139359798,250080,*,0.21698269976491,ZC3HAV1,chr7-139359431-139360164,4.09090866773363,2.1484316731735e-05,0.00445753264848343
chr9,137461935,137618963,157029,*,0.0580147846972961,EHMT1,chr9-137461489-137462380,4.08942113133876,2.16225538346023e-05,0.00448382758379116
chr3,186546702,186570525,23824,*,0.0590241946320812,CRYGS,chr3-186570077-186570973,4.08729851760695,2.18212705300333e-05,0.00452120993191941
chr9,72305392,72305430,39,*,0.117839703508504,LINC01504,chr9-72304894-72305889,4.08724802278804,2.18260188273302e-05,0.00452120993191941
chr1,109554028,109616104,62077,*,0.0956230624953585,AMPD2,chr1-109553620-109554436,4.08610498866922,2.19337669906259e-05,0.00454093532286934
chr16,80580391,81020270,439880,*,0.0643296316578483,CMC2,chr16-80579952-80580829,4.08403080774802,2.21305794533447e-05,0.00457457617234642
chr16,88703704,88803213,99510,*,0.0813580701027429,CDT1,chr16-88703269-88704138,4.08406988368559,2.21268562291802e-05,0.00457457617234642
chr6,32589848,32623126,33279,*,0.0893858080588975,HLA-DRB1,chr6-32622730-32623522,4.08258295463711,2.22689531119167e-05,0.00460073975017856
chr19,9785770,9793180,7411,*,0.0781392920694449,ZNF846,chr19-9785341-9786199,4.08245565436619,2.22811585726697e-05,0.00460082321603413
chr19,43475359,43951223,475865,*,0.145831510307776,ZNF221,chr19-43474917-43475801,4.08223462639033,2.2302365653687e-05,0.00460276434876718
chr17,35214554,35537861,323308,*,0.101198970284576,SLFN12L,chr17-35214136-35214972,4.08128738707524,2.23934679165368e-05,0.00461912076941678
chr20,40340205,40689240,349036,*,0.201741807032084,MAFB,chr20-40339758-40340651,4.08036718599266,2.2482307635976e-05,0.00463499344077236
chr1,154405367,154870280,464914,*,0.0958196032950847,KCNN3,chr1-154404941-154405792,4.0801630949034,2.2502056606703e-05,0.00463661298743994
chr20,40464946,40689240,224295,*,0.15949582660806,MAFB,chr20-40464478-40465414,4.07979446816389,2.25377686504418e-05,0.00464151832219337
chr7,73705017,73719672,14656,*,0.0861606390611637,STX1A,chr7-73704594-73705440,4.07948848867075,2.25674523362181e-05,0.00464517762839456
chr1,11691650,12068596,376947,*,0.0897115805861308,MAD2L2,chr1-12068217-12068975,4.07907820975291,2.2607312512995e-05,0.0046478130153445
chr7,134986508,135170712,184205,*,0.276538206956006,AGBL3,chr7-135170289-135171135,4.07898865787691,2.2616021695691e-05,0.0046478130153445
chr22,37176733,37486401,309669,*,0.0723301244332515,MFNG,chr22-37176273-37177193,4.07805701370727,2.27068157679247e-05,0.00466401345666859
chr6,37257772,37516673,258902,*,0.0676881534866994,TBC1D22B,chr6-37516212-37517133,4.07723316849544,2.27873921117712e-05,0.00467809920461203
chr6,37257772,37698010,440239,*,0.0584610088560255,TBC1D22B,chr6-37697567-37698452,4.0770519439072,2.28051531667269e-05,0.00467928135387095
chr17,36090169,36090285,117,*,0.0768519087616454,CCL3,chr17-36089828-36090742,4.07644457165387,2.28647749308776e-05,0.00468904694179511
chr7,158829595,158856578,26984,*,0.359086943117127,WDR60,chr7-158829146-158830043,4.07565498925536,2.29425040881321e-05,0.00470251372437774
chr1,1381840,1579756,197917,*,0.0855715011756799,AL645728.1,chr1-1381409-1382271,4.075384308646,2.29692084295345e-05,0.00470551331827161
chr7,151085831,151341692,255862,*,0.34344566064208,AGAP3,chr7-151341241-151342142,4.07470233470212,2.30366201881657e-05,0.00471682589391052
chr7,151028422,151089274,60853,*,0.33535518689612,ABCB8,chr7-151088811-151089736,4.07393152810686,2.31130387326903e-05,0.00472752590557019
chr19,12790034,12791496,1463,*,0.136590793830907,JUNB,chr19-12789575-12790492,4.07380536247574,2.312556979163e-05,0.00472760861793736
chr7,99144100,99267728,123629,*,0.251329337918808,SMURF1,chr7-99267282-99268173,4.07298492127293,2.32072151883764e-05,0.00474181302705394
chr12,54497602,54549350,51749,*,0.0692640407910327,PDE1B,chr12-54497166-54498037,4.07251487900886,2.32541140606079e-05,0.00474890669185757
chr6,31736480,31739948,3469,*,0.106814307132541,MSH5,chr6-31736034-31736926,4.0722178313977,2.32837985708911e-05,0.00475247928819845
chr2,96148704,96335787,187084,*,0.104511751101878,NCAPH,chr2-96148245-96149162,4.07143728197703,2.33619716532383e-05,0.0047659400172466
chr17,3964422,3964464,43,*,0.0710723875304259,ATP2A3,chr17-3964064-3964780,4.07105850451555,2.33999963549845e-05,0.00477120051202062
chr7,156893264,156949723,56460,*,0.311365895117635,NOM1,chr7-156892824-156893703,4.07085675852807,2.34202731711335e-05,0.0047728386494055
chr14,74713115,74863432,150318,*,0.0753874912608296,AREL1,chr14-74862974-74863890,4.0703336558873,2.34729261045003e-05,0.00478106958604578
chr1,162023854,162023894,41,*,0.119615971715988,OLFML2B,chr1-162023466-162024321,4.07008468867018,2.34980253218047e-05,0.00478368259412857
chr17,64390782,64449037,58256,*,0.0941448266415679,MILR1,chr17-64390505-64391059,4.06989179862304,2.35174887054936e-05,0.00478514614134348
chr2,96145440,96164971,19532,*,0.0814611730148068,DUSP2,chr2-96164571-96165371,4.06905998115748,2.3601597674615e-05,0.00479501495444494
chr17,4736416,4807096,70681,*,0.075304685956363,PLD2,chr17-4735988-4736844,4.06923011680831,2.35843712914315e-05,0.00479501495444494
chr19,48873236,48933682,60447,*,0.116242147763479,DHDH,chr19-48872882-48873589,4.06904722673241,2.36028895518808e-05,0.00479501495444494
chr7,150722253,151086282,364030,*,-0.149818436149166,GIMAP5,chr7-151085835-151086729,-4.06874796896699,2.36332201871481e-05,0.00479867612312503
chr12,9664969,9741905,76937,*,0.0564872938842636,CLEC2D,chr12-9741480-9742329,4.06853201430628,2.36551307658672e-05,0.00480062469512486
chr17,64180199,64449037,268839,*,0.0754486937185802,MILR1,chr17-64179786-64180611,4.06795979770759,2.37132805502388e-05,0.00480992187776884
chr7,139340359,139776128,435770,*,0.313677905749301,LUC7L2,chr7-139775670-139776585,4.06705823481314,2.38051742324081e-05,0.00482605033013664
chr7,150877247,151232489,355243,*,0.366607490026162,CHPF2,chr7-150876779-150877714,4.06675813706632,2.38358371476552e-05,0.00482975508507674
chr2,86790929,86808396,17468,*,0.112407385828233,CD8A,chr2-86790480-86791377,4.06565782866232,2.39485833883868e-05,0.00484954405643985
chr4,4290169,4364304,74136,*,0.0964784833230904,LYAR,chr4-4363821-4364787,4.06556246668066,2.39583786993607e-05,0.00484954405643985
chr5,150113372,150412880,299509,*,0.173270760413216,CSF1R,chr5-150412424-150413335,4.06543026793642,2.39719640605412e-05,0.00484977588631557
chr7,149090817,149126416,35600,*,0.255491634989076,ZNF398,chr7-149090366-149091268,4.06501934268431,2.40142393112744e-05,0.00485580872613016
chr7,139036029,139359798,323770,*,0.212232531838808,ZC3HAV1L,chr7-139359431-139360164,4.06399276656194,2.41201606873927e-05,0.00487459140697987
chr19,41219203,41233997,14795,*,0.224201856758464,AXL,chr19-41233473-41234521,4.06387697413592,2.41321358245466e-05,0.00487459140697987
chr7,152025674,152025692,19,*,0.283788147617918,GALNT11,chr7-152025232-152026152,4.063493117365,2.4171874235732e-05,0.00488008985735298
chr7,7945007,7968794,23788,*,0.0843286271695703,GLCCI1,chr7-7944557-7945456,4.06305260924515,2.4217553870452e-05,0.00488172792735442
chr7,150824627,151059678,235052,*,0.0999161993662036,AOC1,chr7-151059241-151060114,4.0630955718468,2.42130951527114e-05,0.00488172792735442
chr16,2091403,2196525,105123,*,0.0626426054091698,CASKIN1,chr16-2090962-2091844,4.06321625750531,2.42005743927528e-05,0.00488172792735442
chr6,26033568,26055381,21814,*,0.0534105148406519,HIST1H2AB,chr6-26054978-26055783,4.06279306585995,2.42445061983938e-05,0.00488463526121768
chr11,18042426,18117731,75306,*,0.0875076001245306,TPH1,chr11-18117275-18118187,4.0625337477916,2.42714635266813e-05,0.00488754059855565
chr16,88453317,88593581,140265,*,0.066148282230605,ZFPM1,chr16-88593024-88594138,4.06224242356572,2.4301781937522e-05,0.00489111940728283
chr15,33310945,33581059,270115,*,0.097962911446468,RYR3,chr15-33580631-33581487,4.06010022346464,2.45258281000293e-05,0.00493112075113596
chr11,116853726,117232625,378900,*,0.0593959344785978,RNF214,chr11-116853276-116854175,4.05894066371435,2.4647918308293e-05,0.00495311353006426
chr7,155230397,155458129,227733,*,0.27176078285272,EN2,chr7-155229943-155230850,4.05807358613557,2.47395892680167e-05,0.00496897390794171
chr7,130668617,130853720,185104,*,0.330692462871116,AC016831.7,chr7-130668164-130669069,4.0578750408205,2.47606257121461e-05,0.00496933944183095
chr7,148884411,149239651,355241,*,0.246819600325735,ZNF212,chr7-148883952-148884870,4.05781582896663,2.47669026591566e-05,0.00496933944183095
chr7,150722253,151059678,337426,*,-0.158695108031872,GIMAP5,chr7-151059241-151060114,-4.05653066666849,2.49035127368685e-05,0.00499359198365233
chr7,151083546,151341692,258147,*,0.253947703129826,TMUB1,chr7-151341241-151342142,4.05643796948645,2.49133938217677e-05,0.00499359198365233
chr16,28534644,28623625,88982,*,0.0739039953698562,SULT1A1,chr16-28534214-28535074,4.05419654994363,2.51534530336667e-05,0.00503653003188548
chr16,27550133,27749308,199176,*,0.0765508399401972,KIAA0556,chr16-27748883-27749732,4.05365624083006,2.52116479924551e-05,0.00504559106424774
chr7,150567277,151028400,461124,*,-0.14336841269114,GIMAP4,chr7-151027967-151028833,-4.05352320054275,2.52259969018623e-05,0.00504587241877108
chr7,158587788,158818659,230872,*,0.306379415211425,PTPRN2,chr7-158818211-158819106,4.05219553769542,2.53696151555817e-05,0.00507199754237632
chr7,129225023,129611824,386802,*,0.399079717839241,AHCYL2,chr7-129611377-129612271,4.05158036315181,2.54364233033559e-05,0.00507841804665989
chr7,130442433,130668617,226185,*,0.352251019753673,CEP41,chr7-130668164-130669069,4.05157466257247,2.54370431670853e-05,0.00507841804665989
chr7,150368189,150405395,37207,*,0.255535056516168,REPIN1,chr7-150404961-150405828,4.05154002877968,2.5440809448526e-05,0.00507841804665989
chr3,32105689,32114876,9188,*,0.0511846320333435,GPD1L,chr3-32114421-32115331,4.05006280540683,2.56019442984736e-05,0.00510796785498902
chr3,160755602,160981214,225613,*,0.093358503616186,PPM1L,chr3-160980803-160981625,4.04816415396737,2.58104691480907e-05,0.0051449120790383
chr6,26027303,26199520,172218,*,0.0787278599569334,HIST1H2BF,chr6-26026848-26027757,4.04813658524673,2.58135087843564e-05,0.0051449120790383
chr1,91022272,91125051,102780,*,0.0610865479012543,ZNF644,chr1-91124628-91125473,4.04756687978561,2.58763986242045e-05,0.00515481132163687
chr22,42397559,42432395,34837,*,0.188575150050539,NFAM1,chr22-42397108-42398010,4.0473127973927,2.59044935999037e-05,0.00515777254285477
chr16,66751792,66961237,209446,*,0.0705130285747411,CES3,chr16-66751341-66752242,4.04604842977014,2.60447305017852e-05,0.00518304761387543
chr9,136791355,137055875,264521,*,0.105510130241579,TMEM141,chr9-137055416-137056334,4.04547993608047,2.61080189774761e-05,0.00519299153796275
chr12,122774327,123076971,302645,*,0.0595026595463592,CCDC62,chr12-123076531-123077411,4.04511705264334,2.61484937366158e-05,0.00519838989301741
chr5,172771195,172775674,4480,*,0.19905502192263,DUSP1,chr5-172775223-172776124,4.04494162054449,2.61680821387924e-05,0.00519963259835499
chr17,40177010,40542720,365711,*,0.079170303698102,RAPGEFL1,chr17-40542284-40543156,4.04434942265496,2.62343085354413e-05,0.00521013634801775
chr17,36066698,36103590,36893,*,0.10780970471867,CCL4,chr17-36066239-36067157,4.04413350368685,2.62584945718588e-05,0.0052122844327028
chr1,12153481,12617731,464251,*,0.136185655724703,DHRS3,chr1-12153032-12153930,4.04378942042104,2.62970805267783e-05,0.0052172872455601
chr3,18444817,18745579,300763,*,0.0593339865687501,TBC1D5,chr3-18745104-18746053,4.04356160344398,2.63226577830701e-05,0.00521970538252565
chr3,121894089,122005271,111183,*,0.122387593997047,SLC15A2,chr3-122004830-122005711,4.04334789844171,2.6346672099814e-05,0.00522181129204712
chr7,75842602,76294790,452189,*,0.177747525357485,RHBDD2,chr7-76294359-76295221,4.04317495790224,2.63661208558211e-05,0.00522301064424978
chr3,48561119,48562015,897,*,0.125585900648043,PFKFB4,chr3-48560688-48561550,4.04241598610493,2.64516351990424e-05,0.00523728942895738
chr20,62642447,62952647,310201,*,0.0821236315441664,SLC17A9,chr20-62642024-62642869,4.04190011592953,2.6509908917706e-05,0.00524616294994189
chr12,68119899,68610839,490941,*,0.0680981657168124,RAP1B,chr12-68119454-68120343,4.04138999995043,2.65676522355706e-05,0.00525492255674362
chr8,31318415,31639386,320972,*,0.0915330510571867,NRG1,chr8-31317936-31318893,4.04087482893273,2.66260887089194e-05,0.00526381031204344
chr1,227728539,227758634,30096,*,0.0619875930037778,SNAP47,chr1-227758169-227759099,4.04060625517594,2.6656601632059e-05,0.00526717154559627
chr8,140511298,140898253,386956,*,0.0813690752518103,CHRAC1,chr8-140897874-140898631,4.04031284977965,2.66899735698503e-05,0.00527109401020936
chr14,80959517,80959667,151,*,0.0597459325974292,CEP128,chr14-80959209-80960124,4.0399251058152,2.67341363078018e-05,0.00527714253562995
chr12,111766887,111777427,10541,*,0.140328566253761,ALDH2,chr12-111776973-111777880,4.03899554699603,2.68402920751293e-05,0.00529541576218286
chr3,129893576,129911440,17865,*,0.0871256169739222,TMCC1,chr3-129910989-129911890,4.03565668181485,2.72248940768113e-05,0.0053631528072931
chr6,37170203,37566409,396207,*,0.0600045738843361,PIM1,chr6-37565942-37566876,4.03575610716011,2.7213366285399e-05,0.0053631528072931
chr7,137462573,137847092,384520,*,0.193450958557701,DGKI,chr7-137462132-137463013,4.03576718967764,2.72120816183571e-05,0.0053631528072931
chr6,34426048,34888059,462012,*,0.0820060585983037,RPS10-NUDT3,chr6-34887631-34888486,4.03517995333491,2.72802322794865e-05,0.00536980049727446
chr7,137899309,138002324,103016,*,0.0816729179075079,AKR1D1,chr7-137898850-137899767,4.03512870446635,2.72861875406583e-05,0.00536980049727446
chr1,113871752,113929192,57441,*,0.0578444295066857,HIPK1,chr1-113871302-113872202,4.03480793769061,2.73234895218003e-05,0.00537442837389147
chr1,183280084,183590876,310793,*,0.178559540778141,NCF2,chr1-183279694-183280473,4.03458320324587,2.73496526752568e-05,0.00537507789860606
chr2,96917540,97094882,177343,*,0.123602837050292,FAHD2B,chr2-96917133-96917946,4.03454273304874,2.73543666592308e-05,0.00537507789860606
chr20,23086340,23116228,29889,*,0.0654492108938036,CD93,chr20-23115817-23116639,4.03431118171733,2.73813526514745e-05,0.00537767007248496
chr5,173745355,173888280,142926,*,0.142986625040627,CPEB4,chr5-173744882-173745827,4.03363498338562,2.74603041755235e-05,0.00539046047504339
chr17,8867677,8922813,55137,*,0.115391440916482,PIK3R6,chr17-8922360-8923266,4.03350623911246,2.74753605111817e-05,0.00539070168394826
chr6,36121307,36127809,6503,*,0.0622736823587006,MAPK13,chr6-36121027-36121586,4.03276330096965,2.75623982538355e-05,0.00540505839238142
chr7,129611824,130051451,439628,*,0.331009496177611,ZC3HC1,chr7-129611377-129612271,4.03246955791257,2.75968832590074e-05,0.0054091001167876
chr17,13601927,13931313,329387,*,0.0741653217186256,HS3ST3A1,chr17-13930888-13931737,4.03195016508168,2.76579592736567e-05,0.00541834710490132
chr17,4764791,4786433,21643,*,0.110249065425993,VMO1,chr17-4764258-4765324,4.03086551169506,2.7785918116167e-05,0.00544068093893718
chr8,71831387,71844468,13082,*,0.0815048585660342,MSC,chr8-71830979-71831794,4.03018909911181,2.78659996330344e-05,0.00545362233380409
chr2,71064996,71453722,388727,*,0.175882916544758,DYSF,chr2-71064623-71065368,4.02890555279426,2.80185620878934e-05,0.0054779801740669
chr6,42402473,42746096,343624,*,0.0688666579959411,TBCC,chr6-42402070-42402875,4.0283799390824,2.80812646486825e-05,0.00548748731118706
chr7,137847092,138002239,155148,*,0.234817897705879,DGKI,chr7-138001795-138002682,4.02817342486367,2.81059369084325e-05,0.00548955697175662
chr15,89655438,89655451,14,*,0.10572246075948,KIF7,chr15-89655007-89655868,4.02789950068087,2.81386943213022e-05,0.00549320293367467
chr14,74941951,75427716,485766,*,0.156137926341333,JDP2,chr14-74941501-74942401,4.02773201633601,2.81587408649998e-05,0.00549436508693788
chr8,66561064,66870749,309686,*,0.138214600672591,MCMDC2,chr8-66560637-66561490,4.02694299082863,2.82533630635737e-05,0.00551007008357195
chr6,27807973,28252224,444252,*,0.0823504241062133,ZKSCAN4,chr6-27807534-27808411,4.02660448477924,2.82940499326813e-05,0.00551524597717784
chr7,129188872,129214126,25255,*,0.310682068811824,SMO,chr7-129213683-129214568,4.02512028407454,2.84731000645215e-05,0.00554183475105034
chr12,53097436,53268326,170891,*,0.0901712331273702,IGFBP6,chr12-53267875-53268776,4.02518945186581,2.84647320536759e-05,0.00554183475105034
chr14,39229415,39230231,817,*,0.0608999068417947,MIA2,chr14-39228951-39229878,4.02462866984229,2.85326433746655e-05,0.00555065273697609
chr5,170232447,170358177,125731,*,0.0543237140803171,C5orf58,chr5-170357708-170358645,4.02386115547399,2.86258389979762e-05,0.00556600527932121
chr6,3367865,3457022,89158,*,0.111959280245287,SLC22A23,chr6-3367410-3368320,4.02369347872891,2.86462375272573e-05,0.00556719491150365
chr2,217756593,217902843,146251,*,0.127735068059472,DIRC3,chr2-217902398-217903288,4.02277526469597,2.87581861890335e-05,0.00558338466243381
chr22,38794143,39090769,296627,*,0.0742280422313789,SUN2,chr22-39090338-39091199,4.02286848651181,2.87468017138674e-05,0.00558338466243381
chr1,156212993,156388719,175727,*,0.0614734140439515,PMF1,chr1-156388261-156389176,4.0226493678641,2.87735677944634e-05,0.00558359031946597
chr7,151058530,151341692,283163,*,0.287552360586761,CDK5,chr7-151341241-151342142,4.02241102209042,2.88027093344394e-05,0.00558646459674124
chr2,86793905,86808396,14492,*,0.108973374985451,CD8A,chr2-86793482-86794327,4.02214410732866,2.88353770647553e-05,0.00558724126215159
chr19,41218970,41219203,234,*,0.179581291412974,AXL,chr19-41218443-41219497,4.02176916970633,2.88813249996475e-05,0.00559336428900276
chr2,201116104,201252570,136467,*,0.0602715032837183,CFLAR,chr2-201252265-201252874,4.02109230187711,2.89644495822602e-05,0.00560155403410834
chr8,28622585,28890242,267658,*,0.0725885843018948,INTS9,chr8-28622125-28623044,4.02130512728388,2.89382885923518e-05,0.00560155403410834
chr6,52552151,52576915,24765,*,0.0993014175061846,TRAM2,chr6-52551733-52552568,4.02069359698189,2.90135196054718e-05,0.00560782282857332
chr18,27185317,27263017,77701,*,0.126735005786354,CHST9,chr18-27262525-27263508,4.02005949890039,2.90917225148626e-05,0.00561741301997555
chr22,24593208,25025912,432705,*,0.117083312679876,LRRC75B,chr22-25025494-25026330,4.01931631454824,2.91836330622889e-05,0.00563232560227695
chr6,32589807,32817048,227242,*,0.0636013361533853,HLA-DOB,chr6-32589364-32590249,4.01866085840019,2.92649223130139e-05,0.00564521944263884
chr7,150450630,150800537,349908,*,0.0890269834785294,GIMAP8,chr7-150800105-150800969,4.017110972224,2.94579920431588e-05,0.00567684484132949
chr14,20715323,20955452,240130,*,0.10583688230261,RNASE2,chr14-20714881-20715765,4.01619450801716,2.95727230904822e-05,0.00569613895369105
chr17,410327,417069,6743,*,0.0588644194881336,C17orf97,chr17-416599-417538,4.01526523400588,2.96894897686265e-05,0.00571580590877955
chr1,33256545,33269342,12798,*,0.112143469155698,ZNF362,chr1-33268897-33269787,4.01502109318114,2.97202392977361e-05,0.00571890164397878
chr11,119057278,119095467,38190,*,0.078745543345045,H2AFX,chr11-119056828-119057728,4.01466965221139,2.97645562334167e-05,0.00572460373789342
chr11,82864476,83187036,322561,*,0.061598332320509,PCF11-AS1,chr11-82864045-82864906,4.01390739165513,2.98608929363739e-05,0.00574030021352626
chr7,76294790,76359031,64242,*,0.169150025367498,YWHAG,chr7-76294359-76295221,4.01375744573125,2.98798782580816e-05,0.00574111892492343
chr12,57479796,57693955,214160,*,-0.0528295990113508,OS9,chr12-57479392-57480199,-4.012849136002,2.99951279541573e-05,0.00576042395230746
chr5,55024113,55102648,78536,*,0.0613759065884423,GZMA,chr5-55023664-55024561,4.01256080586818,3.00318002771192e-05,0.00576462698258763
chr5,35230589,35319839,89251,*,0.149616341239774,PRLR,chr5-35319316-35320362,4.01232112724911,3.00623169890478e-05,0.00576604047758047
chr6,159042573,159045152,2580,*,0.0516580620578291,TAGAP,chr6-159042169-159042976,4.01209148767981,3.00915830361423e-05,0.00576604047758047
chr8,141391993,141392012,20,*,0.101752284648177,PTP4A3,chr8-141391555-141392468,4.01203861251887,3.00983254462623e-05,0.00576604047758047
chr14,52314305,52364044,49740,*,0.0780158653345371,PTGER2,chr14-52363611-52364477,4.01223286673741,3.00735620184688e-05,0.00576604047758047
chr7,130207770,130277167,69398,*,0.29005635872952,TMEM209,chr7-130276699-130277635,4.0109486350437,3.02376337174857e-05,0.00578988309431691
chr11,128551896,128587558,35663,*,0.0773535405172399,ETS1,chr11-128551512-128552279,4.00997754476627,3.03622612661018e-05,0.00581089262597561
chr19,51124925,51417803,292879,*,0.181959560991632,SIGLEC10,chr19-51124477-51125372,4.00951290488024,3.04220639872645e-05,0.00581948110380914
chr11,68004982,68010340,5359,*,0.125700558726449,UNC93B1,chr11-68009914-68010765,4.00929526290433,3.04501145199383e-05,0.00582199021374545
chr16,23521995,23836944,314950,*,0.0730353281049781,GGA2,chr16-23836538-23837349,4.008871070934,3.05048564002082e-05,0.00582746883679388
chr17,35537861,35890900,353040,*,0.165998133765863,SLFN12L,chr17-35890453-35891346,4.00884158852537,3.05086645596183e-05,0.00582746883679388
chr16,84648525,85061759,413235,*,0.0775549260914387,KLHL36,chr16-85061307-85062210,4.00852324294541,3.05498130391264e-05,0.00583247096617507
chr1,247172016,247408487,236472,*,0.0843166340070289,ZNF124,chr1-247408115-247408858,4.00747198246381,3.0686069682297e-05,0.00585561705226768
chr3,9902612,10009190,106579,*,0.0983587673238294,IL17RE,chr3-10008733-10009647,4.00704893233594,3.07410645215446e-05,0.00586037432071062
chr17,7558345,8039017,480673,*,0.120950601826069,ALOX15B,chr17-7557919-7558770,4.00692092235918,3.07577236922248e-05,0.00586068430931633
chr20,31870702,32040533,169832,*,0.112683049934314,TTLL9,chr20-32040086-32040979,4.0061967993689,3.08521218328223e-05,0.00587444536838993
chr22,37547242,37905657,358416,*,0.086778473890754,MICALL1,chr22-37546870-37547613,4.00613584455926,3.08600805291818e-05,0.00587444536838993
chr6,111760040,111873452,113413,*,0.0998834452969217,FYN,chr6-111759602-111760478,4.00547673461579,3.09462628755053e-05,0.00588797582944924
chr16,89657845,89657876,32,*,0.0707793469719098,CHMP1A,chr16-89657428-89658323,4.00530733851468,3.09684491503295e-05,0.00588932284788012
chr14,99230394,99271524,41131,*,0.0866951933310428,BCL11B,chr14-99229973-99230815,4.0050947257839,3.09963169382126e-05,0.00589174848902782
chr1,149812429,149886975,74547,*,0.0866996222157096,HIST2H2AC,chr1-149811976-149812882,4.00386579896005,3.1157861846301e-05,0.0059195685947876
chr10,123008979,123241859,232881,*,0.0579723477509083,ACADSB,chr10-123241420-123242298,4.00114947970459,3.15177598578072e-05,0.00598211378582564
chr19,51128014,51458456,330443,*,0.179939029801658,SIGLEC8,chr19-51127547-51128481,3.99995696688685,3.16770014600611e-05,0.00600941234705972
chr14,49598697,50085983,487287,*,0.0795044865524909,LRR1,chr14-50085493-50086472,3.99918153228128,3.17809570391711e-05,0.00602620119826602
chr6,31806984,31972183,165200,*,0.0642000702377036,LSM2,chr6-31971721-31972645,3.99876999596507,3.18362591202311e-05,0.00603375269350527
chr19,3172346,3178719,6374,*,0.0531707794510232,S1PR4,chr19-3178278-3179159,3.99812004294826,3.1923785112279e-05,0.00604740110475812
chr6,158650014,158869828,219815,*,0.0918164660038392,SYTL3,chr6-158869374-158870281,3.99772810892736,3.19766749858557e-05,0.00605447824020681
chr3,158732198,158802012,69815,*,0.147967665043996,MFSD1,chr3-158801567-158802457,3.9958056795472,3.2237302233238e-05,0.00610086250011276
chr7,107660635,107921683,261049,*,0.102265578783335,SLC26A4,chr7-107921251-107922114,3.99561972500194,3.22626188009396e-05,0.00610269115224838
chr2,25808184,25982749,174566,*,0.128483374492004,KIF3C,chr2-25807670-25808698,3.99447206600039,3.24192824601001e-05,0.00612638008028839
chr16,74999030,75111218,112189,*,0.0778882665522007,ZNRF1,chr16-75110728-75111707,3.99448213278369,3.24179051473489e-05,0.00612638008028839
chr2,96145440,96163900,18461,*,0.0562488139443871,DUSP2,chr2-96163473-96164326,3.99299004062703,3.26226549407137e-05,0.00615607836954465
chr7,148884411,149126416,242006,*,0.276478351735357,ZNF398,chr7-148883952-148884870,3.99301500122213,3.26192197221043e-05,0.00615607836954465
chr14,20733362,20803278,69917,*,0.185537642064338,RNASE1,chr14-20732919-20733805,3.99286694063086,3.26396016689636e-05,0.00615607836954465
chr17,5191883,5234884,43002,*,0.0604256661917844,ZNF594,chr17-5234439-5235328,3.9928859291369,3.26369870470994e-05,0.00615607836954465
chr4,26145319,26163455,18137,*,0.0688755797558298,RBPJ,chr4-26144933-26145705,3.99227796113735,3.2720799695346e-05,0.00616244889025604
chr6,42979221,43369478,390258,*,0.0670937729347506,ZNF318,chr6-42978783-42979659,3.99190679631406,3.27720674650028e-05,0.00616912411654576
chr10,22646589,22714555,67967,*,0.068723945941621,PIP4K2A,chr10-22646144-22647033,3.99134687652418,3.28495512029469e-05,0.00617774396313133
chr14,71143523,71320449,176927,*,0.100832714662607,SIPA1L1,chr14-71143107-71143939,3.99120134140869,3.28697192526347e-05,0.00617855631151309
chr16,27402162,27408111,5950,*,0.0672161621903334,IL21R,chr16-27407633-27408588,3.99095599492378,3.29037455525e-05,0.00618197157163048
chr4,38759609,39182404,422796,*,0.186036003403135,WDR19,chr4-38759155-38760063,3.99070981342412,3.29379211619725e-05,0.00618541158036479
chr6,6321013,6592236,271224,*,0.149733644533097,F13A1,chr6-6591778-6592694,3.99055469958843,3.29594717505552e-05,0.00618560233177099
chr3,133742865,133745956,3092,*,0.0855480653108566,TF,chr3-133742351-133743379,3.9902413069303,3.30030533747367e-05,0.00618869954990278
chr2,234464165,234497053,32889,*,0.0921736516469189,ARL4C,chr2-234463726-234464604,3.98871745978614,3.32157440211929e-05,0.0062255885760337
chr6,42452051,42771375,319325,*,0.118156170355273,TRERF1,chr6-42770908-42771842,3.98834517582098,3.32679022888819e-05,0.00623236820909428
chr17,74569705,74712978,143274,*,0.142111204101854,CD300LF,chr17-74569253-74570157,3.9877935883856,3.33453241050607e-05,0.00624387189865807
chr10,13302344,13348298,45955,*,0.0631706463548754,SEPHS1,chr10-13301887-13302801,3.9875254423312,3.33830231362562e-05,0.00624793006995475
chr19,16328503,16629062,300560,*,0.059087156800187,MED26,chr19-16328065-16328940,3.98673217787362,3.34947855953717e-05,0.00626583932530079
chr11,60334831,60831252,496422,*,0.0946366206547096,MS4A6E,chr11-60830875-60831629,3.98580450133758,3.362593442125e-05,0.00628735625227489
chr10,79084369,79512601,428233,*,0.107242102236936,EIF5AL1,chr10-79083940-79084797,3.98515606008704,3.37178951734382e-05,0.00630152870045792
chr10,5978187,6188766,210580,*,0.0756113739372366,IL15RA,chr10-6188323-6189209,3.98480445534061,3.37678585695956e-05,0.00630784245283851
chr7,149126357,149497817,371461,*,0.218732405228638,ZNF746,chr7-149125908-149126805,3.98467990151763,3.37855745942326e-05,0.0063081292273519
chr7,131106119,131110096,3978,*,0.369747313153139,MKLN1,chr7-131105677-131106561,3.98392889084601,3.3892581802178e-05,0.00631174015120158
chr7,135170712,135557919,387208,*,0.355417987097164,NUP205,chr7-135170289-135171135,3.98402531025722,3.38788256311542e-05,0.00631174015120158
chr7,152463950,152676165,212216,*,0.231350504064312,XRCC2,chr7-152463503-152464396,3.98417569322762,3.38573810168562e-05,0.00631174015120158
chr8,30083165,30095398,12234,*,0.0661419279920975,LEPROTL1,chr8-30082724-30083606,3.98386251431695,3.39020548223841e-05,0.00631174015120158
chr17,44947711,45247837,300127,*,0.11727209688927,KIF18B,chr17-45247393-45248280,3.98412842513041,3.38641200638687e-05,0.00631174015120158
chr7,139771564,139777778,6215,*,0.254666902784324,HIPK2,chr7-139771102-139772025,3.98338088977643,3.39708656290273e-05,0.00631757524548276
chr14,89954777,90087695,132919,*,0.0904454670965762,EFCAB11,chr14-90087234-90088156,3.98318970735383,3.39982169259689e-05,0.00631757524548276
chr20,36573464,36573488,25,*,0.0547548866735704,TGIF2,chr20-36573012-36573916,3.9833673955443,3.39727954829463e-05,0.00631757524548276
chr7,130051451,130277167,225717,*,0.257825840697344,ZC3HC1,chr7-130276699-130277635,3.98294448049941,3.40333305345514e-05,0.00632108717272793
chr13,30376852,30377145,294,*,0.0512292263087191,LINC00426,chr13-30376440-30377263,3.98272076561063,3.40653938112861e-05,0.00632402948005596
chr3,129161293,129278872,117580,*,0.0685688772651366,ISY1,chr3-129278422-129279321,3.98131698509544,3.42672398148248e-05,0.00635544813334399
chr15,41837775,41971647,133873,*,0.0557170167611984,PLA2G4B,chr15-41971271-41972023,3.98067368923038,3.43601153081976e-05,0.00636964321118946
chr1,160711851,160796097,84247,*,0.0687593180615959,CD48,chr1-160795657-160796537,3.97984038355618,3.44807774794944e-05,0.00638257388358841
chr6,111764492,111873452,108961,*,0.111266993437679,FYN,chr6-111764052-111764931,3.98007164801829,3.44472503901793e-05,0.00638257388358841
chr7,130486171,130891398,405228,*,0.16568459146405,MEST,chr7-130890980-130891815,3.97973989590145,3.44953550904466e-05,0.00638257388358841
chr19,1074926,1177558,102633,*,0.0738233919252521,STK11,chr19-1074486-1075365,3.97978538572925,3.44887552191754e-05,0.00638257388358841
chr9,113150988,113221361,70374,*,0.104327213613608,FKBP15,chr9-113150550-113151425,3.97876958789909,3.46364166978032e-05,0.0064056339290664
chr8,118329128,118621995,292868,*,0.0715770236564769,SAMD12,chr8-118328685-118329571,3.97748106216347,3.48245839532156e-05,0.00643737966018445
chr2,70900590,71130405,229816,*,0.157015776401894,VAX2,chr2-71129945-71130864,3.97611179747199,3.50256014864356e-05,0.00647146956904733
chr7,150567277,150877247,309971,*,-0.143750175362753,GIMAP4,chr7-150876779-150877714,-3.97581379208408,3.50694959542583e-05,0.00647651024953079
chr1,16740273,16896072,155800,*,0.0616767719343232,CROCC,chr1-16895588-16896556,3.97557679820245,3.51044409252005e-05,0.00647682749814068
chr2,135876426,136305735,429310,*,0.0601675698281218,MCM6,chr2-136305280-136306189,3.97559071311185,3.51023882487436e-05,0.00647682749814068
chr11,126303752,126465947,162196,*,0.0716867813386057,DCPS,chr11-126465491-126466402,3.9751953433689,3.51607559900818e-05,0.0064841490275522
chr6,158644768,159045152,400385,*,0.0546227360967196,TAGAP,chr6-158644333-158645203,3.97453440116854,3.52585348142761e-05,0.00649910653163838
chr10,133235502,133276868,41367,*,0.0613395815915545,ADAM8,chr10-133235215-133235788,3.97414229731102,3.53166635964115e-05,0.00650674477145
chr1,206612463,207021680,409218,*,0.0617793530767458,EIF2D,chr1-207021225-207022135,3.97223303750025,3.56010061777992e-05,0.00655603375551599
chr3,38950561,39447994,497434,*,0.0659498971040611,SCN11A,chr3-39447542-39448445,3.97142986008285,3.572126788325e-05,0.00657389504323283
chr11,1750591,1781318,30728,*,0.0793861267201853,IFITM10,chr11-1780869-1781766,3.97136015699098,3.57317227989349e-05,0.00657389504323283
chr17,47253846,47650767,396922,*,0.132714557114126,ITGB3,chr17-47650403-47651131,3.97114246677764,3.57643932586274e-05,0.00657680200031246
chr19,49119140,49443727,324588,*,0.116838488770427,C19orf73,chr19-49443448-49444005,3.97081790732776,3.58131548875766e-05,0.00658266386573857
chr1,150765991,150926263,160273,*,0.0706912121101289,SETDB1,chr1-150765582-150766400,3.97065505168608,3.58376459154634e-05,0.0065840612325331
chr2,85408769,85612066,203298,*,0.0606778733779796,C2orf68,chr2-85408332-85409205,3.97023557769016,3.59008014440137e-05,0.00659255734552597
chr9,113188295,113221361,33067,*,0.129204675161364,FKBP15,chr9-113187828-113188761,3.96955484935396,3.60035152291553e-05,0.0066069206202865
chr22,50035807,50170731,134925,*,0.160256309273092,PANX2,chr22-50035357-50036257,3.96938054288651,3.60298606618129e-05,0.0066069206202865
chr16,80580391,81006498,426108,*,0.0813111415983191,CENPN,chr16-80579952-80580829,3.96851059720655,3.6161620850097e-05,0.00662796436843065
chr1,154767867,155063731,295865,*,0.0713764405141263,EFNA4,chr1-154767435-154768298,3.96662622363911,3.64485886749139e-05,0.00667115267234391
chr12,52879732,53079420,199689,*,0.105106281329609,SPRYD3,chr12-52879294-52880169,3.96669699060909,3.64377728864408e-05,0.00667115267234391
chrX,154395080,154886349,491270,*,0.0619182061895014,F8A1,chrX-154394597-154395563,3.96673612494944,3.64317930275356e-05,0.00667115267234391
chr7,129914702,130070510,155809,*,0.296498777437012,KLHDC10,chr7-129914237-129915167,3.96591993158982,3.65567025216516e-05,0.00668780084067148
chr10,69124074,69180232,56159,*,0.0612428541921167,SUPV3L1,chr10-69123619-69124528,3.96563793573428,3.65999529827006e-05,0.00669257264081228
chr6,26032123,26271815,239693,*,0.0702147896765071,HIST1H3G,chr6-26031694-26032552,3.96482036083491,3.67256203627092e-05,0.0067124034456835
chr16,23336121,23557731,221611,*,0.0760411376414132,EARS2,chr16-23335666-23336576,3.96459484897713,3.67603549632101e-05,0.00671560351598753
chr6,30451045,30626842,175798,*,0.0698558287108694,ATAT1,chr6-30450593-30451496,3.96245078981792,3.70921505603454e-05,0.00677207284290613
chr7,150514830,150877247,362418,*,-0.15430233618059,GIMAP7,chr7-150876779-150877714,-3.96237325153676,3.71042026011089e-05,0.00677207284290613
chr6,32437524,32628179,190656,*,0.126102036848425,HLA-DQA1,chr6-32437103-32437945,3.96206554640112,3.7152066784788e-05,0.00677763572306185
chr6,42050357,42390556,340200,*,0.0943052446167446,CCND3,chr6-42390097-42391014,3.96176502956691,3.7198869171491e-05,0.00678299978683073
chr1,1660793,1724324,63532,*,0.0678221854620279,CDK11A,chr1-1660287-1661298,3.96139338245403,3.72568264817989e-05,0.00679039192032831
chr11,72970048,73142261,172214,*,0.0536779082931682,FCHSD2,chr11-72969598-72970497,3.96100624860859,3.73172897071818e-05,0.00679823365744123
chr16,2340869,2537964,197096,*,0.0929166213995574,PDPK1,chr16-2340418-2341320,3.96034878577494,3.74201860445784e-05,0.00681061361804434
chr2,110678114,110748642,70529,*,0.0900837920279303,BUB1,chr2-110748183-110749100,3.95982548619925,3.75022768447283e-05,0.00681918732857789
chr17,2030110,2392844,362735,*,0.0825601183854201,DPH1,chr17-2392389-2393299,3.95987302513519,3.74948123125324e-05,0.00681918732857789
chr3,46208396,46441023,232628,*,0.0679410511600184,CCR1,chr3-46440532-46441513,3.95905262407296,3.76238284571561e-05,0.00682885255525564
chr6,26124054,26285638,161585,*,0.0634887643419797,HIST1H4H,chr6-26123597-26124510,3.95881972772686,3.76605301339986e-05,0.00682885255525564
chr6,158536436,158653765,117330,*,0.0621131939823275,TMEM181,chr6-158653307-158654223,3.95887958338888,3.76510943668786e-05,0.00682885255525564
chr9,128689110,128882494,193385,*,0.0873321641221181,KYAT1,chr9-128688667-128689552,3.95887587994069,3.76516781210224e-05,0.00682885255525564
chr22,37546153,37560447,14295,*,0.176833057895189,CDC42EP1,chr22-37545700-37546606,3.95902235643723,3.76285963613489e-05,0.00682885255525564
chr6,30466328,30673037,206710,*,0.0586217432089482,DHX16,chr6-30465722-30466933,3.9585641435611,3.77008461027076e-05,0.00683027497413242
chr4,78645903,78646017,115,*,0.115445806937221,LINC01094,chr4-78645592-78646441,3.95842723184715,3.77224594055369e-05,0.00683055097267411
chr5,10400760,10564330,163571,*,0.0729540301785448,ANKRD33B,chr5-10400275-10401244,3.95779819567492,3.78219116548652e-05,0.00684537971331129
chr6,26122987,26158146,35160,*,0.055446992716365,HIST1H2BD,chr6-26122598-26123376,3.95748627887643,3.78713184143668e-05,0.00684802078166005
chr7,158704829,158818659,113831,*,0.174366018191174,NCAPG2,chr7-158818211-158819106,3.95737347602087,3.7889201096931e-05,0.00684802078166005
chr11,118051764,118304545,252782,*,0.0876559407136158,CD3E,chr11-118051313-118052215,3.95739772738263,3.78853558450227e-05,0.00684802078166005
chrX,48539457,48713574,174118,*,0.0681018202132553,TBC1D25,chrX-48713191-48713956,3.95676314137637,3.7986096257752e-05,0.00686235199178736
chrX,71622736,71910818,288083,*,0.096620770357373,NHSL2,chrX-71622186-71623286,3.95652552100739,3.80238835896068e-05,0.006865996787946
chr8,47260575,47600902,340328,*,0.0648650171129765,SPIDR,chr8-47600509-47601294,3.95582901101244,3.81348502617477e-05,0.00687966110330535
chr8,100131268,100502547,371280,*,0.0978279410723164,RGS22,chr8-100502101-100502992,3.95586337786317,3.81293678250911e-05,0.00687966110330535
chr5,180817090,181261212,444123,*,0.0662967620313934,TRIM52-AS1,chr5-180816643-180817536,3.95565353747496,3.81628546297512e-05,0.0068815287710998
chr1,201622885,201696583,73699,*,0.179037593714333,NAV1,chr1-201696128-201697038,3.9524068625342,3.86845231765646e-05,0.00695950102880944
chr6,7910801,7910814,14,*,0.131004896119979,TXNDC5,chr6-7910394-7911207,3.95267559966986,3.86410884440693e-05,0.00695950102880944
chr7,130442433,130893399,450967,*,0.306880550361141,CEP41,chr7-130893018-130893780,3.95243233311254,3.86804045061228e-05,0.00695950102880944
chr19,7497449,7705964,208516,*,0.0843234563355703,PEX11G,chr19-7705476-7706452,3.95260577080514,3.86523701222999e-05,0.00695950102880944
chr2,135986100,136119381,133282,*,0.0575156667673614,DARS,chr2-136118985-136119777,3.95204212652677,3.87435476064353e-05,0.00696369272543293
chr2,190880827,191194182,313356,*,0.0543972691081744,GLS,chr2-191193707-191194656,3.95152457807099,3.88274474905531e-05,0.00697555670925673
chr14,22790392,22919184,128793,*,0.0592818853956402,RBM23,chr14-22789924-22790859,3.95104553245865,3.89052587317003e-05,0.00698631641044258
chr7,151057210,151341692,284483,*,0.418421952137489,SLC4A2,chr7-151341241-151342142,3.95084397890557,3.89380410619206e-05,0.00698898397056716
chr1,23531220,23554969,23750,*,0.0623989759176378,E2F2,chr1-23554535-23555403,3.94980246550445,3.91078579544353e-05,0.0070130067337868
chr17,30363968,30378905,14938,*,0.0585493049383982,CPD,chr17-30363506-30364429,3.94986733074046,3.90972613807396e-05,0.0070130067337868
chr19,40056209,40523473,467265,*,0.0612907629280307,ZNF780B,chr19-40522996-40523949,3.94921751011619,3.92035406982656e-05,0.00702693275783919
chr10,45374134,45374176,43,*,0.135384605156072,ALOX5,chr10-45373685-45374583,3.94910718654678,3.92216114140302e-05,0.00702694101699563
chr6,158869828,159045152,175325,*,0.0538939430485209,TAGAP,chr6-158869374-158870281,3.94754006317788,3.94791541017599e-05,0.00706589433762207
chr5,172834275,172932555,98281,*,0.0640126144355773,ERGIC1,chr5-172932077-172933033,3.94661248505545,3.96323455954533e-05,0.00708749963077003
chr2,156405716,156435290,29575,*,0.073680089105388,GPD2,chr2-156405206-156406225,3.94611969633043,3.97139591016104e-05,0.00709818838847331
chr7,138981318,139341737,360420,*,0.21629154562194,KIAA1549,chr7-139341329-139342144,3.9460318139601,3.97285304773318e-05,0.00709818838847331
chr6,26197250,26216774,19525,*,0.0702559618833836,HIST1H3D,chr6-26216342-26217206,3.94390175511609,4.00832555044703e-05,0.00715500793265969
chr21,33374772,33642400,267629,*,0.122568062373616,ITSN1,chr21-33374251-33375292,3.94395012615942,4.00751670134383e-05,0.00715500793265969
chr7,148987527,149195641,208115,*,0.178895518285577,GHET1,chr7-149195202-149196080,3.94322663277958,4.01963090612195e-05,0.0071719045675673
chr2,104842910,104855511,12602,*,0.174943826092198,POU3F3,chr2-104842456-104843363,3.94285816702051,4.02581380873019e-05,0.00717636746667162
chr16,3046681,3077196,30516,*,0.0718791415682856,MMP25,chr16-3076887-3077504,3.94288106845582,4.02542925785067e-05,0.00717636746667162
chr1,151165948,151458761,292814,*,0.100314310821086,LYSMD1,chr1-151458473-151459049,3.94131356709593,4.05183035716597e-05,0.00721887395963539
chr7,158818659,158856578,37920,*,0.304000001355898,WDR60,chr7-158818211-158819106,3.94122289156539,4.05336258314485e-05,0.00721887395963539
chr7,94183508,94656325,472818,*,0.205541159733245,PEG10,chr7-94183059-94183956,3.9404892395505,4.06577991883712e-05,0.00723100707219598
chr7,150716557,151058110,341554,*,-0.104287549223303,GIMAP1,chr7-151057655-151058565,-3.94046035720833,4.06626949817334e-05,0.00723100707219598
chr15,69719602,70098176,378575,*,0.0600114459856314,TLE3,chr15-69719216-69719988,3.94038220627788,4.06759449979115e-05,0.00723100707219598
chr1,206923247,206924765,1519,*,0.0560520551498288,FCMR,chr1-206924515-206925014,3.9400034464934,4.07402192597169e-05,0.00723913215990846
chr17,40075476,40177010,101535,*,0.0796879034795414,RAPGEFL1,chr17-40075066-40075885,3.93960668357548,4.08076515362774e-05,0.00724781073654706
chr16,88803213,88993499,190287,*,0.0750163543061637,CDT1,chr16-88992961-88994036,3.93947772607658,4.08295913562248e-05,0.00724840521375544
chr3,129606818,129911440,304623,*,0.111984251306204,PLXND1,chr3-129910989-129911890,3.93851978207423,4.09929178182143e-05,0.00727077843369721
chr21,32197813,32424872,227060,*,0.0793120765396863,LINC00159,chr21-32424416-32425328,3.93856835627288,4.09846212284978e-05,0.00727077843369721
chr7,150384002,150685697,301696,*,0.138425877456299,GIMAP2,chr7-150383543-150384460,3.93804952521567,4.10733209337511e-05,0.0072784165057567
chr7,129434344,129434433,90,*,0.285033206470821,STRIP2,chr7-129433894-129434793,3.9377994950026,4.11161310237634e-05,0.00728269237250169
chr2,232327298,232539727,212430,*,0.0543142885024796,CHRNG,chr2-232326868-232327727,3.93711541661457,4.12334743363621e-05,0.00730016005312418
chr16,88701036,88706421,5386,*,0.0571494013442378,RNF166,chr16-88700599-88701472,3.93677084598839,4.12927000197047e-05,0.00730732713939261
chr10,102449817,102729485,279669,*,0.0547440128004594,RPARP-AS1,chr10-102729070-102729900,3.93655492446021,4.13298541329227e-05,0.00731058361770789
chr16,31352340,31355134,2795,*,0.125614348706245,ITGAX,chr16-31351954-31352726,3.93639591281607,4.13572358309061e-05,0.00731210934383239
chr9,131289694,131395536,105843,*,0.0731007325909106,PLPP7,chr9-131395093-131395978,3.93621428949554,4.13885322196699e-05,0.007314325504489
chr3,138125898,138187248,61351,*,0.0850057085854439,ARMC8,chr3-138125437-138126358,3.9359281610971,4.1437881792287e-05,0.00731972863275335
chr8,141117278,141119707,2430,*,0.192722919239475,DENND3,chr8-141119292-141120122,3.93566217625697,4.14838070066489e-05,0.00732452225052359
chr9,113221361,113232948,11588,*,0.0967281074775765,FKBP15,chr9-113232478-113233418,3.93537147979323,4.15340539686704e-05,0.00733007424526668
chr2,96148704,96265994,117291,*,-0.0654846221089824,TMEM127,chr2-96148245-96149162,-3.93475640604067,4.16405592996615e-05,0.00733890385356765
chr10,45374176,45380310,6135,*,0.224067232973403,ALOX5,chr10-45379961-45380658,3.93479995422626,4.16330100730447e-05,0.00733890385356765
chr20,4634184,4823645,189462,*,0.0858093389199668,RASSF2,chr20-4633767-4634600,3.93478638148075,4.16353628160503e-05,0.00733890385356765
chr17,1607558,1628886,21329,*,0.124757022685378,SLC43A2,chr17-1607113-1608002,3.9344054000279,4.17014546445131e-05,0.00734631518123484
chr16,30183644,30199228,15585,*,0.0504793781915776,SULT1A3,chr16-30183469-30183819,3.93359206480478,4.18428821821751e-05,0.00736457395236358
chr6,33391536,33585768,194233,*,0.0929344084453732,KIFC1,chr6-33585324-33586211,3.93315700557044,4.19187188132584e-05,0.00737459222327908
chr1,160101269,160400586,299318,*,0.143227911281618,VANGL2,chr1-160100763-160101774,3.9327759535424,4.19852479561747e-05,0.00738296476599487
chr12,53996785,54164764,167980,*,0.126642419769739,HOXC-AS2,chr12-54164305-54165222,3.93261792644928,4.20128676936657e-05,0.00738449075568573
chr14,22829820,23161385,331566,*,0.189906909004272,SLC7A7,chr14-23160951-23161818,3.9324499572134,4.20422439283641e-05,0.00738632396573259
chr17,4740015,4766565,26551,*,0.0825258632237657,ZMYND15,chr17-4766251-4766879,3.93113680778511,4.22725713474576e-05,0.00742344436258966
chr2,112138385,112150684,12300,*,0.154239899486704,FBLN7,chr2-112150238-112151129,3.93076474347337,4.23380481911874e-05,0.00742427816988121
chr6,26032060,26285513,253454,*,0.0664533237469847,HIST1H3B,chr6-26285055-26285970,3.93073148874106,4.23439051087512e-05,0.00742427816988121
chr7,139359798,139777778,417981,*,0.383689905243525,HIPK2,chr7-139359431-139360164,3.93067704931441,4.23534947872932e-05,0.00742427816988121
chr17,76570021,76586956,16936,*,0.230952495707443,ST6GALNAC2,chr17-76569589-76570453,3.93049594009463,4.23854125264883e-05,0.00742653386259619
chr19,56538575,56595245,56671,*,0.0746464126654812,AC005498.3,chr19-56594790-56595700,3.92980705890043,4.25070251104678e-05,0.00744115345907773
chr6,27867499,27872315,4817,*,0.0698281316440331,HIST1H3I,chr6-27867070-27867927,3.92951978906482,4.25578360385082e-05,0.00744670444133056
chr3,129440036,129626800,186765,*,0.0969881631209409,IFT122,chr3-129626357-129627242,3.9290771257562,4.26362446008827e-05,0.00745707726789741
chr6,31620549,31670167,49619,*,0.0602758116636959,LY6G5B,chr6-31620109-31620988,3.9285985069366,4.27211755095609e-05,0.00746858103800598
chr7,134459284,134891520,432237,*,0.278870789078938,AKR1B1,chr7-134891078-134891962,3.92790375073218,4.28447444928706e-05,0.00748682623488776
chr19,10960870,11155808,194939,*,0.0873277438141636,SPC24,chr19-10960427-10961313,3.92779507266577,4.28641044379533e-05,0.0074868534244377
chr1,30757820,30913105,155286,*,0.132993704930345,LAPTM5,chr1-30912652-30913557,3.92724063068844,4.29630016308149e-05,0.00749304117866837
chr7,129949163,129952949,3787,*,0.296546354306083,UBE2H,chr7-129948743-129949582,3.92713131782108,4.29825254658405e-05,0.00749304117866837
chr7,157335381,157336969,1589,*,0.292068922114724,DNAJB6,chr7-157336552-157337386,3.92684293461544,4.30340724147586e-05,0.00749304117866837
chr8,392118,545781,153664,*,0.149156996385647,TDRP,chr8-391705-392530,3.92744650265272,4.29262545985078e-05,0.00749304117866837
chr14,99604026,99789586,185561,*,0.0569413917998572,CCDC85C,chr14-99789140-99790031,3.92702021874128,4.30023769172299e-05,0.00749304117866837
chr7,156893264,157335381,442118,*,0.307392650927108,DNAJB6,chr7-156892824-156893703,3.92606949615471,4.31726089394173e-05,0.00751045423482808
chr2,127081111,127388465,307355,*,0.0680981075993889,MAP3K2,chr2-127080695-127081527,3.92418886337363,4.35112236502406e-05,0.00756598463982765
chr7,115611,192969,77359,*,0.141276462405037,FAM20C,chr7-115163-116058,3.92400624981053,4.3544237203832e-05,0.00756834951510847
chr12,68332381,68451334,118954,*,0.055438674516985,MDM1,chr12-68450873-68451794,3.9227878361884,4.37651129788344e-05,0.00759996295101316
chr18,62325287,62437270,111984,*,0.0994536837257836,TNFRSF11A,chr18-62436839-62437701,3.92125531819646,4.40444332182798e-05,0.00764506250178665
chr9,132878777,133126158,247382,*,0.0977641323271852,AK8,chr9-133125659-133126657,3.92071602746991,4.4143125565091e-05,0.00765878317214145
chr13,48303751,48501005,197255,*,0.0878115614139528,RB1,chr13-48500548-48501461,3.92032756476884,4.42143451904057e-05,0.00766772726920375
chr12,24901103,24949459,48357,*,0.132874564768522,BCAT1,chr12-24900670-24901535,3.92011562435116,4.42532474868689e-05,0.00767106137805728
chr17,7561875,7579433,17559,*,0.0837309197032165,SENP3,chr17-7578975-7579890,3.91917898637093,4.44255577347465e-05,0.007694088198137
chr1,111204535,111216147,11613,*,0.0731139051482713,DENND2D,chr1-111215683-111216611,3.91864373109408,4.45243113076528e-05,0.00770150208944783
chr9,128068201,128098483,30283,*,0.0998398843274016,SLC25A25,chr9-128098065-128098900,3.91862363062185,4.45280238432497e-05,0.00770150208944783
chr16,57985051,58295080,310030,*,0.0795277357657812,GINS3,chr16-57984601-57985500,3.91816712679723,4.46124183890769e-05,0.00770932647775638
chr2,113098290,113211522,113233,*,0.0703889436911659,PAX8-AS1,chr2-113097806-113098774,3.91773172736494,4.46930521028806e-05,0.00771983861249988
chr6,137219362,137219449,88,*,0.141074455710682,IFNGR1,chr6-137218967-137219757,3.91749615997952,4.47367353332187e-05,0.00772396179943578
chr4,36281622,36286390,4769,*,0.0646935042289026,DTHD1,chr4-36285919-36286861,3.91717737354941,4.4795914792783e-05,0.00773075563249049
chr17,74982237,75271227,288991,*,0.0524735651007759,MIF4GD,chr17-74981787-74982687,3.91689096827482,4.48491460783753e-05,0.00773651738802954
chr7,130277167,130442433,165267,*,0.288436269131471,CEP41,chr7-130276699-130277635,3.91670581345704,4.48835907486647e-05,0.00773903477246724
chr16,4663907,5034141,370235,*,0.0932844672166258,NAGPA,chr16-4663502-4664312,3.91558255196118,4.50930892638524e-05,0.00777172017492987
chr4,77595366,77819615,224250,*,0.0790720659372671,CNOT6L,chr4-77594893-77595838,3.91486645291014,4.52271300457998e-05,0.00779137742051044
chr17,35530132,35880793,350662,*,0.0547178380130311,CCL5,chr17-35529636-35530627,3.91388644709979,4.54111794685251e-05,0.00781617621993971
chr10,71319258,71773629,454372,*,0.0794429376114101,SLC29A3,chr10-71773192-71774065,3.91363622558578,4.54582854253927e-05,0.00782083119579003
chr6,26156354,26158005,1652,*,0.0727636681196898,HIST1H1E,chr6-26157570-26158440,3.91316182883756,4.5547720675419e-05,0.00783276135895608
chr10,6144934,6328906,183973,*,0.0900807633936107,PFKFB3,chr10-6328451-6329361,3.91202544051143,4.57626337018116e-05,0.00786624967985831
chr20,31895341,32052188,156848,*,0.161421924158363,HCK,chr20-31894905-31895776,3.91186492928814,4.57930665653965e-05,0.00786801171734374
chr6,26197250,26272913,75664,*,0.0651493519431722,HIST1H3D,chr6-26272462-26273364,3.91061439309005,4.6030823181872e-05,0.00790537818462518
chr17,36088705,36103590,14886,*,0.0690922673280133,CCL4,chr17-36088295-36089115,3.90963541241663,4.62177637670434e-05,0.00793241664170291
chr2,201233443,201252570,19128,*,0.0540780713686955,CASP8,chr2-201252265-201252874,3.90911104401953,4.63181888369003e-05,0.0079442316561563
chr7,135662448,135977353,314906,*,0.319699258521774,MTPN,chr7-135661995-135662901,3.90880199689956,4.63774728704054e-05,0.00795090173855465
chr17,3696404,3796742,100339,*,0.0555356504708325,P2RX5,chr17-3796309-3797174,3.90666885775353,4.67886283001728e-05,0.00801786387695779
chr4,184423254,184649509,226256,*,0.0644538019018031,CASP3,chr4-184422880-184423628,3.90560316866812,4.69953234581553e-05,0.0080391491183891
chr7,76302544,76310749,8206,*,0.275424193461739,HSPB1,chr7-76310300-76311198,3.90563310180893,4.69895060403238e-05,0.0080391491183891
chr19,55216769,55476332,259564,*,0.0611067070828457,ZNF628,chr19-55216334-55217204,3.90518339423586,4.70769770663948e-05,0.00804958494003866
chr8,25184634,25184723,90,*,0.160520180952163,DOCK5,chr8-25184179-25185088,3.90454783188354,4.72008603001565e-05,0.00806600630390003
chr8,37695485,37849904,154420,*,0.152011189882646,BRF2,chr8-37695027-37695943,3.90447848896647,4.72143951691921e-05,0.00806600630390003
chr6,26055381,26103876,48496,*,0.0615927273089929,HIST1H4C,chr6-26054978-26055783,3.90418657169188,4.72714139669442e-05,0.00807220993335135
chr4,36244509,36286390,41882,*,0.0581344641115579,ARAP2,chr4-36285919-36286861,3.90385978752951,4.73353202839848e-05,0.00807958374927848
chr7,140673153,140696918,23766,*,0.271554438023345,ADCK2,chr7-140696470-140697366,3.90359065980794,4.73880124897341e-05,0.00808503783157454
chr1,31816051,31938445,122395,*,0.100455622747234,SPOCD1,chr1-31938037-31938852,3.90295476518159,4.75127336988493e-05,0.00809922792215295
chr16,2980539,2980554,16,*,0.118492992525937,PKMYT1,chr16-2980094-2981014,3.90252543532894,4.75971155395427e-05,0.00811006585984344
chr19,544034,1030900,486867,*,0.0570891435498693,GZMM,chr19-1030480-1031320,3.90186378307376,4.77274359019091e-05,0.00812871836663656
chr7,129949163,130051451,102289,*,0.254421297260595,ZC3HC1,chr7-129948743-129949582,3.90163522019431,4.77725323526589e-05,0.00813242246864264
chr21,42199689,42406347,206659,*,0.0889825690951989,ABCG1,chr21-42405899-42406794,3.90154216055631,4.77909049476732e-05,0.00813242246864264
chr19,4338768,4831704,492937,*,0.0719635319290471,TICAM1,chr19-4338372-4339164,3.90074158072101,4.79492377936514e-05,0.00815224869268669
chr5,172771195,172771244,50,*,0.123254769802111,DUSP1,chr5-172770820-172771668,3.90029039102505,4.80386889065337e-05,0.00816389666416303
chr4,73812074,73869393,57320,*,0.153387015312582,CXCL1,chr4-73811627-73812520,3.8991907026998,4.825736932185e-05,0.00819748668621432
chr16,3263800,3509773,245974,*,0.075985789695689,ZNF263,chr16-3509333-3510212,3.89847653546744,4.83998893312697e-05,0.00821811570364728
chrX,1239971,1268800,28830,*,0.15953722209629,CSF2RA,chrX-1239527-1240415,3.8982902545162,4.84371290628199e-05,0.00822085835411339
chr6,26124054,26204552,80499,*,0.0771148135909559,HIST1H4E,chr6-26123597-26124510,3.89742413483353,4.86106320705886e-05,0.00824671546300396
chr13,113759240,114115456,356217,*,0.110906553236401,TMEM255B,chr13-114115030-114115882,3.89721010547098,4.86535972333559e-05,0.00825041417512756
chr9,113150942,113580780,429839,*,0.182268421331231,SLC31A2,chr9-113580407-113581153,3.89641068850143,4.88143928605621e-05,0.00827408203716341
chr7,130207770,130668617,460848,*,0.340948968269355,TMEM209,chr7-130668164-130669069,3.89629393054965,4.88379196346972e-05,0.00827447224920728
chr7,130668748,131108089,439342,*,0.302345245279188,COPG2,chr7-131107640-131108538,3.89583305884071,4.89308900390329e-05,0.00828662265138882
chr11,118699730,119067692,367963,*,0.0529809599679908,VPS11,chr11-118699359-118700101,3.89569828928189,4.89581082973859e-05,0.0082876319739264
chr6,3063991,3324479,260489,*,0.0638691547647052,RIPK1,chr6-3324023-3324934,3.89550159202337,4.89978592222464e-05,0.0082907610301698
chr7,150824627,151227313,402687,*,0.0879647170378977,AOC1,chr7-151226856-151227769,3.89520448298455,4.90579603352178e-05,0.00829732926360318
chr14,69611596,69719697,108102,*,0.179520009654316,SUSD6,chr14-69719238-69720156,3.89489850966835,4.91199273124416e-05,0.00830420724310928
chr7,135510127,135662448,152322,*,0.253833606654044,CNOT4,chr7-135661995-135662901,3.893983107353,4.93057599168984e-05,0.00832840082977586
chr6,158649912,158650014,103,*,0.0640691659374279,SYTL3,chr6-158649486-158650338,3.89367114282066,4.93692422384355e-05,0.00833551226727526
chr1,207645113,207822769,177657,*,0.142709306073404,CR1L,chr1-207822370-207823168,3.89312536115136,4.94804901301418e-05,0.00834706535621637
chr13,80339135,80340951,1817,*,0.105191729005404,SPRY2,chr13-80338688-80339582,3.89321494112368,4.9462214625676e-05,0.00834706535621637
chr1,27490158,27891663,401506,*,0.0911964859197638,WASF2,chr1-27891212-27892113,3.89270023105577,4.95673092665325e-05,0.00835770493563805
chr19,55476332,55580837,104506,*,0.0721040303862599,ZNF628,chr19-55580386-55581288,3.89260666368468,4.95864366891303e-05,0.00835770493563805
chr12,122896444,123076971,180528,*,0.0614989588296052,VPS37B,chr12-123076531-123077411,3.89208897197815,4.96923913251302e-05,0.00837194388197263
chr7,131110096,131401030,290935,*,0.250397995067304,MKLN1,chr7-131400590-131401469,3.89179092453246,4.97534888408009e-05,0.00837861647151789
chr7,130442433,130672354,229922,*,0.325665887049122,CEP41,chr7-130671896-130672811,3.89127593835337,4.98592243459767e-05,0.00838917493730156
chr3,40387156,40780626,393471,*,0.117695328326992,ENTPD3,chr3-40780211-40781040,3.88974224104223,5.0175376717332e-05,0.00843872776704285
chr6,26103876,26216774,112899,*,0.0640160174643031,HIST1H4C,chr6-26216342-26217206,3.88932866664103,5.02609532634581e-05,0.00844947527023098
chr7,129952949,130277167,324219,*,0.258000851420476,UBE2H,chr7-130276699-130277635,3.88772915850085,5.05932210227259e-05,0.00849434470376905
chr5,5140330,5271439,131110,*,0.107155671425784,ADAMTS16,chr5-5270998-5271880,3.88733891079595,5.06746017173683e-05,0.00850434559996533
chr7,140177035,140316329,139295,*,0.158860111675256,KDM7A,chr7-140315870-140316787,3.88570948763326,5.10157320030865e-05,0.00855791099520967
chr7,100221468,100539211,317744,*,0.0591217130268508,AGFG2,chr7-100221025-100221910,3.88485113034269,5.11963051739143e-05,0.00858450837189713
chr9,127779326,127917038,137713,*,0.076804251851098,ST6GALNAC4,chr9-127778958-127779694,3.88408891771313,5.13571578613456e-05,0.00859420688898859
chr12,11649854,11750474,100621,*,0.0934917125153537,ETV6,chr12-11750060-11750887,3.88407304136516,5.13605133743649e-05,0.00859420688898859
chr19,55117559,55354173,236615,*,0.0901899263804833,PPP1R12C,chr19-55353653-55354692,3.88352446718845,5.14765833266918e-05,0.00860928741444764
chr7,156640281,156893264,252984,*,0.174293564607327,RNF32,chr7-156892824-156893703,3.88280242218855,5.16297344773026e-05,0.00863119864727504
chr11,65857126,65989192,132067,*,0.0789337395339362,MUS81,chr11-65988766-65989618,3.88241836019338,5.17113720081171e-05,0.00864114093446569
chr7,151227230,151249693,22464,*,0.332596445275786,ABCF2,chr7-151249294-151250092,3.88205057838893,5.17896631469724e-05,0.00865051574857475
chr19,45059531,45406349,346819,*,0.0631137168551794,PPP1R13L,chr19-45059115-45059946,3.88077921635103,5.20611655433711e-05,0.0086921411175222
chr6,34426048,34426071,24,*,0.0697748281936909,RPS10-NUDT3,chr6-34425649-34426493,3.8798924405968,5.22513332353216e-05,0.00872015700533245
chr16,84819984,85061759,241776,*,0.109894263773008,CRISPLD2,chr16-85061307-85062210,3.87886277909216,5.24729650333469e-05,0.00874995656685324
chr19,3626815,4105114,478300,*,0.0710589848721483,CACTIN,chr19-4104670-4105558,3.878854357845,5.2474781335745e-05,0.00874995656685324
chr5,131379915,131635236,255322,*,0.0552323818684995,RAPGEF6,chr5-131379478-131380352,3.87867677514006,5.2513096358107e-05,0.00875260181333935
chr19,44500486,44809059,308574,*,0.105869539696994,BCAM,chr19-44500038-44500934,3.87825277935511,5.26046839543951e-05,0.00876412019187557
chr1,178725147,178726513,1367,*,0.121765826609122,RALGPS2,chr1-178726114-178726912,3.87784812053522,5.26922351300873e-05,0.00877495653564067
chr12,2691830,2877155,185326,*,0.0886347263865657,FOXM1,chr12-2691400-2692259,3.87754222238224,5.27585098875283e-05,0.00878224192855366
chr7,150722253,151080905,358653,*,-0.14334325441483,GIMAP5,chr7-151080453-151081357,-3.8773984889782,5.27896777900883e-05,0.00878367966957811
chr16,89700289,89720986,20698,*,0.0679770235558215,VPS9D1,chr16-89699848-89700729,3.87715173505499,5.28432257239051e-05,0.00878883841080028
chr14,104933516,105065445,131930,*,0.061585644848822,GPR132,chr14-104933051-104933981,3.87651589922375,5.29814444168506e-05,0.0088043146073308
chr5,126776623,126776965,343,*,0.0830087718198246,LMNB1,chr5-126776525-126777405,3.87595542834367,5.3103563023298e-05,0.00882084799819291
chr11,17209422,17351726,142305,*,0.0563996051531021,NCR3LG1,chr11-17209060-17209783,3.87580841176061,5.31356397845565e-05,0.00882241713853872
chr7,130486171,130881322,395152,*,0.151004994339498,MEST,chr7-130880884-130881760,3.87504630887212,5.33022121834876e-05,0.00884630652369392
chr5,76403074,76850001,446928,*,0.0852325547534001,S100Z,chr5-76402646-76403501,3.87487463105161,5.33398036482972e-05,0.00884877835399827
chr7,130668617,131110096,441480,*,0.347618115539555,MKLN1,chr7-130668164-130669069,3.87425863604158,5.34748911232636e-05,0.00885611438155759
chr12,10409757,10554435,144679,*,0.0503734651919817,KLRC4,chr12-10554013-10554856,3.87439116315098,5.34458007510984e-05,0.00885611438155759
chr17,31391624,31508859,117236,*,0.0539819857493691,RAB11FIP4,chr17-31508414-31509304,3.87431321197248,5.34629096208299e-05,0.00885611438155759
chr19,6730562,6772629,42068,*,0.104441466036572,C3,chr19-6772179-6773079,3.87435911754728,5.34528335543815e-05,0.00885611438155759
chr1,17539835,17636022,96188,*,0.168297106033222,ARHGEF10L,chr1-17635580-17636464,3.87387335869826,5.35595463289788e-05,0.00885884440197075
chr10,88841292,88851818,10527,*,0.169400656150961,ANKRD22,chr10-88840824-88841760,3.87395704117412,5.3541148423071e-05,0.00885884440197075
chr22,50327060,50538325,211266,*,0.0710140510850647,DENND6B,chr22-50537937-50538712,3.873916337345,5.35500965674626e-05,0.00885884440197075
chr19,45863290,46077614,214325,*,0.067470468498168,SYMPK,chr19-46077231-46077997,3.87250715457365,5.38607563946675e-05,0.00890488702373788
chr2,113173910,113437691,263782,*,0.0770906483804819,CBWD2,chr2-113173449-113174370,3.87189682904553,5.39958320859872e-05,0.00892306903574909
chr6,26189076,26572724,383649,*,0.068174323596988,HIST1H4D,chr6-26572394-26573054,3.87180354293059,5.40165060699133e-05,0.00892306903574909
chr11,72584410,72793599,209190,*,0.0890452414404684,ARAP1,chr11-72583871-72584949,3.87098259934353,5.41987651838567e-05,0.00894059486177074
chr19,8487689,8610735,123047,*,0.0700859994193455,ADAMTS10,chr19-8487146-8488231,3.87091259734157,5.42143332680762e-05,0.00894059486177074
chr6,27838434,27865355,26922,*,0.0755180126556098,HIST1H2AL,chr6-27838008-27838859,3.87070930230387,5.4259568958065e-05,0.00894427123781799
chr7,151061063,151341699,280637,*,0.338336709813489,NUB1,chr7-151060610-151061516,3.87001006389077,5.44154302961863e-05,0.00896617258319054
chr12,104064183,104138277,74095,*,0.0597434391166017,GLT8D2,chr12-104137836-104138718,3.86946581219416,5.45370370952268e-05,0.00898241359765456
chr3,39107704,39460815,353112,*,0.0899018617254254,TTC21A,chr3-39460374-39461256,3.86903423802707,5.46336496165906e-05,0.00899072924032379
chr18,50806285,50879049,72765,*,0.0916996471104831,ME2,chr18-50805852-50806718,3.86912571131045,5.4613158862383e-05,0.00899072924032379
chr1,226309869,226408180,98312,*,0.0696111500012195,LIN9,chr1-226407739-226408620,3.86851160677017,5.4750862418663e-05,0.0090062165466838
chr11,60184666,60185500,835,*,0.148492218375396,MS4A6A,chr11-60185092-60185907,3.86840174058931,5.47755327490383e-05,0.0090064744805053
chr2,112138385,112156811,18427,*,0.157929023254089,FBLN7,chr2-112156361-112157260,3.86792077989855,5.48836554449464e-05,0.00901664679415222
chr1,192158457,192582001,423545,*,0.108395955920981,RGS18,chr1-192581612-192582390,3.86752980834693,5.49716964047608e-05,0.00902730656562292
chr2,201182881,201209066,26186,*,0.114006449515369,CASP10,chr2-201208611-201209520,3.86692355322635,5.51084795441814e-05,0.00904215108049588
chr1,38046794,38499210,452417,*,0.0819077687042313,POU3F1,chr1-38498739-38499681,3.86625295964163,5.52601526980743e-05,0.00906322299101795
chr2,222291056,222298996,7941,*,0.406632659275963,PAX3,chr2-222290601-222291511,3.86501722996426,5.55406789180109e-05,0.00909774989812789
chr11,120336360,120336914,555,*,0.0783190254051204,ARHGEF12,chr11-120335901-120336818,3.86506486486458,5.55298403456048e-05,0.00909774989812789
chr15,90192201,90352245,160045,*,0.0758122555783287,ZNF774,chr15-90191815-90192586,3.86521386839166,5.54959498173007e-05,0.00909774989812789
chr16,2009853,2009926,74,*,0.0572820981288952,NPW,chr16-2009405-2010301,3.86489516575128,5.55684618198834e-05,0.00909847794095136
chr3,171810950,172130072,319123,*,0.192923986470458,PLD1,chr3-172129658-172130486,3.86477697940717,5.55953745761843e-05,0.0090990629593932
chr4,98483053,98658629,175577,*,0.0778770480067494,TSPAN5,chr4-98482624-98483481,3.86359319513195,5.58656187678341e-05,0.00913639557990839
chr19,18397617,18660607,262991,*,0.097182500281094,LRRC25,chr19-18660185-18661028,3.86357252549319,5.58703483950361e-05,0.00913639557990839
chr6,107716987,107824317,107331,*,0.0781367803588249,SCML4,chr6-107716546-107717427,3.863250721991,5.59440322150235e-05,0.00914460916020601
chr15,64825668,64894818,69151,*,0.0919454507823095,PIF1,chr15-64894509-64895127,3.8630151313804,5.59980338525792e-05,0.00914959995536283
chr7,129914702,130051451,136750,*,0.270300105112632,ZC3HC1,chr7-129914237-129915167,3.86258018456229,5.60978607588291e-05,0.00916207088921284
chr14,99271524,99272231,708,*,0.114271181970237,BCL11B,chr14-99271769-99272693,3.86238854147697,5.61418990166144e-05,0.0091654236245499
chr11,73308289,73661258,352970,*,0.109867530669827,ARHGEF17,chr11-73660722-73661794,3.86206647111077,5.62159820251131e-05,0.00917367644389049
chr10,70478821,70495183,16363,*,0.210563657140039,PALD1,chr10-70494732-70495634,3.86169255701213,5.63021058620175e-05,0.00918028328612087
chr3,16286282,16514026,227745,*,0.0545868548979134,RFTN1,chr3-16285837-16286726,3.86118922213715,5.64182358006475e-05,0.00918643525806012
chr7,130853720,131327852,474133,*,0.321635420249279,AC016831.7,chr7-131327398-131328305,3.86111425750101,5.64355510374552e-05,0.00918643525806012
chr7,140479440,140690777,211338,*,0.237566222061416,NDUFB2,chr7-140479007-140479872,3.86125966200166,5.64019702565272e-05,0.00918643525806012
chrX,153724868,154040528,315661,*,0.109693672467881,ABCD1,chrX-154040097-154040959,3.86136334999469,5.63780353049032e-05,0.00918643525806012
chr7,136868669,137354537,485869,*,0.154402616609437,CHRM2,chr7-137354097-137354977,3.8606697128257,5.65383344472353e-05,0.00919548717602152
chr14,34130121,34462774,332654,*,0.119866412038449,EGLN3,chr14-34129674-34130568,3.86072048100986,5.65265873837426e-05,0.00919548717602152
chr8,94895767,94960652,64886,*,0.0717026824095706,NDUFAF6,chr8-94960229-94961074,3.86051768079572,5.65735263540255e-05,0.00919737380991224
chr7,129188872,129417276,228405,*,0.261260171094118,SMO,chr7-129416842-129417709,3.86010722920241,5.6668639645118e-05,0.00920515937622022
chr8,133139108,133571940,432833,*,0.0674027193010932,ST3GAL1,chr8-133138672-133139544,3.86017503276609,5.6652917240699e-05,0.00920515937622022
chr7,143279957,143288290,8334,*,0.159657708349293,TMEM139,chr7-143287840-143288739,3.85950187355275,5.68091930477641e-05,0.00922414724200621
chr7,100352176,100466086,113911,*,0.0812578470916908,PILRB,chr7-100465638-100466533,3.85838397929183,5.70696139781341e-05,0.00926257416677916
chr19,12737141,13103161,366021,*,0.0916472279925048,LYL1,chr19-12736702-12737579,3.85752505693719,5.72704701658816e-05,0.00929130559097348
chr16,11976737,11994817,18081,*,0.109089670914567,SNX29,chr16-11994345-11995288,3.85738680067542,5.7302863172939e-05,0.00929269376609676
chr11,67119269,67508423,389155,*,0.060495446028473,KDM2A,chr11-67507963-67508882,3.85673372933148,5.74561094723929e-05,0.00930980016210778
chr11,75181684,75351705,170022,*,0.116563332445477,ARRB1,chr11-75181257-75182110,3.85650325350522,5.75102839369622e-05,0.00931470677747926
chr20,47768477,47786616,18140,*,0.0628756865590519,SULF2,chr20-47768005-47768949,3.8561258919687,5.75990886298882e-05,0.00932521590553952
chr7,148697914,149126357,428444,*,0.316151092739135,CUL1,chr7-149125908-149126805,3.85591329776027,5.76491754768448e-05,0.0093277281121317
chr17,63462665,63843065,380401,*,0.0661507954240155,SMARCD2,chr17-63462206-63463124,3.85585694726554,5.76624584463781e-05,0.0093277281121317
chr8,132866958,132981160,114203,*,0.0539750552572784,TG,chr8-132980743-132981577,3.85558897914876,5.77256635473175e-05,0.00933407938002855
chr11,121418871,121452203,33333,*,0.145333030343573,SORL1,chr11-121418430-121419311,3.85508472942417,5.78447771155999e-05,0.00934946187730963
chr7,149497817,149714804,216988,*,0.209746031930944,ZNF746,chr7-149714349-149715258,3.85466070406078,5.79451195109605e-05,0.00936005356248331
chr12,132446278,132687365,241088,*,0.061710904556801,POLE,chr12-132445810-132446746,3.85460494794363,5.79583259796916e-05,0.00936005356248331
chr5,22506065,22853622,347558,*,0.108435933337947,CDH12,chr5-22505601-22506528,3.85413618358205,5.80694704465565e-05,0.00937040627301926
chr18,11148762,11398680,249919,*,0.101384604432177,PIEZO2,chr18-11398212-11399148,3.85413183458425,5.80705025384365e-05,0.00937040627301926
chr6,138444095,138773652,329558,*,0.0861532061471418,GVQW2,chr6-138443625-138444564,3.85304660292539,5.83285881210911e-05,0.00940394243702288
chr1,206737253,206923247,185995,*,0.0541229902670403,FCMR,chr1-206736805-206737701,3.85262539345457,5.84290496140039e-05,0.00940879052049511
chr10,44959407,45404398,444992,*,0.165033483628718,RASSF4,chr10-45403971-45404825,3.85264854772755,5.84235229174226e-05,0.00940879052049511
chr17,44947806,44968071,20266,*,0.110846188574524,C1QL1,chr17-44947355-44948257,3.85183412770932,5.86182135291575e-05,0.00943535416216727
chr17,68259182,68381351,122170,*,0.0567097341701798,ARSG,chr17-68380938-68381764,3.85093774959189,5.88332037869906e-05,0.00946605124340316
chr1,170661414,171090877,429464,*,0.132394443740743,FMO3,chr1-170661062-170661766,3.84962412836558,5.91496106677526e-05,0.00950911093527616
chr17,4807096,4807096,1,*,0.0897289595196618,PLD2,chr17-4806644-4807548,3.84926712344636,5.9235877963547e-05,0.00951905420273896
chr11,61567395,61792637,225243,*,0.0964250409780333,FEN1,chr11-61566844-61567946,3.84910583186096,5.92748916417305e-05,0.00952139886951459
chr7,130668748,130913390,244643,*,0.322769516842462,COPG2,chr7-130912954-130913826,3.84840763540436,5.94440530518548e-05,0.00954463878516132
chr1,111204535,111604229,399695,*,0.0561208807793249,DENND2D,chr1-111603771-111604687,3.84809558238345,5.95198054188446e-05,0.00954928435446305
chr1,169662007,169891182,229176,*,0.0624173393428289,C1orf112,chr1-169890749-169891615,3.84808665073771,5.95219749580487e-05,0.00954928435446305
chr19,16324817,16542484,217668,*,0.0531810796257869,KLF2,chr19-16542044-16542923,3.84789846024695,5.95677046641652e-05,0.0095526897567808
chr15,41283990,41332613,48624,*,0.0578741740443251,OIP5-AS1,chr15-41332171-41333054,3.84764734638706,5.96287761505292e-05,0.00955855166111682
chr6,26271815,26272913,1099,*,0.0685651701221268,HIST1H3G,chr6-26272462-26273364,3.84670163255417,5.98593062655863e-05,0.0095841661689566
chr7,129825770,130207770,382001,*,0.374503112178148,TMEM209,chr7-129825367-129826172,3.84664269017565,5.98737020256154e-05,0.0095841661689566
chr20,1657779,1731860,74082,*,0.0644041878703502,SIRPG,chr20-1731499-1732221,3.84658865277076,5.9886902690196e-05,0.0095841661689566
chr17,74478853,74712978,234126,*,0.133244172967385,CD300LF,chr17-74478404-74479302,3.84619910757832,5.9982144952747e-05,0.00958760113739989
chr19,43504231,43935278,431048,*,0.0653371076492709,ZNF45,chr19-43503789-43504673,3.84625428229351,5.99686462762528e-05,0.00958760113739989
chr2,215582635,215749614,166980,*,0.118573328735987,AC012668.3,chr2-215749085-215750143,3.84583840062356,6.00704637143853e-05,0.00959778295900841
chr7,129188872,129611824,422953,*,0.31004695797134,SMO,chr7-129611377-129612271,3.84499904835537,6.02764531846463e-05,0.009626749621852
chr1,192808916,192809039,124,*,0.110774765798392,RGS2,chr1-192808472-192809360,3.84463941411401,6.03649164051753e-05,0.00963693013529501
chr9,5494235,5629025,134791,*,0.105372869879094,RIC1,chr9-5493799-5494670,3.8441521107803,6.04849791265015e-05,0.009646031706663
chr11,123358428,123457558,99131,*,0.121422546977075,GRAMD1B,chr11-123457074-123458041,3.84410679198814,6.04961562921084e-05,0.009646031706663
chr14,23161385,23183674,22290,*,0.119614907924448,SLC7A8,chr14-23160951-23161818,3.84418980272468,6.04756844857679e-05,0.009646031706663
chr7,135557919,135977435,419517,*,0.309217942871247,NUP205,chr7-135976990-135977880,3.84323161677661,6.07123867593946e-05,0.00967655167740128
chr7,20217404,20219992,2589,*,0.161222734660592,MACC1,chr7-20219524-20220459,3.84271644291026,6.08400118069719e-05,0.00969293023415268
chr3,150763477,151183384,419908,*,0.0702555681890358,SIAH2,chr3-151182987-151183780,3.84229377895623,6.0944908030373e-05,0.00970567577020302
chr7,130442433,130822971,380539,*,0.268797071039983,CEP41,chr7-130822568-130823373,3.84218037518617,6.09730814371608e-05,0.00970619752733362
chr2,68679601,68734730,55130,*,0.0782599617000908,ARHGAP25,chr2-68734198-68735261,3.84138863520651,6.11701193265897e-05,0.00972961785381871
chr7,140479440,140479569,130,*,0.315405399694143,MKRN1,chr7-140479007-140479872,3.84060319434952,6.1366182604193e-05,0.00975284509604968
chr1,162003911,162023854,19944,*,0.168275393686394,OLFML2B,chr1-162003508-162004314,3.83995560532862,6.15282804792358e-05,0.00977462233145519
chr7,131108089,131110096,2008,*,0.309379740361383,MKLN1,chr7-131107640-131108538,3.83981298645483,6.15640335767283e-05,0.00977631837798561
chr7,129417276,129611714,194439,*,0.175898257543647,NRF1,chr7-129416842-129417709,3.83783096016034,6.20629391791285e-05,0.00984447388073902
chr10,102449817,102743859,294043,*,0.0667913625488238,RPARP-AS1,chr10-102743424-102744293,3.83796712389519,6.20285431776234e-05,0.00984447388073902
chr12,31326301,31729174,402874,*,0.0593787207777136,AMN1,chr12-31325845-31326756,3.83780704545622,6.20689820723159e-05,0.00984447388073902
chr7,100867251,101154397,287147,*,0.202791314757108,AP1S1,chr7-100866822-100867679,3.83725445636835,6.22087677608742e-05,0.00985927518157763
chr10,77507352,77638595,131244,*,0.222466391703973,KCNMA1,chr10-77506858-77507845,3.83723820524785,6.22128832138375e-05,0.00985927518157763
chr22,39244751,39266670,21920,*,0.211983433217622,PDGFB,chr22-39266221-39267118,3.83663276719362,6.23663880765224e-05,0.0098795859912265
chr7,130668748,130672354,3607,*,0.334038618145446,COPG2,chr7-130671896-130672811,3.83647952945974,6.24052970829404e-05,0.00988173431290758
chr7,151277896,151341692,63797,*,0.302934706932162,SMARCD3,chr7-151341241-151342142,3.83622525913863,6.24699100354246e-05,0.00988393643146525
chr17,75314115,75405709,91595,*,0.170120603981479,GRB2,chr17-75313640-75314590,3.83544049713841,6.26697247780769e-05,0.00990750914200439
chr7,100119841,100466086,346246,*,0.15094641289619,TAF6,chr7-100465638-100466533,3.83482723419422,6.28262919086342e-05,0.00992800558550175
chr9,91147923,91361913,213991,*,0.0517416381115949,AUH,chr9-91147479-91148366,3.83473329714214,6.28503067446578e-05,0.00992800558550175
chr19,51427420,51795163,367744,*,0.16859392368411,FPR3,chr19-51426989-51427851,3.833977046589,6.30439562828227e-05,0.00995456154101701
chr15,75346955,75647708,300754,*,0.0772705586659555,NEIL1,chr15-75647302-75648113,3.83373694267747,6.3105556096474e-05,0.00996025394952331
chr3,16309813,16802651,492839,*,0.0546675654929393,PLCL2,chr3-16309281-16310344,3.83301561633373,6.32909572461111e-05,0.00998547400417277
chr3,129612151,130081831,469681,*,0.0745583353557548,ALG1L2,chr3-129611713-129612589,3.83234083634213,6.34648593486077e-05,0.010008860172643
chr2,84833059,85133410,300352,*,0.153240228042638,TCF7L1,chr2-84832623-84833494,3.83209134051781,6.35292725682449e-05,0.0100149672338356
chr1,192158457,192512651,354195,*,0.0883503702266505,RGS18,chr1-192512189-192513112,3.83170091181319,6.36301945993875e-05,0.0100227711616002
chr7,131072201,131328222,256022,*,0.229353042205972,MKLN1-AS,chr7-131071765-131072637,3.83170612271153,6.36288466383737e-05,0.0100227711616002
chr7,134316926,134317051,126,*,0.321236872376467,SLC35B4,chr7-134316497-134317354,3.82978128010676,6.41286024905322e-05,0.0100971986826086
chr7,151061063,151232489,171427,*,0.34422260422337,CHPF2,chr7-151060610-151061516,3.82965948435887,6.41603490099691e-05,0.0100981188462796
chr3,138347648,138348576,929,*,0.116129875744062,MRAS,chr3-138348151-138349001,3.82954646200653,6.41898219599952e-05,0.0100986805773802
chr17,35880793,36066698,185906,*,0.164619329484338,CCL5,chr17-36066239-36067157,3.82903724268548,6.4322769904655e-05,0.0101155145191083
chr2,219247897,219278170,30274,*,0.0620720704319119,TUBA4A,chr2-219247449-219248344,3.82888518445307,6.4362519844464e-05,0.0101176843090339
chr6,30908242,31180771,272530,*,0.0717742320787712,VARS2,chr6-31180331-31181210,3.82841708397645,6.44850325916484e-05,0.0101287747485573
chr6,36998612,37258155,259544,*,0.0870581134383286,TMEM217,chr6-36998152-36999071,3.82844080268515,6.44788195734991e-05,0.0101287747485573
chr7,80369575,80498242,128668,*,0.0667799917386913,CD36,chr7-80497905-80498578,3.82828141868839,6.45205803996996e-05,0.0101302768062762
chr7,129502479,129611824,109346,*,0.2138631889406,SMKR1,chr7-129611377-129612271,3.82798250980527,6.45989674247608e-05,0.0101344211865102
chr10,6062325,6195989,133665,*,0.176159226502435,IL2RA,chr10-6195557-6196420,3.82757642677485,6.47056040104057e-05,0.0101470672303559
chr17,18993034,19004804,11771,*,0.111417927230125,FAM83G,chr17-18992580-18993488,3.82740201414866,6.47514553219513e-05,0.0101501746522611
chr7,133984077,134127299,143223,*,0.264965126580331,LRGUK,chr7-133983623-133984531,3.8272349805651,6.47953954601843e-05,0.0101529801089002
chr16,11100489,11256179,155691,*,0.0666701564161524,SOCS1,chr16-11100057-11100920,3.82698424082387,6.48614082368449e-05,0.0101592405479913
chr16,3305516,3611598,306083,*,0.05766168695543,SLX4,chr16-3305059-3305972,3.82657697889029,6.49687640282802e-05,0.0101719689132342
chr10,80078646,80187925,109280,*,0.0801809529042634,TMEM254,chr10-80187447-80188402,3.82623529614283,6.50589620518392e-05,0.010182001795999
chr14,105771155,105917979,146825,*,0.0815681226157226,FAM30A,chr14-105770606-105771704,3.82562373794333,6.5220696979997e-05,0.0101955092705809
chr17,71741053,72237203,496151,*,0.0946836246121569,SOX9-AS1,chr17-71740609-71741497,3.82561229724373,6.5223726236697e-05,0.0101955092705809
chr19,18173673,18397617,223945,*,0.0919787960337852,LRRC25,chr19-18173231-18174115,3.82571599443721,6.51962742449467e-05,0.0101955092705809
chr15,64010950,64072033,61084,*,0.0835229163080505,DAPK2,chr15-64010506-64011393,3.82521871831795,6.53280184342739e-05,0.0102077188948451
chr7,138981318,139340543,359226,*,0.224970501986642,KIAA1549,chr7-139340087-139340999,3.82511864028308,6.53545625812181e-05,0.0102077752129059
chr15,40594020,40765548,171529,*,0.0933331131837843,KNL1,chr15-40765115-40765981,3.82490150609081,6.54121890104053e-05,0.0102126843052001
chr5,39283513,39424868,141356,*,0.126396092932597,C9,chr5-39283050-39283975,3.82427414174988,6.55789578093445e-05,0.0102264351439554
chr7,152436005,152676187,240183,*,0.231418297425851,KMT2C,chr7-152675737-152676636,3.82434196330854,6.55609098824116e-05,0.0102264351439554
chr22,46129799,46150521,20723,*,0.0783920388885708,PPARA,chr22-46129308-46130290,3.82431617682238,6.55677713468263e-05,0.0102264351439554
chr6,26032060,26216774,184715,*,0.0603285191500261,HIST1H3B,chr6-26216342-26217206,3.82405459682086,6.56374128025398e-05,0.0102268493627814
chr6,26043769,26199520,155752,*,0.0680095973046779,HIST1H2BF,chr6-26043306-26044231,3.82405428916132,6.56374947529534e-05,0.0102268493627814
chr10,13528974,13922753,393780,*,0.0739234951675823,BEND7,chr10-13922274-13923232,3.82396864235542,6.56603120031238e-05,0.0102268493627814
chr19,11243606,11505923,262318,*,0.0623557763021552,ZNF653,chr19-11242994-11244217,3.8236025048988,6.57579393446495e-05,0.0102379649238779
chr3,149222055,149225274,3220,*,0.099228564489256,CP,chr3-149224830-149225718,3.82350093057296,6.57850474747695e-05,0.010238096737778
chr16,56452199,56608476,156278,*,0.0648870805271648,NUDT21,chr16-56608029-56608922,3.8233323095683,6.58300722571241e-05,0.0102410156941677
chr6,26103876,26122987,19112,*,0.0606749095194706,HIST1H4C,chr6-26122598-26123376,3.82304927950119,6.59057115580574e-05,0.0102486930444084
chr7,155297541,155666144,368604,*,0.165351703281022,AC144652.1,chr7-155665699-155666588,3.8229137750291,6.59419538789519e-05,0.0102502402725746
chr5,157025498,157142933,117436,*,0.104198778354712,ITK,chr5-157025048-157025947,3.8226780390474,6.60050490956154e-05,0.0102559587086584
chr13,41457559,41465321,7763,*,0.0515534165771154,RGCC,chr13-41464891-41465750,3.82186771715897,6.6222367526779e-05,0.0102815302369772
chr7,73410733,73719672,308940,*,0.0654777981260892,STX1A,chr7-73410270-73411196,3.82140087592688,6.63478745535016e-05,0.0102969154420508
chr6,117602542,117602592,51,*,0.0640288965587077,GOPC,chr6-117602127-117603057,3.8209423603338,6.64713614312452e-05,0.0103119750086326
chr6,26103950,26199520,95571,*,0.0538758897334351,HIST1H2BF,chr6-26103488-26104411,3.81980005084751,6.67799493430089e-05,0.010355726655239
chr17,4739922,4766565,26644,*,0.0943077090139748,CXCL16,chr17-4766251-4766879,3.81943036218851,6.68801072338741e-05,0.0103671346184256
chr8,8701938,9002834,300897,*,0.131621919465501,CLDN23,chr8-9002390-9003278,3.8192891861085,6.69183926912274e-05,0.010368436700739
chr19,30877901,31349547,471647,*,0.139615251651017,TSHZ3,chr19-30877454-30878348,3.81920328288744,6.69416988389442e-05,0.010368436700739
chr22,46281305,46738261,456957,*,0.0530094030760859,CERK,chr22-46280830-46281780,3.81894006696428,6.70131587960121e-05,0.0103753828367526
chr2,152099475,152335219,235745,*,0.106608285838896,CACNB4,chr2-152334757-152335680,3.81810826867954,6.72394547542733e-05,0.0103983075770382
chr7,150368790,150379245,10456,*,0.217753065477951,ZNF775,chr7-150378797-150379693,3.8181017029569,6.72412438610376e-05,0.0103983075770382
chr17,81153578,81309248,155671,*,0.101741498855405,LINC00482,chr17-81153157-81153998,3.81660015388565,6.76515840454745e-05,0.0104576151242254
chr17,80991598,81362691,371094,*,0.0690425108436244,CHMP6,chr17-81362272-81363110,3.81618856446399,6.77644736276653e-05,0.0104709138219154
chr6,2127619,2245692,118074,*,0.0805556902050195,GMDS,chr6-2127153-2128085,3.8159126343546,6.78402543022157e-05,0.0104784702140362
chr7,141128672,141551189,422518,*,0.239369410231248,AGK,chr7-141128214-141129130,3.81570786788225,6.78965423942564e-05,0.0104830110279151
chr3,183428778,183767230,338453,*,0.0528024126239448,MCF2L2,chr3-183766761-183767698,3.8148149295611,6.81425161718489e-05,0.0105168235212303
chr1,149886975,149888263,1289,*,0.0837225978071336,HIST2H2AC,chr1-149887809-149888717,3.81458767891479,6.82052497807885e-05,0.0105223399436248
chr1,16212609,16420992,208384,*,0.090516675744875,ARHGEF19,chr1-16420563-16421421,3.81440393923034,6.82560117594873e-05,0.010526005813473
chr1,204411791,204466505,54715,*,0.0769323623936889,PPP1R15B,chr1-204466066-204466944,3.81391818343303,6.83903835616895e-05,0.0105425574583993
chr11,112086766,112260860,174095,*,0.0709424111069715,PLET1,chr11-112086324-112087208,3.81325825884732,6.85733339466694e-05,0.0105623683054003
chr16,28984826,28984972,147,*,0.0662109475366751,LAT,chr16-28984551-28985392,3.81335326440038,6.85469672512072e-05,0.0105623683054003
chr17,7035915,7336529,300615,*,0.0507672987306759,ACAP1,chr17-7035474-7036356,3.81316156901494,6.86001778861557e-05,0.0105623683054003
chr2,176151222,176152240,1019,*,0.114106448570193,HOXD4,chr2-176151770-176152710,3.81295169414946,6.86584793852969e-05,0.0105630013833136
chr20,63627041,64063051,436011,*,0.0739193140072015,GMEB2,chr20-64062610-64063492,3.81301056643637,6.86421204431706e-05,0.0105630013833136
chr1,21753694,22024531,270838,*,0.0817346822644643,LINC00339,chr1-21753275-21754113,3.81273558302027,6.87185620421467e-05,0.0105680744967475
chr1,58392386,58785160,392775,*,0.0549897912877262,LINC01135,chr1-58391941-58392830,3.81242633399751,6.88046248082411e-05,0.0105771374569174
chr11,47248906,47254594,5689,*,0.129303047333444,ACP2,chr11-47254159-47255029,3.81135332299111,6.91040274701513e-05,0.010612516612728
chr19,57411163,57830476,419314,*,0.093097828098473,ZNF17,chr19-57830178-57830774,3.81130895773,6.91164331072213e-05,0.010612516612728
chr11,118224054,118342744,118691,*,0.0528898928601219,CD3D,chr11-118223667-118224440,3.81109927680422,6.91750935336504e-05,0.0106173419544412
chr8,19013876,19084730,70855,*,0.133913957157344,PSD3,chr8-19013413-19014339,3.80984811275136,6.95260956937429e-05,0.0106641948233617
chr12,55681352,55842966,161615,*,0.106913633633937,MMP19,chr12-55680914-55681790,3.80971898319954,6.95624171116445e-05,0.0106641948233617
chr16,71724701,71856421,131721,*,0.0542238866841066,PHLPP2,chr16-71855980-71856862,3.8097729521296,6.95472346170897e-05,0.0106641948233617
chr3,13002720,13073117,70398,*,0.0524295492225284,IQSEC1,chr3-13002258-13003182,3.80934721961211,6.96670861893955e-05,0.0106760428007501
chr6,32530287,33019076,488790,*,0.0949400244202341,HLA-DRB5,chr6-33018625-33019526,3.80923769932621,6.96979496204821e-05,0.0106765756602924
chr14,24232422,24246988,14567,*,0.0836729107775331,GMPR2,chr14-24246503-24247472,3.8088515853351,6.98068614798752e-05,0.0106890591365484
chr7,131110096,131327852,217757,*,0.338205844890813,MKLN1,chr7-131327398-131328305,3.80796997748293,7.00561393424402e-05,0.0107230176815583
chr6,42217865,42368275,150411,*,0.0828191262558959,MRPS10,chr6-42367964-42368585,3.80769158084772,7.01350310412053e-05,0.0107308799534835
chr7,155003084,155230397,227314,*,0.300493074480552,PAXIP1,chr7-155229943-155230850,3.80740523419806,7.02162628977875e-05,0.0107390939675278
chr7,99325898,99358288,32391,*,0.194145338962087,ARPC1A,chr7-99357840-99358736,3.80711243521519,7.02994168042173e-05,0.0107475953882187
chr7,129434433,129925571,491139,*,0.253632928704329,STRIP2,chr7-129925136-129926006,3.80646508470623,7.04835914634989e-05,0.0107633183787144
chr17,78168558,78174560,6003,*,0.0942243224316042,SYNGR2,chr17-78174158-78174961,3.80645983745742,7.04850861887533e-05,0.0107633183787144
chr4,8182072,8191389,9318,*,0.137450143097512,SH3TC1,chr4-8190928-8191849,3.80625520794202,7.05434000064897e-05,0.0107680053168872
chr11,118998142,119107308,109167,*,0.0534988939454077,CCDC84,chr11-119106849-119107767,3.80615577677799,7.05717515709435e-05,0.0107681168271763
chr6,105994411,106325820,331410,*,0.0667226684901619,ATG5,chr6-105994027-105994794,3.80584817370335,7.06595287471139e-05,0.0107730772784982
chr13,48303751,48403400,99650,*,0.0608378840093579,RB1,chr13-48402964-48403836,3.80591824745603,7.06395235611249e-05,0.0107730772784982
chr17,67377281,67452989,75709,*,0.0724419881670856,PITPNC1,chr17-67452490-67453487,3.80571870815474,7.06965035902969e-05,0.0107745009060533
chr7,100352176,100604339,252164,*,0.0848668657049507,PILRB,chr7-100603927-100604750,3.80557017023171,7.07389478746297e-05,0.010776756665424
chr6,26199454,26199520,67,*,0.065139316267117,HIST1H2BF,chr6-26199004-26199904,3.80519607316122,7.08459514002273e-05,0.010788842127063
chr11,73157588,73264505,106918,*,0.14496432826755,P2RY6,chr11-73157177-73157999,3.80481468858145,7.09551962962977e-05,0.010801259346546
chr11,915110,924894,9785,*,0.140220343459502,AP2A2,chr11-914693-915526,3.80354379528383,7.13203809463359e-05,0.0108526124717763
chr6,27688219,27824108,135890,*,0.0654520200664773,HIST1H4J,chr6-27687846-27688592,3.80259948040295,7.1592870417522e-05,0.0108855786731715
chr7,130668748,131057309,388562,*,0.290616184084533,COPG2,chr7-131056887-131057730,3.80191999435776,7.17895476843509e-05,0.0109112275804443
chr2,238238858,238290102,51245,*,0.0625757980973382,PER2,chr2-238238481-238239235,3.80164562856912,7.18691069899827e-05,0.0109190627818623
chr3,28348919,28349127,209,*,0.0899474084779416,AZI2,chr3-28348529-28349308,3.80085255354911,7.20995463141458e-05,0.010945542184448
chr16,30378106,30409640,31535,*,0.0552457353533447,ZNF48,chr16-30409213-30410066,3.80054049769909,7.21904092288293e-05,0.0109550702291466
chr6,26199520,26235002,35483,*,0.0553685071718175,HIST1H2BF,chr6-26234589-26235415,3.79955168329598,7.24790401553876e-05,0.0109889227061486
chr7,143381080,143381145,66,*,0.208288890403659,ZYX,chr7-143380719-143381571,3.79958740929983,7.24685929846324e-05,0.0109889227061486
chr20,45348424,45779186,430763,*,0.118949270200306,SDC4,chr20-45778803-45779568,3.79948669326628,7.24980484907454e-05,0.0109889227061486
chr2,46695466,46698952,3487,*,0.0782657694148703,SOCS5,chr2-46695012-46695920,3.79899569115021,7.26418089590398e-05,0.0110064339317138
chr2,10382620,10448504,65885,*,0.06788072705936,ODC1,chr2-10382141-10383099,3.7985639447433,7.27684417124936e-05,0.0110127804885478
chr7,139109719,139360472,250754,*,0.186849329155114,ZC3HAV1,chr7-139360280-139360664,3.79862383859656,7.27508622229782e-05,0.0110127804885478
chr17,7014495,7384253,369759,*,0.0711574513200177,C17orf49,chr17-7383795-7384711,3.79828743111846,7.28496533073701e-05,0.0110207927982867
chr8,12794243,13115194,320952,*,0.0972467936245283,LINC00681,chr8-13114778-13115610,3.79799296185056,7.29362322788364e-05,0.011029610561043
chr7,148884411,149262171,377761,*,0.190343429456485,ZNF783,chr7-148883952-148884870,3.79696732475092,7.3238544060289e-05,0.0110710325238433
chr7,130442433,130903778,461346,*,0.278053779692475,CEP41,chr7-130903423-130904133,3.7960241052319,7.35176039534207e-05,0.0111089088900965
chr12,29149103,29158700,9598,*,0.0805984414291891,FAR2,chr12-29158265-29159135,3.79592095047324,7.35481838680099e-05,0.0111092237804384
chr2,98505566,98936259,430694,*,0.0692272709064838,KIAA1211L,chr2-98505118-98506013,3.79570486266388,7.3612281268616e-05,0.0111145991778205
chr8,143368887,143836526,467640,*,0.0891128929293689,RHPN1,chr8-143836088-143836964,3.79523102387037,7.37530186461228e-05,0.0111315376791437
chr19,7294034,7333719,39686,*,0.122355692256404,INSR,chr19-7333280-7334158,3.79498798759789,7.3825302400043e-05,0.0111381353681353
chr7,151080866,151089274,8409,*,0.320801551447201,FASTK,chr7-151088811-151089736,3.79438705384824,7.40043183579828e-05,0.0111608245727258
chr6,32623126,32941070,317945,*,0.0730102577438468,HLA-DMB,chr6-32622730-32623522,3.79387813019142,7.41562444014227e-05,0.0111794122940385
chr7,129225023,129417276,192254,*,0.31591159722172,AHCYL2,chr7-129416842-129417709,3.7935035417688,7.42682556867556e-05,0.0111919706285246
chr10,97849919,98268250,418332,*,0.0942392004566587,LOXL4,chr10-97849496-97850342,3.79337641018017,7.43063073962225e-05,0.0111933781109089
chr19,10339823,10603578,263756,*,0.0589810812731365,ICAM3,chr19-10603225-10603930,3.7929390974799,7.44373395157252e-05,0.0112087855098048
chr7,135510127,135977435,467309,*,0.261840157169625,CNOT4,chr7-135976990-135977880,3.79275566084096,7.44923674229001e-05,0.0112127407044604
chr17,36103590,36189038,85449,*,0.0898680066108027,CCL4,chr17-36188584-36189491,3.792110030438,7.46863504647844e-05,0.0112376005794663
chr2,60710948,60756230,45283,*,0.105146553425879,PAPOLG,chr2-60710513-60711383,3.79198968537591,7.47225613157839e-05,0.0112387114097535
chr2,70978380,71276565,298186,*,0.0648815068492943,ANKRD53,chr2-71276112-71277018,3.79114191540336,7.49781171403423e-05,0.0112684537098677
chr7,151089274,151227230,137957,*,0.338821059935081,ABCF2,chr7-151088811-151089736,3.7906859243415,7.51159133560281e-05,0.0112810123067137
chr20,57711536,58039823,328288,*,0.111662866460139,PMEPA1,chr20-58039371-58040275,3.79067389105697,7.51195529283647e-05,0.0112810123067137
chr7,129949163,130442433,493271,*,0.302511438884219,CEP41,chr7-129948743-129949582,3.78968686794388,7.54186526665883e-05,0.0113085048382211
chr7,130853720,131069257,215538,*,0.279257776707847,AC016831.7,chr7-131068789-131069724,3.78975187807617,7.5398918066905e-05,0.0113085048382211
chr9,127397138,127424315,27178,*,0.0701292556173357,SLC2A8,chr9-127423886-127424743,3.78995695430177,7.53366965877966e-05,0.0113085048382211
chr14,49688422,50003540,315119,*,0.0742627498075665,POLE2,chr14-50003113-50003966,3.78953659272928,7.54642891103194e-05,0.011310997323428
chr7,148987527,149028733,41207,*,0.155640610691926,GHET1,chr7-149028276-149029189,3.78929550989306,7.55375568476431e-05,0.0113176278294263
chr15,75455825,75579289,123465,*,0.0780246787713159,PTPN9,chr15-75455422-75456228,3.78915604855493,7.55799712579587e-05,0.0113196323299492
chr6,26204543,26271815,67273,*,0.0718287490310428,HIST1H3G,chr6-26204086-26205000,3.78883082093505,7.56789699349621e-05,0.0113255929369142
chr7,150368790,150384002,15213,*,0.211077129205848,ZNF775,chr7-150383543-150384460,3.78890388954385,7.56567173611852e-05,0.0113255929369142
chr14,65410592,65847217,436626,*,0.0782748333921401,FUT8,chr14-65846775-65847659,3.78873906411241,7.5706922610628e-05,0.0113255929369142
chr1,226445214,226739323,294110,*,0.0563843138164895,ITPKB,chr1-226444745-226445682,3.78830663058839,7.5838789471028e-05,0.011332274339923
chr3,156673235,156674374,1140,*,0.0592453632026894,TIPARP,chr3-156673911-156674837,3.78839716468518,7.58111639991829e-05,0.011332274339923
chr5,78588097,78986087,397991,*,0.0877527488198444,ARSB,chr5-78587660-78588533,3.78760374817068,7.60535888308166e-05,0.0113594026421833
chr6,6008906,6321013,312108,*,0.102303849621767,F13A1,chr6-6008462-6009350,3.78752197656222,7.60786152148526e-05,0.0113594026421833
chr20,32285861,32358344,72484,*,0.0611009351320422,ASXL1,chr20-32285397-32286324,3.78704246693398,7.62255262989809e-05,0.0113769808111448
chr21,33417783,33491720,73938,*,0.0812332363707461,DNAJC28,chr21-33417383-33418183,3.78631743308725,7.64481677990743e-05,0.0114058442835073
chr19,1026581,1077197,50617,*,0.0585553165643129,CNN2,chr19-1076751-1077642,3.78594116070617,7.65639536760166e-05,0.0114187492228395
chr7,149872968,149873891,924,*,0.271419318910663,ATP6V0E2,chr7-149873438-149874343,3.78522776479612,7.67839319322159e-05,0.0114458335032228
chr17,17476986,17900960,423975,*,0.0759298173112205,MED9,chr17-17900513-17901407,3.78516188696192,7.68042755826076e-05,0.0114458335032228
chr6,27814912,27838339,23428,*,0.0562163291627035,HIST1H2AK,chr6-27814480-27815343,3.78441248809652,7.70360539037333e-05,0.0114672732651903
chr12,121906209,122063306,157098,*,0.115932696015524,AC156455.1,chr12-121905763-121906655,3.78441141978747,7.70363847858506e-05,0.0114672732651903
chr20,62642445,62740450,98006,*,0.0770604526816594,SLCO4A1,chr20-62740001-62740898,3.78444813029597,7.70250153870035e-05,0.0114672732651903
chr7,150685697,151086282,400586,*,0.135427454788807,GIMAP2,chr7-151085835-151086729,3.7838224592369,7.72190044471999e-05,0.0114900699701335
chr7,138002067,138460167,458101,*,0.196843508046144,CREB3L2,chr7-138459712-138460621,3.78307656215541,7.74508704393318e-05,0.0115157806035524
chr11,47254594,47378576,123983,*,0.162437267664887,SPI1,chr11-47254159-47255029,3.78316128154895,7.74245020240191e-05,0.0115157806035524
chr7,130853720,131108089,254370,*,0.27849133679486,AC016831.7,chr7-131107640-131108538,3.78250872898671,7.76278234964542e-05,0.0115323302846471
chr10,102661348,102743970,82623,*,0.0635091859981099,WBP1L,chr10-102660891-102661804,3.78247384610401,7.7638706397194e-05,0.0115323302846471
chr10,17666327,17752252,85926,*,0.0794219660336793,TMEM236,chr10-17665959-17666694,3.78208243921275,7.77609175754914e-05,0.0115442685600306
chr22,37175054,37309869,134816,*,0.0561818857602432,IL2RB,chr22-37309390-37310347,3.78142733791816,7.79658687621564e-05,0.0115702892533933
chr13,113272870,113297241,24372,*,0.070119375816975,LAMP1,chr13-113272437-113273302,3.78095124389771,7.81151356655161e-05,0.0115880296306974
chr17,7561875,8016873,454999,*,0.0818961304945603,SENP3,chr17-8016440-8017306,3.78077664728007,7.81699432696723e-05,0.0115917492292006
chr6,26123926,26199454,75529,*,0.0626542090955097,HIST1H2BC,chr6-26199004-26199904,3.77931013367625,7.86317271935321e-05,0.0116469362119502
chr14,44491026,44897295,406270,*,0.0579105968100026,C14orf28,chr14-44490602-44491450,3.77936955811224,7.86129654958484e-05,0.0116469362119502
chr7,155003448,155066659,63212,*,0.25361249179817,PAXIP1-AS1,chr7-155066222-155067095,3.7786628871628,7.88363513035869e-05,0.0116688222754983
chr19,17523394,18001132,477739,*,0.0909580234338289,ARRDC2,chr19-17522943-17523845,3.77865341700807,7.88393489674605e-05,0.0116688222754983
chr7,151028422,151061063,32642,*,0.320615395826258,ABCB8,chr7-151060610-151061516,3.77817173629721,7.89919607829011e-05,0.0116869730152317
chr7,130913390,131328222,414833,*,0.263111192051651,MKLN1-AS,chr7-130912954-130913826,3.7780009344869,7.90461429841022e-05,0.0116905527066154
chr21,25421802,25561909,140108,*,0.0714657092477942,MIR155HG,chr21-25421381-25422223,3.77672946511253,7.94505825057847e-05,0.0117370096593578
chr7,149262171,149720579,458409,*,0.172899843428518,ZNF783,chr7-149720142-149721015,3.77657709583289,7.9499179846128e-05,0.01173974025052
chr16,68079907,68264516,184610,*,0.0538786539189567,SLC7A6,chr16-68079499-68080315,3.77629627064278,7.95888207878609e-05,0.0117485274372545
chr19,12640183,12806580,166398,*,0.063492700524941,RNASEH2A,chr19-12639618-12640748,3.77575753541274,7.9761054362165e-05,0.0117694952934136
chr2,174597994,174682916,84923,*,0.057090083247156,WIPF1,chr2-174597525-174598463,3.77543446009099,7.98645096713986e-05,0.011780302241549
chr4,183798022,183830707,32686,*,0.123496224061422,STOX2,chr4-183830248-183831166,3.773650464442,8.04380590177018e-05,0.0118604153495344
chr1,206507530,206737253,229724,*,0.0707918947436924,RASSF5,chr1-206736805-206737701,3.77190847457021,8.10018419465874e-05,0.0119345162836587
chr1,202809470,203147451,337982,*,0.0598980410257448,KDM5B,chr1-203146999-203147903,3.77145485313653,8.1149262377109e-05,0.0119465727441404
chr19,48325466,48719721,394256,*,0.117778260108607,MAMSTR,chr19-48325229-48325703,3.77146347942274,8.114645660517e-05,0.0119465727441404
chr19,57559863,57830476,270614,*,0.0695690536596843,ZNF550,chr19-57830178-57830774,3.77137388298709,8.11756030473816e-05,0.0119465727441404
chr5,157486552,157575775,89224,*,0.0751897540744247,ADAM19,chr5-157486108-157486995,3.77069091816365,8.13981009499394e-05,0.0119747971515229
chr7,130070510,130277167,206658,*,0.26042501058073,KLHDC10,chr7-130276699-130277635,3.77007086051362,8.16006016593465e-05,0.0119914376396974
chr14,95158010,95185568,27559,*,0.137157905854878,DICER1,chr14-95185248-95185888,3.76997991409346,8.16303431060081e-05,0.0119914376396974
chr19,16283800,16324817,41018,*,0.0642391556076896,KLF2,chr19-16283356-16284243,3.77020935792001,8.15553295962368e-05,0.0119914376396974
chr17,35880793,36082698,201906,*,0.116244110741995,CCL5,chr17-36082254-36083142,3.76977023344077,8.16989520843568e-05,0.0119964217958534
chr7,130903778,131110096,206319,*,0.283041595747905,MKLN1,chr7-130903423-130904133,3.76904966125168,8.19351421773108e-05,0.012026573436788
chr2,237414375,237435113,20739,*,0.0562121827787644,COL6A3,chr2-237434671-237435555,3.76894073533834,8.19709019039857e-05,0.0120272939590036
chr6,11525891,11538278,12388,*,0.0640110554680221,TMEM170B,chr6-11525479-11526303,3.7687522799597,8.20328053610303e-05,0.0120318484708835
chr3,195909736,196287957,378222,*,0.0540150037517892,PCYT1A,chr3-195909304-195910168,3.76856430041219,8.20945963335567e-05,0.0120318581089586
chr6,27824773,27867529,42757,*,0.0599598931953569,HIST1H1B,chr6-27824496-27825050,3.76858509094833,8.20877600994045e-05,0.0120318581089586
chr19,44905754,44925532,19779,*,0.198008597364711,APOE,chr19-44925105-44925959,3.76813169188313,8.22369659726763e-05,0.0120481945352799
chr1,149886810,150236156,349347,*,0.0860164500632353,ANP32E,chr1-149886373-149887246,3.768015696407,8.22751790678488e-05,0.0120492648797742
chr2,143091362,143129157,37796,*,0.102026565948863,ARHGAP15,chr2-143128724-143129590,3.76775316835405,8.23617269819185e-05,0.0120531646952119
chr5,157266079,157390685,124607,*,0.0754701799395853,CYFIP2,chr5-157390259-157391110,3.76774736096039,8.23636424798247e-05,0.0120531646952119
chr4,75990940,76011184,20245,*,0.124091989113137,ART3,chr4-75990455-75991424,3.76642620081804,8.28005020628045e-05,0.0121119642188606
chr19,19155700,19320844,165145,*,0.0672551567743481,SUGP1,chr19-19155264-19156136,3.76634453572334,8.28275771510277e-05,0.0121119642188606
chr15,28884483,28985134,100652,*,0.0614743354113693,APBA2,chr15-28984694-28985574,3.76553567360426,8.30961959144276e-05,0.0121458021536875
chr19,57830476,57974534,144059,*,0.0884276565004775,C19orf18,chr19-57830178-57830774,3.7654602439614,8.31212874271217e-05,0.0121458021536875
chr6,32817048,32968680,151633,*,0.0712652036227446,HLA-DOB,chr6-32968240-32969119,3.76513394619595,8.32299118263146e-05,0.012148014820409
chr17,45229274,45317040,87767,*,0.063838210477361,MAP3K14,chr17-45228818-45229730,3.76528884416507,8.31783297130541e-05,0.012148014820409
chr22,37560447,37561974,1528,*,0.14258577971907,CDC42EP1,chr22-37561529-37562418,3.76500628462227,8.32724466480194e-05,0.0121496743527783
chr12,103802534,104064183,261650,*,0.053602074617231,GLT8D2,chr12-103802022-103803046,3.76426136023863,8.3521051788506e-05,0.0121813876101207
chr7,155003084,155003302,219,*,0.29572413743115,PAXIP1,chr7-155002846-155003758,3.76385025630227,8.36585491659332e-05,0.0121968783505749
chr1,206507530,206784656,277127,*,0.0526336563475192,RASSF5,chr1-206784220-206785092,3.76284907989035,8.3994292819448e-05,0.0122367372692534
chr7,151058530,151251964,193435,*,0.270668888033306,CDK5,chr7-151251510-151252418,3.76284781340603,8.39947183354764e-05,0.0122367372692534
chr11,67403915,67437319,33405,*,0.0540592386257105,TBC1D10C,chr11-67436866-67437771,3.76256123775688,8.4091054777069e-05,0.0122461956992715
chr17,753999,1120791,366793,*,0.0665747791031603,GEMIN4,chr17-1120437-1121144,3.76226150802231,8.41919243484083e-05,0.0122563069794905
chr6,43229444,43576150,346707,*,0.0552608248203361,POLH,chr6-43229011-43229876,3.76171631628645,8.43756923613312e-05,0.0122768144683719
chr7,129925571,129952949,27379,*,0.281239874778082,UBE2H,chr7-129925136-129926006,3.76165679569665,8.4395777821421e-05,0.0122768144683719
chr5,36606355,36657818,51464,*,0.144051506070942,SLC1A3,chr5-36657357-36658278,3.76133464393934,8.45045672872223e-05,0.0122834729925646
chr7,129225023,129421966,196944,*,0.260480518628168,AHCYL2,chr7-129421531-129422400,3.7613368163089,8.45038332444315e-05,0.0122834729925646
chr6,27808199,27814912,6714,*,0.0585034305874136,HIST1H2AI,chr6-27814480-27815343,3.76077826351234,8.46927656208354e-05,0.0123062407986634
chr2,104853938,104855511,1574,*,0.166137423147958,POU3F3,chr2-104853508-104854367,3.75876345463828,8.53775884282919e-05,0.0123965078599428
chr6,26251651,26272913,21263,*,0.0557735545343883,HIST1H2BH,chr6-26272462-26273364,3.75803008622649,8.56281468419772e-05,0.0124063485924477
chr11,62403262,62592177,188916,*,0.0842883026086995,TUT1,chr11-62402969-62403555,3.75803010141289,8.56281416463277e-05,0.0124063485924477
chr15,90813142,90883695,70554,*,0.126568140507982,FES,chr15-90812836-90813448,3.75828906585375,8.55395864705628e-05,0.0124063485924477
chr16,89490719,89490917,199,*,0.0616353793449688,SPG7,chr16-89490266-89491172,3.7580062471231,8.563630316704e-05,0.0124063485924477
chrX,96684746,96883908,199163,*,0.0639782517581217,RPA4,chrX-96684347-96685144,3.75811947496502,8.55975698316885e-05,0.0124063485924477
chr1,1273981,1579756,305776,*,0.0850618613194414,AL645728.1,chr1-1273535-1274426,3.75668183956565,8.6090586500746e-05,0.012467528725293
chr20,50071455,50292720,221266,*,0.106457847158988,LINC01270,chr20-50071005-50071904,3.75627326681355,8.62311873510911e-05,0.0124832531939092
chr7,151057210,151089274,32065,*,0.392280386128967,SLC4A2,chr7-151088811-151089736,3.75608295595088,8.62967521282251e-05,0.0124878046901998
chr11,118793020,119102198,309179,*,0.0717858792061851,C2CD2L,chr11-118792626-118793413,3.75599609572102,8.63266922834524e-05,0.0124878046901998
chr11,75475704,75525903,50200,*,0.0868112938264458,GDPD5,chr11-75475299-75476108,3.75579744438285,8.63952028310004e-05,0.0124930796046258
chr7,130668748,131106119,437372,*,0.365890225212701,COPG2,chr7-131105677-131106561,3.75528306183661,8.65728399542294e-05,0.0125141248801766
chr11,63938865,64305572,366708,*,0.0621765127454122,ESRRA,chr11-63938410-63939319,3.75466956670781,8.67851538276889e-05,0.0125355190033465
chr13,21604214,22061736,457523,*,0.0701034006329983,MICU2,chr13-22061327-22062145,3.75474994118712,8.67573105716121e-05,0.0125355190033465
chr13,76886390,76886484,95,*,0.149937125784564,KCTD12,chr13-76886028-76886939,3.75419943306592,8.69481855273159e-05,0.0125544163052575
chr21,44939913,45249060,309148,*,0.0936215932784201,LINC01547,chr21-45248592-45249528,3.75343207707339,8.7214906091811e-05,0.0125882656681617
chr7,76291955,76302544,10590,*,0.243478670342432,HSPB1,chr7-76291519-76292391,3.75327972700879,8.72679519837341e-05,0.0125912604059077
chr1,12166943,12173877,6935,*,0.103330058607678,TNFRSF1B,chr1-12173433-12174320,3.75244809859555,8.75580471623241e-05,0.012628442398197
chr6,158536436,158717598,181163,*,0.0538647866037239,TMEM181,chr6-158717154-158718041,3.75208583765074,8.76846972300759e-05,0.0126420320209096
chr21,45073853,45228386,154534,*,0.0830563558849011,ADARB1,chr21-45228022-45228749,3.75198671726131,8.77193807208543e-05,0.012642357121178
chr3,131361817,131502983,141167,*,0.0838155718428403,MRPL3,chr3-131361375-131362258,3.751770726557,8.77950033201056e-05,0.0126485800570398
chr14,65303059,65410592,107534,*,0.0853145381875693,FUT8,chr14-65302644-65303474,3.75157002377768,8.78653282649158e-05,0.012654035446891
chr5,36373754,36606355,232602,*,0.194327322733787,SLC1A3,chr5-36373309-36374198,3.75119870721865,8.79955748483756e-05,0.0126681133108526
chr11,267506,313506,46001,*,0.0731734180341595,IFITM1,chr11-267079-267932,3.75074912847933,8.81535164254231e-05,0.0126851439217273
chr11,77128264,77176128,47865,*,0.0792744748507027,MYO7A,chr11-77175684-77176571,3.7506768028523,8.8178950032015e-05,0.0126851439217273
chr5,157142869,157351242,208374,*,0.0523623523326855,HAVCR2,chr5-157350827-157351657,3.75021040634571,8.83431260928078e-05,0.012704073918677
chr7,148884411,149126346,241936,*,0.184529501654716,ZNF425,chr7-148883952-148884870,3.74991794287936,8.84462226392173e-05,0.0127142097302154
chr10,70815961,70866631,50671,*,0.0729935615276235,SGPL1,chr10-70866184-70867078,3.74919391672323,8.87019366602365e-05,0.0127462688576729
chr7,134720219,135211534,491316,*,0.298707938460074,WDR91,chr7-134719886-134720551,3.74850353073797,8.89464168955359e-05,0.0127766906851726
chr7,149090817,149497817,407001,*,0.196738389663967,ZNF746,chr7-149090366-149091268,3.74829486278515,8.9020435224142e-05,0.0127826131539603
chr1,28553085,28775349,222265,*,0.0652341368899432,TRNAU1AP,chr1-28774895-28775803,3.7480632856592,8.91026476588293e-05,0.0127870700168862
chr10,103452402,103471485,19084,*,0.0622583181931879,CALHM2,chr10-103471034-103471936,3.74793035137705,8.91498730438643e-05,0.0127870700168862
chr7,156438175,156640654,202480,*,0.169138221288625,LINC01006,chr7-156437720-156438630,3.74764006484131,8.92530802108282e-05,0.0127971650703758
chr19,17334829,17680342,345514,*,0.0739865622705169,ANO8,chr19-17679885-17680798,3.74744779935313,8.93214992524538e-05,0.0128022665906499
chr7,150903875,151232489,328615,*,0.301691099317688,CHPF2,chr7-150903449-150904300,3.74727435871298,8.93832616449102e-05,0.0128042146155535
chr21,33968242,34157724,189483,*,0.0679347438285752,LINC00310,chr21-33967780-33968704,3.74722518937437,8.94007782018216e-05,0.0128042146155535
chr6,108841707,109094819,253113,*,0.121714086797278,SESN1,chr6-108841192-108842222,3.74707531168901,8.9454191983068e-05,0.0128071596228362
chr12,53990624,54475647,485024,*,0.126824292294987,HOXC6,chr12-54475155-54476139,3.74694686758889,8.94999910854827e-05,0.0128090126742502
chr6,26032060,26033650,1591,*,0.0704049137964839,HIST1H3B,chr6-26033212-26034088,3.74658078774794,8.9630644572672e-05,0.0128183000909557
chr6,27807973,27808199,227,*,0.0726071492022438,HIST1H2AI,chr6-27807534-27808411,3.74660739346265,8.962114298282e-05,0.0128183000909557
chr2,152031077,152335237,304161,*,0.194327914464794,FMNL2,chr2-152030601-152031553,3.74642193503963,8.96873947025015e-05,0.012821712577763
chr17,64975619,65056839,81221,*,0.0828876595396227,GNA13,chr17-64975172-64976065,3.74573359256394,8.993369566067e-05,0.012847501326751
chr14,74923240,74923396,157,*,0.105265393410785,RPS6KL1,chr14-74922797-74923682,3.74533669370879,9.00760019287331e-05,0.0128631170344031
chr15,40436411,40569300,132890,*,0.101562833536239,RPUSD2,chr15-40435932-40436890,3.74495938790452,9.02114794741119e-05,0.0128777465016263
chr7,151089274,151341699,252426,*,0.349573895997754,NUB1,chr7-151088811-151089736,3.74428506242053,9.04540838651326e-05,0.0129029291997767
chrX,48695554,48801926,106373,*,0.0592585278617119,SUV39H1,chrX-48801477-48802375,3.74436009853088,9.04270575662533e-05,0.0129029291997767
chr2,230415942,230877861,461920,*,0.0689243482100941,SP100,chr2-230877406-230878316,3.74373509570805,9.06524012948581e-05,0.0129217623216099
chr10,5978187,6202868,224682,*,0.0799422409472594,IL15RA,chr10-6202442-6203294,3.74308130073755,9.08886909275713e-05,0.0129507083097571
chr19,44914247,44925532,11286,*,0.191047083328059,APOC1,chr19-44925105-44925959,3.74200544141536,9.12787807090656e-05,0.0129967915328673
chr16,47143997,47565697,421701,*,0.0794254892219219,NETO2,chr16-47565250-47566144,3.74186977041169,9.13280845060885e-05,0.0129990640382868
chr10,97446131,97689868,243738,*,0.0823439316497422,ZDHHC16,chr10-97689479-97690257,3.74117362401272,9.15814630735566e-05,0.0130303710007855
chr9,120935546,121050276,114731,*,0.106672145982067,C5,chr9-120935098-120935993,3.74043315035436,9.18517008195161e-05,0.0130640529981357
chr5,151212150,151483518,271369,*,0.149732455092827,GM2A,chr5-151483106-151483930,3.73979066490703,9.20867847484594e-05,0.0130927123295975
chr14,61444486,61695513,251028,*,0.0757820160721019,HIF1A,chr14-61444035-61444937,3.7389593686173,9.23917935515932e-05,0.0131312889171257
chr1,154955272,155063731,108460,*,0.0837838800307492,EFNA4,chr1-154954846-154955698,3.73848164369795,9.2567503820981e-05,0.0131510728026925
chr8,11284416,11456923,172508,*,0.0706687614625291,MTMR9,chr8-11456460-11457386,3.73839756758465,9.25984600396838e-05,0.0131510728026925
chr7,129502479,129952891,450413,*,0.19524839903507,SMKR1,chr7-129952468-129953313,3.73769291507294,9.28582908504001e-05,0.0131783729175865
chr14,89589778,90061765,471988,*,0.124436322593503,KCNK13,chr14-89589373-89590182,3.73772609020992,9.28460426221642e-05,0.0131783729175865
chr6,27893149,27893223,75,*,0.0631211423218882,HIST1H2AM,chr6-27892776-27893670,3.73748027111549,9.29368348683302e-05,0.013179923953106
chr9,21031586,21031636,51,*,0.0628822779035284,HACD4,chr9-21031171-21032001,3.73661931983432,9.32554820503109e-05,0.0132106962893451
chr1,40161373,40388615,227243,*,0.0567316871227406,RLF,chr1-40388318-40388911,3.73613256064155,9.34360909323353e-05,0.0132314736368154
chr6,109441171,109720709,279539,*,0.0958682469658015,PPIL6,chr6-109720275-109721143,3.73568304340629,9.36031733982877e-05,0.0132503211168008
chr9,87497228,87497774,547,*,0.157127388372907,DAPK1,chr9-87497352-87498195,3.73446348523032,9.40578904334442e-05,0.0133002019228361
chr3,149377865,149386959,9095,*,0.123994365928193,TM4SF1,chr3-149386460-149387457,3.73400231358113,9.42303804744741e-05,0.0133197615260097
chr7,150722253,150877247,154995,*,-0.143498342981698,GIMAP5,chr7-150876779-150877714,-3.73352853872113,9.44078940287324e-05,0.0133400167824898
chr7,87474970,87627548,152579,*,0.113139636562075,RUNDC3B,chr7-87474602-87475338,3.73270761251308,9.47162223059859e-05,0.0133738894235542
chr1,154878664,155135344,256681,*,0.0778013212261378,SLC50A1,chr1-154878198-154879130,3.7321185977646,9.49380307982689e-05,0.0133953197543848
chr1,183877491,184037729,160239,*,0.0700843128766577,COLGALT2,chr1-183877054-183877928,3.7320682157195,9.49570260874843e-05,0.0133953197543848
chr16,89490917,89841402,350486,*,0.0664899351576836,SPG7,chr16-89840910-89841894,3.7320309574232,9.49710756931341e-05,0.0133953197543848
chr14,77565726,77616773,51048,*,0.0678779667747035,SPTLC2,chr14-77565266-77566186,3.73184411879203,9.50415595131223e-05,0.0134004130413417
chr11,111793975,112175467,381493,*,0.0773227325520588,BCO2,chr11-111793525-111794424,3.73140430524364,9.52076708227434e-05,0.0134141311476647
chr19,49928702,50329301,400600,*,0.11401164888687,ATF5,chr19-50328833-50329768,3.73147345863424,9.51815345065323e-05,0.0134141311476647
chr3,129233829,129440179,206351,*,0.0782859311830257,MBD4,chr3-129233359-129234299,3.73069081893372,9.54777249240356e-05,0.0134377203489352
chr7,140348297,140404433,56137,*,0.254472892030407,SLC37A3,chr7-140347868-140348725,3.73068876588733,9.54785030384623e-05,0.0134377203489352
chr17,18840085,19271826,431742,*,0.0617885329719017,PRPSAP2,chr17-19271434-19272217,3.73043525037323,9.5574632453111e-05,0.0134463953847384
chr1,236142338,236142505,168,*,0.12252166172761,GPR137B,chr1-236141878-236142798,3.72983287987514,9.58034075864083e-05,0.0134737193558357
chr16,30598249,30923055,324807,*,0.0626794937806082,FBXL19,chr16-30597756-30598741,3.72903609840082,9.61068090038491e-05,0.0135066444498084
chr19,16134028,16143667,9640,*,0.0740281796250513,HSH2D,chr19-16143225-16144108,3.72903958289335,9.61054802021528e-05,0.0135066444498084
chr3,138174949,138348576,173628,*,0.0627461211425677,DBR1,chr3-138348151-138349001,3.72872085965682,9.62270959026596e-05,0.0135089397882044
chr7,100015572,100466086,450515,*,0.186032256726733,ZKSCAN1,chr7-100465638-100466533,3.72876103089262,9.62117597426344e-05,0.0135089397882044
chr19,43668693,44025342,356650,*,0.0708449474696206,ZNF222,chr19-43668223-43669163,3.72872355595943,9.62260664641396e-05,0.0135089397882044
chr1,7942705,8026308,83604,*,0.0904832794612201,ERRFI1,chr1-7942288-7943122,3.72833404586541,9.63748872939704e-05,0.0135248173366915
chr10,45374134,45594906,220773,*,0.0751832990583555,MARCH8,chr10-45373685-45374583,3.72805119468525,9.64830922939656e-05,0.0135351300816794
chr1,24536724,24745357,208634,*,-0.0564566021052998,CLIC4,chr1-24536283-24537165,-3.72768126378813,9.66247820330923e-05,0.0135501311241601
chr5,139273752,139518079,244328,*,0.0701044391536416,MATR3,chr5-139517630-139518528,3.72672748928671,9.69909961839875e-05,0.0135961035945276
chr7,131328222,131431415,103194,*,0.244524774218163,MKLN1-AS,chr7-131430997-131431833,3.72664596815609,9.70223577151735e-05,0.0135961035945276
chr17,36090169,36189038,98870,*,0.0687161633819671,CCL3,chr17-36188584-36189491,3.72601283617853,9.72662509213908e-05,0.0136204893872867
chrX,107700506,107777342,76837,*,0.0619912014628627,TSC22D3,chrX-107700139-107700872,3.72474937289975,9.77546814651346e-05,0.0136839705847561
chr6,13487666,13814568,326903,*,-0.0506597340372869,MCUR1,chr6-13487232-13488100,-3.72439296348132,9.78928786777985e-05,0.0136983971781397
chr21,43107587,43369270,261684,*,0.0556374839422556,U2AF1,chr21-43368823-43369716,3.72373778817016,9.81474009548218e-05,0.0137290852375455
chr16,11706426,11965107,258682,*,0.0981714905002699,TNFRSF17,chr16-11706034-11706817,3.72349769631224,9.82408273419705e-05,0.0137372248999003
chr7,130207770,130228014,20245,*,0.271030263191156,TMEM209,chr7-130227551-130228477,3.72265221637241,9.85704926777322e-05,0.0137635758278651
chr15,74546297,74890005,343709,*,0.076749018519281,MPI,chr15-74545850-74546744,3.72282887894229,9.85015235004885e-05,0.0137635758278651
chr6,166634078,166906451,272374,*,0.168529798024784,RPS6KA2,chr6-166633642-166634514,3.72158071521451,9.89897805641618e-05,0.0138171729081631
chr10,77637741,77638595,855,*,0.179855289266423,KCNMA1,chr10-77637223-77638258,3.72094168083803,9.92406374906599e-05,0.0138472301385142
chr6,32666694,33080775,414082,*,0.153544816568334,HLA-DPA1,chr6-32666256-32667132,3.7206845696884,9.93417364775235e-05,0.0138514215483675
chr10,104232362,104300943,68582,*,0.087653533469654,CFAP43,chr10-104300631-104301254,3.72071022085234,9.93316458084649e-05,0.0138514215483675
chr1,32650903,32703897,52995,*,0.0664676559907747,ZBTB8OS,chr1-32703423-32704371,3.72040697452073,9.94509986434954e-05,0.0138567443613881
chr15,64882478,64990310,107833,*,0.10722247802278,SPG21,chr15-64882061-64882895,3.72040702668202,9.94509781020751e-05,0.0138567443613881
chr19,37907228,38046310,139083,*,0.0759838003378803,SIPA1L3,chr19-38045808-38046811,3.72021740370132,9.95256790711163e-05,0.0138605666949515
chr19,2476122,2479106,2985,*,0.102894493671422,GADD45B,chr19-2478674-2479538,3.71963831021678,9.97541363473206e-05,0.0138791397442097
chr11,1701383,1750591,49209,*,0.0778567448580494,IFITM10,chr11-1700932-1701834,3.71950791123376,9.98056477679257e-05,0.0138813526199149
chr16,89912119,89995952,83834,*,0.0589987778009171,MC1R,chr16-89995623-89996281,3.71896394877309,0.000100020798570771,0.0139013577056728
chr7,134646729,134986508,339780,*,0.282295159175784,AGBL3,chr7-134646276-134647181,3.71885338596129,0.000100064582187768,0.0139024866340219
chr7,134234404,134317051,82648,*,0.277850538814307,SLC35B4,chr7-134233948-134234860,3.71829356765636,0.000100286550545208,0.0139283620602602
chr6,26032060,26055381,23322,*,0.0637515464256066,HIST1H3B,chr6-26054978-26055783,3.71815481753195,0.000100341636557975,0.013931049749074
chr5,150601080,150640605,39526,*,0.0951118806814715,SYNPO,chr5-150640113-150641097,3.71781044434861,0.000100478481064426,0.0139450825204445
chr7,99143358,99144100,743,*,0.266494541453931,SMURF1,chr7-99142936-99143780,3.7175024862089,0.000100601003708591,0.0139517250528668
chr8,38938680,39106990,168311,*,0.0754187447150966,ADAM32,chr8-38938268-38939091,3.71758518719683,0.000100568086940103,0.0139517250528668
chr17,39770229,39864188,93960,*,0.0713844518226936,IKZF3,chr17-39769817-39770641,3.71742035377655,0.000100633704197135,0.0139517250528668
chr17,81712236,82030578,318343,*,0.091993096811586,SLC25A10,chr17-82030157-82030999,3.71613179863122,0.000101148043031574,0.014018047234961
chr20,38165373,38166578,1206,*,0.109356779159307,TGM2,chr20-38164932-38165813,3.7158395584996,0.000101265036468969,0.0140292739863186
chr17,68291267,68378420,87154,*,0.0759046145170347,SLC16A6,chr17-68377969-68378870,3.7155531604345,0.00010137981446012,0.0140401859420627
chr6,6588108,6726008,137901,*,0.191767178759906,LY86,chr6-6725526-6726490,3.71504809196859,0.000101582525498049,0.0140558501662458
chr7,150685697,150877247,191551,*,0.120722542138573,GIMAP2,chr7-150876779-150877714,3.71491218246497,0.000101637138243864,0.0140558501662458
chr8,42152887,42271302,118416,*,0.0734281895990977,IKBKB,chr8-42152448-42153325,3.7150757141524,0.000101571429400378,0.0140558501662458
chr10,44959667,45374176,414510,*,0.111862936101864,ALOX5,chr10-44959220-44960113,3.71494773128054,0.000101622850940125,0.0140558501662458
chr21,43904019,44240966,336948,*,0.088997640544411,ICOSLG,chr21-43903611-43904427,3.71476973826971,0.000101694406437633,0.0140587828860014
chr5,141476700,141651419,174720,*,0.0559317333457819,FCHSD1,chr5-141476431-141476968,3.71456879992105,0.000101775243133228,0.0140649706082861
chr7,66995173,67163574,168402,*,0.0521611943942598,TYW1,chr7-67163116-67164032,3.71436148182767,0.000101858709639099,0.0140672736798633
chr10,45374176,45379562,5387,*,0.191840533538519,ALOX5,chr10-45379277-45379847,3.71434815907416,0.000101864075593441,0.0140672736798633
chr6,26027303,26043657,16355,*,0.0719269666280782,HIST1H2BB,chr6-26026848-26027757,3.71417795698548,0.000101932650605803,0.0140685794524764
chr17,29722780,29930276,207497,*,0.0565968635114002,SSH2,chr17-29722378-29723181,3.71405605523996,0.000101981791892047,0.0140685794524764
chr1,32292011,32292086,76,*,0.069177879027612,HDAC1,chr1-32291564-32292457,3.71313030413566,0.000102355709496081,0.0141101761168551
chr5,111512590,111512644,55,*,0.0768909034766449,STARD4,chr5-111512185-111513103,3.71317167188898,0.00010233897330862,0.0141101761168551
chr14,92657645,92748702,91058,*,0.193059857335814,LGMN,chr14-92657194-92658096,3.71295578346889,0.000102426343778143,0.014111408721202
chr19,41871825,41883161,11337,*,0.0591173462009277,ARHGEF1,chr19-41871370-41872279,3.71292935431342,0.000102437044522028,0.014111408721202
chr16,11354930,11742878,387949,*,0.0819416888418756,TXNDC11,chr16-11354491-11355368,3.71176212333896,0.000102910686427893,0.0141666443945222
chr11,114059593,114092306,32714,*,0.092019130786498,ZBTB16,chr11-114091825-114092786,3.71063676258892,0.000103369285201863,0.0142247520559536
chr1,145287649,145405778,118130,*,0.0632901124698928,NBPF20,chr1-145287159-145288138,3.71031560519594,0.000103500512558904,0.0142377846937593
chr11,117314557,117316243,1687,*,0.0747219794197356,CEP164,chr11-117315774-117316712,3.70742171251328,0.000104690056959624,0.014386192487072
chrX,1505336,1537107,31772,*,0.0725385629656667,P2RY8,chrX-1505032-1505640,3.70748453567183,0.000104664097497134,0.014386192487072
chr7,140404433,140696918,292486,*,0.323043706297634,SLC37A3,chr7-140696470-140697366,3.70712655036044,0.000104812103313846,0.0143978886896088
chr3,183507121,183555689,48569,*,0.104018940250848,KLHL6,chr3-183506594-183507648,3.70657012813968,0.000105042541349604,0.0144244610180436
chr7,150514830,150668642,153813,*,0.0742517889788675,GIMAP7,chr7-150668179-150669105,3.70558803801753,0.000105450427972521,0.014470278157671
chr5,172454523,172800260,345738,*,0.224306156412893,SH3PXD2B,chr5-172799801-172800719,3.70539349691764,0.000105531402068691,0.0144712023071697
chr7,130228014,130668748,440735,*,0.267556797246471,COPG2,chr7-130227551-130228477,3.70543102074485,0.000105515778933106,0.0144712023071697
chr7,131069257,131328222,258966,*,0.237843009008417,MKLN1-AS,chr7-131068789-131069724,3.70476875910142,0.000105791832544446,0.0145018134673409
chr15,78492998,78565520,72523,*,0.090529325390368,CHRNA5,chr15-78492626-78493369,3.70463265385833,0.000105848649882469,0.0145037778583112
chr22,29821458,29883155,61698,*,0.0883792674155784,MTMR3,chr22-29821013-29821903,3.70455622087371,0.000105880569510362,0.0145037778583112
chr6,33329269,33571171,241903,*,0.0532726226676543,DAXX,chr6-33570713-33571628,3.70442923794841,0.000105933619580872,0.0145059478260773
chr6,56938865,57046532,107668,*,0.0803308889135498,KIAA1586,chr6-56938421-56939308,3.70429674005392,0.000105989000268411,0.0145084352993822
chr1,198776890,198937429,160540,*,0.0720764276051212,MIR181A1HG,chr1-198776395-198777384,3.70346061145111,0.000106339108005119,0.0145461452400041
chr3,56557161,56695325,138165,*,0.0519975527506564,CCDC66,chr3-56694846-56695804,3.70301187710038,0.000106527451722627,0.0145554756661896
chr10,68527548,68901278,373731,*,0.0618661358514312,DDX50,chr10-68527103-68527993,3.70314450617366,0.00010647175178553,0.0145554756661896
chr19,12666742,13103051,436310,*,0.111382294372134,MAN2B1,chr19-13102584-13103518,3.70294235099472,0.000106556661377408,0.0145554756661896
chrX,1268800,1274944,6145,*,0.117870858112953,CSF2RA,chrX-1274523-1275364,3.70306626031188,0.000106504609217295,0.0145554756661896
chr1,161225939,161422162,196224,*,0.0861864319365658,TOMM40L,chr1-161421716-161422607,3.70263567166694,0.000106685594808244,0.014567983365038
chr17,16161169,16217191,56023,*,0.0669281156567512,PIGL,chr17-16160773-16161564,3.70244584727218,0.000106765473739875,0.0145686851482106
chr22,45413619,45476088,62470,*,0.0768558318819333,SMC1B,chr22-45475631-45476544,3.70249361369752,0.000106745368133738,0.0145686851482106
chr5,36606355,36680318,73964,*,0.2618912199852,SLC1A3,chr5-36679860-36680776,3.70214644799745,0.00010689157641542,0.0145716468593013
chr13,29850684,30148311,297628,*,0.0758074862656818,UBL3,chr13-30147862-30148759,3.70230009703109,0.000106826844188338,0.0145716468593013
chr14,103155244,103523111,367868,*,0.0717371816044244,CKB,chr14-103154804-103155683,3.70189013268097,0.000106999643853738,0.0145802255000586
chr18,76822607,77063423,240817,*,0.0526763962255948,ZNF236,chr18-77063058-77063787,3.70153385522579,0.00010715002766467,0.0145956158578361
chr1,201449335,201622885,173551,*,0.160041287005831,NAV1,chr1-201448973-201449696,3.70125463705389,0.000107268023644983,0.0146065852441649
chr10,70478821,70508913,30093,*,0.148830920920877,PALD1,chr10-70508439-70509386,3.70112753156438,0.000107321778092106,0.0146088023159091
chr7,99267728,99504651,236924,*,0.105070115345547,ZKSCAN5,chr7-99267282-99268173,3.70097261923652,0.000107387326587629,0.0146126227032601
chr10,119207589,119301474,93886,*,0.074835249547786,GRK5,chr10-119301040-119301908,3.70025763881163,0.00010769034574045,0.0146487427311953
chr17,67377281,67441212,63932,*,0.073353288718711,PITPNC1,chr17-67440782-67441641,3.70007500253799,0.000107767878299299,0.0146541761041989
chr5,73544698,73565686,20989,*,0.0720811165733811,ANKRA2,chr5-73544248-73545147,3.69910758022036,0.000108179442287835,0.0147050111348665
chr12,57431005,57459339,28335,*,0.0555745602836961,R3HDM2,chr12-57458939-57459739,3.698295302355,0.000108526143517282,0.014746996898745
chr7,135557919,135662448,104530,*,0.307563315426016,NUP205,chr7-135661995-135662901,3.69793603884327,0.000108679819010549,0.0147627333801047
chr7,137847092,137975469,128378,*,0.233818635660672,DGKI,chr7-137975018-137975920,3.69784455880254,0.000108718982355576,0.014762909337961
chr9,89498130,89536613,38484,*,0.0663352205812479,SEMA4D,chr9-89536205-89537021,3.69752206487667,0.000108857150331932,0.0147727701272472
chr12,111034024,111393886,359863,*,0.0631337492330457,CUX2,chr12-111393435-111394336,3.69749818694366,0.00010886738704837,0.0147727701272472
chr17,40219304,40560518,341215,*,0.0634274654617269,WIPF2,chr17-40560176-40560859,3.69737374408999,0.000108920751616,0.0147748687748785
chr7,150903875,151057210,153336,*,0.3301509873457,SLC4A2,chr7-150903449-150904300,3.69673631724526,0.00010919448334279,0.0148068479026621
chr4,83124331,83137075,12745,*,0.0561880760631163,PLAC8,chr4-83123893-83124769,3.69634817389901,0.000109361480912406,0.0148191838917842
chr7,128266966,128410252,143287,*,0.0895375075571463,IMPDH1,chr7-128266551-128267381,3.6963815589049,0.000109347107688747,0.0148191838917842
chr7,131327852,131328222,371,*,0.267211621385075,MKLN1-AS,chr7-131327398-131328305,3.69624199696459,0.000109407204987552,0.0148202285193909
chr12,54384756,54391298,6543,*,0.0955377143521183,ZNF385A,chr12-54384409-54385102,3.69574612456633,0.000109620985417269,0.0148440293181289
chr14,23321242,23568070,246829,*,0.052563234415351,AP1G2,chr14-23320784-23321699,3.6955894896585,0.000109688595299415,0.0148480271717596
chr17,30906344,30958456,52113,*,0.20027321951971,ADAP2,chr17-30957958-30958953,3.69517268436749,0.00010986869585427,0.0148672442957927
chr2,231125118,231388563,263446,*,0.0735860125522775,HTR2B,chr2-231388104-231389021,3.69492204679099,0.000109977129371343,0.0148715934234051
chr7,151520060,151877125,357066,*,-0.135665521497278,PRKAG2,chr7-151519612-151520508,-3.69460065515976,0.000110116320288347,0.0148852523221404
chr2,86807586,86861924,54339,*,0.0772963997837651,CD8B,chr2-86807244-86807928,3.69415015856901,0.0001103117034454,0.0149016133057194
chr12,9664969,9761074,96106,*,0.0542573568338884,CLEC2D,chr12-9760693-9761455,3.69414532597277,0.000110313801135575,0.0149016133057194
chr2,69894178,70248615,354438,*,0.0642158119341097,C2orf42,chr2-69893768-69894588,3.69322654562799,0.000110713298182252,0.014948023446934
chr3,48241173,48446710,205538,*,0.065469912936717,ATRIP,chr3-48240723-48241623,3.69309089656833,0.000110772395006803,0.014948023446934
chr17,82216803,82228397,11595,*,0.0698609033491351,SLC16A3,chr17-82216356-82217250,3.69314864356526,0.0001107472333501,0.014948023446934
chrX,48086387,48476021,389635,*,0.0694300927116984,FTSJ1,chrX-48085940-48086833,3.69298548100279,0.000110818340764744,0.0149490490601442
chr15,76993359,76995066,1708,*,0.0669184833172649,PSTPIP1,chr15-76994599-76995533,3.69259672113512,0.000110987937862944,0.0149667483748683
chr8,22599601,22666856,67256,*,0.126244582500589,C8orf58,chr8-22666403-22667309,3.6905688771931,0.000111876545280524,0.0150709381239471
chr16,68356611,68448688,92078,*,0.0663532825693944,SMPD3,chr16-68356180-68357042,3.69062425705618,0.000111852189206082,0.0150709381239471
chr12,9733299,10167725,434427,*,0.125388673970891,CLECL1,chr12-10167244-10168205,3.69018956495097,0.000112043500753422,0.0150870470130369
chr15,40744074,40807478,63405,*,0.0627752591097242,DNAJC17,chr15-40743634-40744513,3.69012140642026,0.000112073525721953,0.0150870470130369
chr1,178581488,179081377,499890,*,0.0686218573448893,TOR3A,chr1-178581019-178581956,3.68980572779811,0.000112212685939341,0.0151005661162664
chr18,12839677,13217498,377822,*,0.0673982876165442,LDLRAD4,chr18-12839244-12840109,3.68958834687752,0.000112308607987757,0.0151082592964952
chr12,68933256,68971570,38315,*,0.153676323133009,CPM,chr12-68932701-68933811,3.68902050239527,0.000112559539722442,0.015136792576707
chr1,40531561,40877897,346337,*,0.0640528345685744,ZNF684,chr1-40877443-40878351,3.68873924967825,0.000112684020714675,0.0151442030515473
chr8,8618470,8893645,275176,*,0.0844010037871522,MFHAS1,chr8-8618054-8618885,3.68872046972108,0.000112692337226791,0.0151442030515473
chr9,95048527,95517057,468531,*,0.0615539586516978,PTCH1,chr9-95048066-95048988,3.68859484114205,0.000112747985378965,0.0151464602329291
chr7,140404433,140485248,80816,*,0.327969090094336,SLC37A3,chr7-140484801-140485694,3.68786318054022,0.000113072593007589,0.0151848351805699
chr16,11325936,11636381,310446,*,0.075307646548581,LITAF,chr16-11325470-11326401,3.68772254764019,0.000113135086448219,0.0151879957720424
chr22,17628851,18110331,481481,*,0.052999510942245,TUBA8,chr22-17628396-17629306,3.68732153639638,0.000113313463020699,0.0152067057437334
chr7,140177139,140673993,496855,*,0.182323370646551,DENND2A,chr7-140176686-140177592,3.68674830445236,0.000113568904691606,0.0152357414424748
chr6,158232236,158653765,421530,*,0.0745536983476279,TULP4,chr6-158653307-158654223,3.68618285150679,0.000113821409367831,0.0152643632902882
chr14,105065445,105065493,49,*,0.0588081567395172,GPR132,chr14-105065065-105065921,3.68594130070368,0.000113929435134371,0.0152735963363153
chr1,117367449,117605955,238507,*,0.0574135864859195,MAN1A2,chr1-117605502-117606408,3.68566172525543,0.000114054586331886,0.0152781712405483
chr3,184335926,184550130,214205,*,0.0775321966402527,FAM131A,chr3-184549695-184550565,3.68560246753842,0.000114081129457425,0.0152781712405483
chr20,24992979,25281963,288985,*,-0.0501863440094675,APMAP,chr20-25281537-25282389,-3.68483531443247,0.000114425281765393,0.0153189989515117
chr5,151020438,151152026,131589,*,0.0753209294645187,GPX3,chr5-151151575-151152476,3.68447881814214,0.000114585540852227,0.0153194109301517
chr11,60243088,60310666,67579,*,0.0923979735997167,MS4A4E,chr11-60310273-60311059,3.68452179394027,0.000114566210382038,0.0153194109301517
chr11,73264505,73462380,197876,*,0.082072190280046,P2RY6,chr11-73461951-73462809,3.68469337884628,0.000114489062166311,0.0153194109301517
chr12,47741526,47943048,201523,*,0.0692655719752291,VDR,chr12-47741099-47741953,3.68448840571229,0.000114581228107684,0.0153194109301517
chr1,205228176,205450032,221857,*,0.0993022207820862,TMCC2,chr1-205449576-205450488,3.68434652195113,0.000114645066761843,0.0153221146956592
chr6,32610018,33009612,399595,*,0.0851170582086059,HLA-DOA,chr6-32609571-32610465,3.68347631819479,0.000115037333810284,0.0153688650369484
chr10,44959407,45379562,420156,*,0.208915636285388,RASSF4,chr10-45379277-45379847,3.68339575657314,0.000115073712698286,0.0153688650369484
chr2,88011177,88170295,159119,*,0.0973501657713235,THNSL2,chr2-88010729-88011625,3.68257008651506,0.000115447180110416,0.015402913778373
chr7,50304124,50317558,13435,*,0.058609480179774,IKZF1,chr7-50317153-50317962,3.68235125141181,0.000115546354218657,0.0154108714624878
chr8,141117278,141278636,161359,*,0.142939771136143,DENND3,chr8-141278209-141279063,3.68206752925324,0.000115675053590676,0.0154174875187802
chr22,50327060,50481456,154397,*,0.061065279833403,DENND6B,chr22-50481185-50481727,3.68207688593132,0.000115670807158273,0.0154174875187802
chr1,109263652,109668022,404371,*,0.0787036612767271,GSTM2,chr1-109263195-109264109,3.68159781046936,0.000115888418766932,0.0154406465595099
chr12,92142914,92398878,255965,*,0.0530516105487819,LINC01619,chr12-92398437-92399318,3.68055190329396,0.000116364839408647,0.0154935332558538
chr11,66418504,66856647,438144,*,0.0885028800242233,LRFN4,chr11-66418013-66418995,3.68041926437325,0.000116425388849949,0.0154963027292354
chr2,105438513,105627686,189174,*,0.127234935662014,FHL2,chr2-105627265-105628107,3.67971022568501,0.000116749565582235,0.0155253747488617
chr7,151089274,151277896,188623,*,0.2800176364667,SMARCD3,chr7-151088811-151089736,3.67973901245396,0.00011673638761903,0.0155253747488617
chr8,37695485,38030341,334857,*,0.151714272574784,EIF4EBP1,chr8-37695027-37695943,3.67968026732451,0.000116763281357188,0.0155253747488617
chr7,131106119,131328222,222104,*,0.310450630688485,MKLN1-AS,chr7-131105677-131106561,3.67936403350018,0.000116908154294044,0.0155328960661981
chr10,127907061,128047501,140441,*,0.0823319194780443,PTPRE,chr10-128047091-128047910,3.67929592789934,0.000116939376877101,0.0155328960661981
chr7,100466086,100479279,13194,*,0.128240995934032,TSC22D4,chr7-100465638-100466533,3.67885593824211,0.000117141276005149,0.0155491183973985
chr10,133379203,133379234,32,*,0.0575692843709984,PAOX,chr10-133378810-133379596,3.67885682535405,0.000117140868605039,0.0155491183973985
chr8,38031454,38105242,73789,*,0.0823148860819363,ASH2L,chr8-38031040-38031867,3.67863413339498,0.000117243180105711,0.0155573479409707
chr17,64385815,64413776,27962,*,0.122357361442942,PECAM1,chr17-64385423-64386206,3.67821196311475,0.000117437368252556,0.0155778131636596
chr19,39298228,39436156,137929,*,-0.0580555239956809,SUPT5H,chr19-39297776-39298679,-3.67796858305094,0.000117549454318073,0.0155873775050372
chr2,28584087,28782517,198431,*,0.0742668627038587,SPDYA,chr2-28583576-28584598,3.67776083759132,0.000117645208656128,0.0155947704471299
chr16,27203495,27313911,110417,*,0.0557360662859145,KDM8,chr16-27313487-27314335,3.67736486964771,0.000117827921509623,0.0156090145910825
chr17,35880793,36072664,191872,*,0.0716796466946516,CCL5,chr17-36072169-36073159,3.67735443174775,0.000117832741505894,0.0156090145910825
chr2,8534910,8678845,143936,*,0.0994620753450394,ID2,chr2-8534468-8535351,3.6767326632366,0.000118120194738351,0.0156417779073151
chr6,27865355,27873512,8158,*,0.0875210473109438,HIST1H2AL,chr6-27873068-27873956,3.67637355885073,0.000118286513889285,0.0156529014314532
chr7,151251964,151520120,268157,*,0.310149562759995,RHEB,chr7-151251510-151252418,3.67633437710255,0.00011830467420083,0.0156529014314532
chr12,6772512,6774918,2407,*,0.108197231209792,LAG3,chr12-6774472-6775364,3.6762912900337,0.000118324647605996,0.0156529014314532
chr7,151085831,151249693,163863,*,0.31528354005027,AGAP3,chr7-151249294-151250092,3.67605173631678,0.00011843575263465,0.0156622846119823
chr6,26027303,26032060,4758,*,0.0784271498873845,HIST1H3B,chr6-26026848-26027757,3.67583416181879,0.000118536748522275,0.0156650130457308
chr10,118755249,118792683,37435,*,0.0915307260767591,CACUL1,chr10-118792283-118793082,3.67589518599886,0.000118508413562289,0.0156650130457308
chr5,139273752,139697534,423783,*,0.0788650258137099,MATR3,chr5-139697123-139697944,3.67569064724159,0.000118603410766731,0.0156685113162425
chr10,71396934,71890377,493444,*,0.0624866416488136,CDH23,chr10-71889987-71890767,3.6754693207965,0.000118706285431525,0.0156767895623478
chr7,129825770,130070510,244741,*,0.357552150633206,KLHDC10,chr7-129825367-129826172,3.67523804218538,0.000118813875411892,0.0156856847128605
chr16,29745977,30182827,436851,*,0.0677678120245846,CORO1A,chr16-29745556-29746397,3.67498068394959,0.000118933705090897,0.0156959351489425
chr16,66801620,67001047,199428,*,0.0742642677099451,TERB1,chr16-67000589-67001504,3.67489839996661,0.000118972041608418,0.0156959351489425
chr12,10226058,10674320,448263,*,0.0561852057981276,KLRD1,chr12-10673825-10674814,3.67467849806536,0.000119074551904379,0.0157041448609695
chr8,134601903,134713049,111147,*,0.0684824906853103,ZFAT,chr8-134601479-134602327,3.67415979229655,0.000119316682119791,0.0157254385252754
chr1,8890114,9129170,239057,*,0.122282792466736,GPR157,chr1-8889701-8890527,3.67325862962187,0.000119738440788607,0.0157597132404862
chr6,26055381,26234933,179553,*,0.0630973973614946,HIST1H1D,chr6-26054978-26055783,3.67332422640993,0.000119707693293759,0.0157597132404862
chr7,150903875,151341699,437825,*,0.275345679397793,NUB1,chr7-150903449-150904300,3.67338833649543,0.000119677649826118,0.0157597132404862
chr12,132710720,132956304,245585,*,0.0654944636269063,CHFR,chr12-132710261-132711178,3.67328329104289,0.000119726880254184,0.0157597132404862
chr7,141551189,141586260,35072,*,0.213045677383151,AGK,chr7-141585822-141586698,3.67303668579203,0.000119842528533561,0.0157680895828099
chr1,22636478,22710839,74362,*,0.182813489510257,EPHB2,chr1-22635967-22636989,3.67276143111604,0.000119971736054598,0.0157797642524822
chr7,150384002,150514830,130829,*,-0.166431481906534,GIMAP7,chr7-150383543-150384460,-3.67231159714588,0.00012018317434542,0.0157862705137839
chr14,20733362,20955452,222091,*,0.117973917335302,RNASE2,chr14-20732919-20733805,3.6723584145287,0.000120161152187796,0.0157862705137839
chr7,129214126,129225023,10898,*,0.361609865619545,AHCYL2,chr7-129213683-129214568,3.67198881934381,0.000120335107004635,0.0157955832107646
chr19,55117559,55276634,159076,*,0.0687272108245494,PPP1R12C,chr19-55276226-55277041,3.67204857451101,0.000120306966450047,0.0157955832107646
chr6,29927146,30213427,286282,*,0.0709988796833076,TRIM26,chr6-29926697-29927595,3.67168047853113,0.000120480412393331,0.0158076853114962
chr17,1463162,1823683,360522,*,0.0785828521356825,CRK,chr17-1823233-1824132,3.67162112842876,0.000120508399971699,0.0158076853114962
chr2,165794851,165902982,108132,*,0.113295612217263,AC009495.2,chr2-165902520-165903443,3.67130980914402,0.000120655307962296,0.0158163124141618
chr7,133984077,134459284,475208,*,0.2321526202986,AKR1B1,chr7-133983623-133984531,3.6689134513973,0.000121791758701646,0.015959919567514
chr22,20017014,20117325,100312,*,0.0637048592185677,TANGO2,chr22-20116868-20117781,3.66847596306663,0.00012200031446391,0.015981877215855
chr7,130486171,130668617,182447,*,0.167847127348585,MEST,chr7-130668164-130669069,3.66819179233889,0.000122135961376684,0.0159889015495712
chr15,94231449,94231538,90,*,0.0925387394339937,MCTP2,chr15-94230949-94231948,3.66827366927548,0.000122096863490169,0.0159889015495712
chr14,99261193,99271524,10332,*,0.0777954290788521,BCL11B,chr14-99260796-99261590,3.66703901721927,0.000122687682947548,0.0160496274151372
chr15,82709914,83069351,359438,*,0.126169651631554,AP3B2,chr15-83068908-83069793,3.66696468343278,0.000122723339432718,0.0160496274151372
chr7,149714781,149873891,159111,*,0.187624100383952,KRBA1,chr7-149873438-149874343,3.66676154569934,0.000122820830275706,0.0160554879071988
chr7,151058530,151089274,30745,*,0.261045870954326,CDK5,chr7-151088811-151089736,3.66669971511273,0.000122850518728066,0.0160554879071988
chr1,156212993,156581930,368938,*,0.0605952321602244,PMF1,chr1-156581472-156582387,3.66647641033361,0.000122957796376804,0.0160600288870537
chr3,172039628,172130072,90445,*,0.0867240370050497,FNDC3B,chr3-172129658-172130486,3.66637020301296,0.000123008850170686,0.0160600288870537
chr19,47290023,47315530,25508,*,0.117692400618794,C5AR1,chr19-47315071-47315988,3.66640064826765,0.000122994213122756,0.0160600288870537
chr18,12702777,13131372,428596,*,0.0737987476071728,CEP76,chr18-13130975-13131769,3.66606957626069,0.000123153469087471,0.0160735273621322
chr7,129925571,130070510,144940,*,0.27160243435632,KLHDC10,chr7-129925136-129926006,3.66545905823807,0.00012344765465148,0.0161046424095371
chr7,150716557,151059678,343122,*,-0.105959047329544,GIMAP1,chr7-151059241-151060114,-3.66540343905426,0.000123474488170143,0.0161046424095371
chr1,150268200,150611710,343511,*,0.0941176700649016,C1orf54,chr1-150611261-150612158,3.66514901540513,0.000123597304827888,0.0161084920634279
chr7,151085831,151251964,166134,*,0.314944296141376,AGAP3,chr7-151251510-151252418,3.66508554376203,0.000123627962031171,0.0161084920634279
chr9,115118248,115141818,23571,*,0.130314685472912,DEC1,chr9-115117971-115118525,3.66508953750077,0.000123626032819952,0.0161084920634279
chr7,134234404,134646808,412405,*,0.210708602346827,BPGM,chr7-134233948-134234860,3.66466696739239,0.000123830315741971,0.0161195980680456
chr8,88328025,88328800,776,*,0.149684336388297,MMP16,chr8-88328437-88329163,3.66465265287102,0.000123837241347477,0.0161195980680456
chr8,55879813,55973180,93368,*,0.16107952656832,LYN,chr8-55972731-55973629,3.66403609148222,0.000124135889160907,0.0161512039233149
chr12,113142595,113426301,283707,*,0.0679339769469726,SDS,chr12-113142141-113143048,3.6639803786837,0.000124162908381064,0.0161512039233149
chr4,15689673,15969309,279637,*,0.0804181359976984,FGFBP2,chr4-15689372-15689973,3.66372082273538,0.000124288858815033,0.016158594939614
chr17,3846251,4143825,297575,*,0.0543444489287582,NCBP3,chr17-4143603-4144047,3.66369247253135,0.000124302623108006,0.016158594939614
chr4,26093559,26163455,69897,*,0.0618832751974925,RBPJ,chr4-26093132-26093986,3.6632808454671,0.000124502633102687,0.0161684212259656
chr11,118338802,118359585,20784,*,0.0578861276862616,UBE4A,chr11-118338344-118339260,3.66329759863952,0.000124494486830496,0.0161684212259656
chr7,149838377,149872968,34592,*,0.266998524684969,ATP6V0E2,chr7-149837937-149838817,3.66309105894709,0.000124594952194538,0.0161750220789028
chr19,44911292,44946035,34744,*,0.130053430686597,APOC2,chr19-44910863-44911720,3.66280392352017,0.000124734747409565,0.0161877798758701
chr14,71320449,71555908,235460,*,0.0503834637028892,SIPA1L1,chr14-71555498-71556318,3.66239701570544,0.000124933107177512,0.0162081270214201
chr1,153805498,153946696,141199,*,0.0692085496851533,DENND4B,chr1-153805064-153805932,3.66095562120064,0.000125638142158086,0.0162833380972786
chr10,6062325,6188766,126442,*,0.124066006764751,IL2RA,chr10-6188323-6189209,3.66099357761008,0.00012561952864887,0.0162833380972786
chr7,48171458,48245055,73598,*,0.124838312758213,ABCA13,chr7-48244597-48245512,3.66084640960014,0.000125691713053199,0.0162848673038271
chr19,7888505,8343302,454798,*,0.0898548830607692,LRRC8E,chr19-8342928-8343675,3.66072745084636,0.000125750089535303,0.0162870179088097
chr3,150384944,150546678,161735,*,0.0629933110342823,EIF2A,chr3-150384491-150385397,3.66012862449404,0.000126044337221194,0.0163197067267874
chr14,105589563,105917979,328417,*,0.0808568527309579,FAM30A,chr14-105589103-105590023,3.65985833459902,0.000126177362039764,0.0163315062901481
chr14,64914361,65230591,316231,*,0.0561182789454716,CHURC1,chr14-65230222-65230959,3.6588382201163,0.00012668060471701,0.0163912005012067
chr2,156334606,156342348,7743,*,0.0791721324865153,NR4A2,chr2-156334195-156335017,3.65826352927951,0.00012696493936597,0.0164225399939291
chr6,26199454,26216975,17522,*,0.059670349748976,HIST1H2AE,chr6-26199004-26199904,3.65787055974429,0.000127159709811892,0.0164422776748212
chr7,129914702,129952949,38248,*,0.285165602028669,UBE2H,chr7-129914237-129915167,3.65759571818359,0.00012729609807792,0.0164544557121596
chr2,102020895,102064544,43650,*,0.0547091412822802,IL1R1,chr2-102020431-102021358,3.65721066905513,0.0001274874068431,0.0164737224171681
chr7,128739292,129214126,474835,*,0.35299717936841,CALU,chr7-129213683-129214568,3.65692708369324,0.000127628476470799,0.0164864866829337
chr6,43224546,43427366,202821,*,0.0564188895942366,ABCC10,chr6-43224113-43224978,3.65658318034192,0.000127799747697568,0.0165031425105638
chr1,205122015,205207791,85777,*,0.0673497438347332,RBBP5,chr1-205207347-205208234,3.65598323574554,0.000128099049008293,0.0165199042189815
chr7,140690777,140696918,6142,*,0.241738012621386,NDUFB2,chr7-140696470-140697366,3.65607055769398,0.000128055444861308,0.0165199042189815
chr7,151058530,151061063,2534,*,0.256149143977954,CDK5,chr7-151060610-151061516,3.65605675678543,0.000128062335408086,0.0165199042189815
chr2,213148907,213152427,3521,*,0.0661681429351157,IKZF2,chr2-213148439-213149374,3.65514745258358,0.000128517101631184,0.0165683363442858
chr1,10472288,10511077,38790,*,0.0513453198475454,PEX14,chr1-10510637-10511516,3.65439744571522,0.000128893338370903,0.0166113473555614
chr1,203273641,203321100,47460,*,0.0683794679537572,CHIT1,chr1-203320647-203321552,3.6538377336198,0.000129174787512978,0.0166366201722859
chr12,113221094,113358542,137449,*,0.0735028301503334,IQCD,chr12-113358097-113358987,3.65367737396352,0.00012925552990752,0.0166415214152927
chr19,6767683,6772714,5032,*,0.0646126769343464,VAV1,chr19-6767222-6768143,3.6535482066378,0.000129320601117349,0.0166444024386929
chr3,129606868,129893576,286709,*,0.115059974513109,TMCC1,chr3-129606411-129607324,3.6529816711961,0.000129606370232478,0.016670175733379
chr16,84116906,84594492,477587,*,0.0725929148325241,MBTPS1,chr16-84594080-84594903,3.6528760864421,0.000129659694207373,0.0166715340059804
chr1,51236271,51575104,338834,*,0.117840845613462,RNF11,chr1-51574639-51575568,3.6524599467728,0.000129870059595551,0.0166889122424458
chr14,75188816,75578617,389802,*,0.155810490604207,FLVCR2,chr14-75188375-75189256,3.65243937590307,0.00012988046680171,0.0166889122424458
chr16,57128999,57542421,413423,*,0.0630918140808987,ADGRG5,chr16-57128555-57129442,3.65201036300563,0.000130097691126484,0.0167113163364224
chr1,244212886,244452134,239249,*,0.0591658654807442,ADSS,chr1-244212528-244213243,3.65188040807081,0.00013016355907384,0.0167142700369087
chr5,55024253,55062330,38078,*,0.0743117812644919,GZMK,chr5-55061888-55062771,3.65168319938161,0.00013026357446631,0.0167216052133157
chr6,157981782,157981887,106,*,0.0543950533939737,SYNJ2,chr6-157981336-157982228,3.65152462337061,0.000130344049358615,0.0167264280219075
chr19,11166699,11435782,269084,*,0.133286744660593,CCDC151,chr19-11166249-11167149,3.6510503302073,0.000130585024157912,0.0167518370641693
chr16,89602668,89816657,213990,*,0.0615505013812328,FANCA,chr16-89602193-89603142,3.64966119329184,0.000131293210357045,0.016820545725966
chr7,139339457,139340543,1087,*,0.212233940545495,FMC1,chr7-139340087-139340999,3.6493438082138,0.000131455518775007,0.0168358071305762
chr19,45406349,45677435,271087,*,0.0700712650276273,PPP1R13L,chr19-45676998-45677872,3.64922530138326,0.000131516170524014,0.0168380433862489
chr7,75843013,76201900,358888,*,0.112242121146326,SRRM3,chr7-75842567-75843459,3.64875444813515,0.000131757412330483,0.0168467991839499
chr7,134720219,135148072,427854,*,0.28142386694165,TMEM140,chr7-134719886-134720551,3.64882629637287,0.000131720574060751,0.0168467991839499
chr7,143244093,143288290,44198,*,0.305176571632366,GSTK1,chr7-143287840-143288739,3.64898837860767,0.000131637506172092,0.0168467991839499
chr10,6062325,6172269,109945,*,0.198422829311916,IL2RA,chr10-6171738-6172800,3.64885372341275,0.000131706514123533,0.0168467991839499
chr10,103990324,104338404,348081,*,0.0900214814472713,ITPRIP,chr10-103989925-103990722,3.6484130457951,0.000131932589312883,0.016858139563686
chr10,62082988,62268707,185720,*,0.0511064803226914,RTKN2,chr10-62082557-62083419,3.64809123622425,0.000132097912940503,0.0168737337993712
chr12,6636447,6766264,129818,*,0.0561839275140425,LPAR5,chr12-6765970-6766557,3.64772789940297,0.000132284803834566,0.0168920718455661
chr1,192158457,192531359,372903,*,0.0630710122061591,RGS18,chr1-192530945-192531773,3.64688057554169,0.000132721608453046,0.0169423000977856
chr6,142872049,143038077,166029,*,0.106304207673866,LINC01277,chr6-142871605-142872492,3.64629847306185,0.000133022471706621,0.0169695931412858
chr7,134646808,134720219,73412,*,0.229640163706572,BPGM,chr7-134719886-134720551,3.64636066126266,0.00013299029887443,0.0169695931412858
chr1,206507530,206803465,295936,*,0.0528123861086859,RASSF5,chr1-206803009-206803920,3.64522174464128,0.000133580671212761,0.0170352279468882
chr1,94541800,95023538,481739,*,0.141298403655191,F3,chr1-95023091-95023984,3.64487966411568,0.00013375847233791,0.0170523243812554
chr16,89701705,90096607,394903,*,0.0712236782502243,SPATA2L,chr16-90096058-90097155,3.64390554315666,0.000134266001408126,0.0171114315727233
chr12,121776490,121804180,27691,*,0.0680369015128477,SETD1B,chr12-121776022-121776957,3.64354829186073,0.000134452585742274,0.017125339161231
chr7,151061063,151277896,216834,*,0.267535243429539,SMARCD3,chr7-151060610-151061516,3.64329955512787,0.000134582638848133,0.0171293865230892
chr14,103624941,103715730,90790,*,0.0820800509346034,ZFYVE21,chr14-103624458-103625424,3.64335300387029,0.000134554682992913,0.0171293865230892
chr5,172418466,172454523,36058,*,0.20513900713096,SH3PXD2B,chr5-172418045-172418886,3.64303753591905,0.000134719764280617,0.0171412433238666
chr10,44959407,45380310,420904,*,0.235533805912308,RASSF4,chr10-45379961-45380658,3.64277191467622,0.000134858908474009,0.0171533491635919
chr18,2846934,2847030,97,*,0.0932378759412459,EMILIN2,chr18-2846486-2847381,3.64250489547785,0.000134998920744759,0.01715996062934
chr19,2474685,2900898,426214,*,0.0960206809912624,ZNF57,chr19-2474284-2475085,3.64255469785206,0.000134972796396971,0.01715996062934
chr7,139109579,139230356,120778,*,0.28847383862612,UBN2,chr7-139109127-139110030,3.64204646607082,0.00013523961731621,0.0171849528324508
chr10,73785582,73992060,206479,*,0.0520734775329381,ZSWIM8,chr10-73991621-73992498,3.64120723181459,0.000135681296561163,0.0172242347205999
chr19,45079288,45444418,365131,*,0.0556403502046019,MARK4,chr19-45444065-45444771,3.64035267255465,0.000136132430212104,0.0172758789658363
chr14,67412200,67427309,15110,*,0.0771823982507054,PLEK2,chr14-67426862-67427756,3.63989636730604,0.000136373895464943,0.0173008903009434
chr6,116461884,116545610,83727,*,0.0953322844718335,TRAPPC3L,chr6-116461346-116462422,3.6397883825865,0.000136431096970895,0.0173025165960629
chr13,48444704,48660842,216139,*,0.0938117857798941,LPAR6,chr13-48660414-48661269,3.63964305657706,0.000136508114346726,0.0173066541119674
chr21,43107587,43574896,467310,*,0.0607470123475359,U2AF1,chr21-43574443-43575348,3.63947475059526,0.000136597361176291,0.0173123388976916
chr13,30408551,30713478,304928,*,0.0767145849372685,ALOX5AP,chr13-30408105-30408997,3.63930068956731,0.000136689717229024,0.017314643042626
chr17,4710489,4872943,162455,*,0.100504054395919,ARRB2,chr17-4872516-4873370,3.63819314938705,0.000137278745735635,0.0173761018125093
chr11,72712615,72793599,80985,*,0.0836902036226717,ARAP1,chr11-72712187-72713043,3.63746824276951,0.00013766556353138,0.0174081074517793
chr7,139109579,139133744,24166,*,0.295184489514976,TTC26,chr7-139109127-139110030,3.6370606590914,0.000137883502866348,0.0174300127624681
chr4,26142206,26163455,21250,*,0.108589177454665,RBPJ,chr4-26141701-26142710,3.63685512252331,0.000137993528061075,0.0174326159759125
chr7,129188872,129388610,199739,*,0.244959470229191,SMO,chr7-129388148-129389072,3.63689389488619,0.000137972766643366,0.0174326159759125
chr12,47813176,47943048,129873,*,0.0600743522168644,VDR,chr12-47812736-47813616,3.63659840218237,0.00013813106786141,0.0174386894649956
chr6,32530287,32666694,136408,*,0.143411238050443,HLA-DRB5,chr6-32666256-32667132,3.63609034712751,0.000138403640867126,0.0174674445449436
chr17,979770,1198184,218415,*,0.106709652426714,NXN,chr17-1197793-1198574,3.6359208524716,0.000138494687315437,0.0174732785887694
chr7,139969374,140177035,207662,*,0.109507158763117,KDM7A,chr7-139968928-139969820,3.63582331234173,0.000138547107815246,0.0174742371646682
chr7,129825770,129952949,127180,*,0.350103411294491,UBE2H,chr7-129825367-129826172,3.63537866013758,0.000138786310678883,0.0174987454045226
chr7,140316329,140673153,356825,*,0.269440323909127,ADCK2,chr7-140315870-140316787,3.63517773859313,0.000138894524325092,0.0175067274804998
chr17,65079613,65561647,482035,*,0.13747865587169,AXIN2,chr17-65079165-65080061,3.63494203891533,0.000139021569790732,0.0175170772547048
chr7,151080866,151341692,260827,*,0.324094339600936,FASTK,chr7-151341241-151342142,3.63479166791495,0.000139102678781287,0.017517159550927
chr1,192477231,192575727,98497,*,0.0756325532065981,RGS1,chr1-192476841-192477621,3.63407451243365,0.00013949011751541,0.0175274189791951
chr1,203305420,203305491,72,*,0.103543941119798,BTG2,chr1-203304966-203305873,3.63397167133273,0.000139545759605036,0.0175274189791951
chr6,26027303,26285638,258336,*,0.0556279389130064,HIST1H4H,chr6-26026848-26027757,3.63395785427196,0.000139553236898674,0.0175274189791951
chr6,42050357,42387509,337153,*,0.0572143450233081,CCND3,chr6-42386977-42388040,3.63413750655214,0.000139456044870228,0.0175274189791951
chr7,129925571,130051451,125881,*,0.258181662086541,ZC3HC1,chr7-129925136-129926006,3.63430707022854,0.000139364368976026,0.0175274189791951
chr7,149126357,149126416,60,*,0.261426166816849,ZNF398,chr7-149125908-149126805,3.63442625392422,0.000139299965204217,0.0175274189791951
chr14,67189393,67580564,391172,*,0.0797930724252756,FAM71D,chr14-67580109-67581018,3.63447713887543,0.000139272476795731,0.0175274189791951
chr16,1472042,1782901,310860,*,0.0830681759896707,NUBP2,chr16-1471560-1472524,3.63428683491953,0.000139375306381677,0.0175274189791951
chr19,46976496,47332147,355652,*,0.117740046027804,C5AR2,chr19-46976074-46976917,3.63352649627595,0.000139786861160178,0.0175470858948577
chrX,71910818,72352873,442056,*,0.0732534498257919,NHSL2,chrX-72352433-72353313,3.63350254487388,0.000139799844016263,0.0175470858948577
chr7,134720219,134986508,266290,*,0.207826618148628,AGBL3,chr7-134719886-134720551,3.63305963757386,0.000140040125622469,0.0175621620467649
chr8,22164736,22393119,228384,*,0.13907155872843,BMP1,chr8-22392701-22393536,3.63309018996571,0.000140023538227673,0.0175621620467649
chr1,7771288,8026308,255021,*,0.0824909302781815,ERRFI1,chr1-7770853-7771722,3.63277762003073,0.000140193324538707,0.0175738417871588
chr15,70098176,70486738,388563,*,0.0674532364478391,TLE3,chr15-70486232-70487244,3.63254130644792,0.000140321816847653,0.0175842947417844
chr6,36027677,36109301,81625,*,0.068139280851651,MAPK14,chr6-36108876-36109725,3.63232178970475,0.000140441274962054,0.0175936092308826
chr2,60756230,60780954,24725,*,0.0914592276311884,PAPOLG,chr2-60780484-60781424,3.63201647536367,0.000140607581443829,0.017608784722467
chr11,1850753,2270952,420200,*,0.0915622618923323,ASCL2,chr11-1850343-1851162,3.63028818389225,0.000141552475916925,0.0177214244833542
chr7,150384002,150722253,338252,*,-0.141562847389919,GIMAP5,chr7-150383543-150384460,-3.63015791490632,0.000141623937392087,0.017724679049817
chr6,105896184,106086320,190137,*,0.0734745657226275,PRDM1,chr6-105895735-105896632,3.62923871262834,0.00014212914449736,0.0177764938211694
chr17,48430275,48441542,11268,*,0.0926109143600883,SKAP1,chr17-48441120-48441964,3.62869729318312,0.000142427506285547,0.0178080975562646
chr17,67245989,67452989,207001,*,0.0558675520750186,HELZ,chr17-67452490-67453487,3.62838654884925,0.000142599014138424,0.0178228548053535
chr19,16079158,16111629,32472,*,0.0668097936710886,RAB8A,chr19-16078731-16079585,3.62831783113549,0.000142636967343256,0.0178228548053535
chr3,130081831,130094057,12227,*,0.0810424058149544,ALG1L2,chr3-130093637-130094477,3.6281280971512,0.000142741807705503,0.0178302400569066
chr17,36090285,36103590,13306,*,0.0844237212007314,CCL4,chr17-36089828-36090742,3.62763657319807,0.000143013742530178,0.0178584860835602
chr6,26103876,26199454,95579,*,0.0600277879194213,HIST1H4C,chr6-26199004-26199904,3.62740331540048,0.000143142961779596,0.0178631785965746
chr10,6507570,6580301,72732,*,0.0729983864812852,PRKCQ,chr10-6507130-6508009,3.62745377327708,0.000143115000052481,0.0178631785965746
chr7,149771954,149773479,1526,*,0.139403330882951,ZNF467,chr7-149771460-149772448,3.62729525453072,0.00014320286198962,0.0178649350887607
chr7,134891520,134986508,94989,*,0.238037385728988,AGBL3,chr7-134891078-134891962,3.62689705291505,0.000143423795549206,0.0178848204259944
chr16,69726951,70064974,338024,*,0.0887265957722911,NQO1,chr16-70064682-70065265,3.62684263676464,0.000143454011963731,0.0178848204259944
chr1,245154985,245585461,430477,*,0.0816271888798244,KIF26B,chr1-245584981-245585941,3.62642951840954,0.000143683604541825,0.0179077175824295
chr7,151080866,151251964,171099,*,0.306461556189328,FASTK,chr7-151251510-151252418,3.62603201471748,0.000143904844138443,0.0179295593790542
chr10,88879734,89123643,243910,*,0.069517470402041,STAMBPL1,chr10-89123200-89124086,3.62541500979205,0.000144248884317978,0.0179666824438122
chr17,75250276,75262363,12088,*,0.0675794820982057,GGA3,chr17-75249819-75250732,3.62513852913723,0.000144403299013428,0.0179801708486052
chr7,135148039,135148072,34,*,0.295151711837743,TMEM140,chr7-135147794-135148283,3.62503754285295,0.000144459738544867,0.0179814552973159
chr7,133984077,134317051,332975,*,0.279693986368755,SLC35B4,chr7-133983623-133984531,3.62446293227318,0.000144781272235179,0.0180103191060554
chr11,790123,1262872,472750,*,0.137083693778892,CEND1,chr11-1262445-1263299,3.6244425220377,0.00014479270547029,0.0180103191060554
chr12,6663148,6774918,111771,*,0.0537976828018545,ING4,chr12-6774472-6775364,3.62437556536124,0.000144830218640622,0.0180103191060554
chr17,4736416,5234860,498445,*,0.150628536385224,SCIMP,chr17-4735988-4736844,3.62413707930013,0.000144963906903626,0.018021195482842
chr9,137423262,137551760,128499,*,0.0536337439395657,EXD3,chr9-137551313-137552206,3.62370893259981,0.000145204203446648,0.0180453137144031
chr9,112174893,112175408,516,*,0.0573035434741266,SUSD1,chr9-112174478-112175307,3.62315946557818,0.000145513137538014,0.0180779438162747
chr5,67181731,67196799,15069,*,0.0856501241273433,CD180,chr5-67181387-67182074,3.62264309264397,0.000145804025821106,0.0181083119064701
chr7,158704829,158829595,124767,*,0.196251117460785,NCAPG2,chr7-158829146-158830043,3.6222943506046,0.00014600079069735,0.0181269746034851
chr20,41248533,41340920,92388,*,0.150613085186379,LPIN3,chr20-41248159-41248907,3.62202049742373,0.000146155476612624,0.0181397526157183
chr22,39244751,39287260,42510,*,0.206440056489278,PDGFB,chr22-39286802-39287717,3.62157240052879,0.000146408915211613,0.0181545192153555
chr6,27867529,27873512,5984,*,0.089170750265174,HIST1H1B,chr6-27873068-27873956,3.62147098870316,0.000146466329704834,0.0181558637736372
chr6,157078491,157323601,245111,*,0.0688434578682781,TMEM242,chr6-157078054-157078928,3.62090627410527,0.000146786429824774,0.0181839794216866
chr12,10391874,10554435,162562,*,0.0723489344343089,KLRK1,chr12-10554013-10554856,3.62094148237007,0.000146766453401717,0.0181839794216866
chr19,12365905,12640183,274279,*,0.0522099947044783,ZNF442,chr19-12639618-12640748,3.6204098833784,0.000147068342618473,0.0182131154722036
chr4,39527690,39528311,622,*,0.192306724419855,UGDH,chr4-39527247-39528133,3.62006288944406,0.000147265710293367,0.0182317661763384
chr7,130853720,130894454,40735,*,0.295529986578757,AC016831.7,chr7-130894064-130894844,3.61958480420264,0.00014753804819098,0.0182551888820256
chr1,53326295,53328070,1776,*,0.0686910640626873,LRP8,chr1-53325840-53326750,3.61946673709893,0.000147605376883878,0.0182564249330374
chr1,156241962,156638727,396766,*,0.069624482752631,BGLAP,chr1-156638307-156639147,3.61900696489447,0.000147867839936356,0.0182657075839253
chr6,35688955,35921342,232388,*,0.0634475995691635,SRPK1,chr6-35688517-35689393,3.61907642117334,0.000147828162493591,0.0182657075839253
chr7,100429335,100673531,244197,*,0.139356944993635,GNB2,chr7-100428892-100429777,3.61903242335685,0.000147853295432642,0.0182657075839253
chr19,18683677,18685946,2270,*,0.0962998515525133,CRTC1,chr19-18685479-18686413,3.61906849212384,0.00014783269152088,0.0182657075839253
chr19,17719242,17932876,213635,*,0.0718566259478827,MAP1S,chr19-17932408-17933343,3.61750327031214,0.000148729286692648,0.0183604844444909
chr7,155003302,155458129,454828,*,0.229178319468861,EN2,chr7-155002846-155003758,3.61726398980539,0.000148866800061893,0.0183716428419529
chrX,100820306,100820359,54,*,0.069416018186869,CSTF2,chrX-100819849-100820762,3.61702523377178,0.000149004130702589,0.018382771633755
chr8,25393057,25458997,65941,*,0.0589486113346669,CDCA2,chr8-25392609-25393504,3.61689183409592,0.000149080912833315,0.0183864258240726
chr2,152335219,152335237,19,*,0.196795257001519,FMNL2,chr2-152334757-152335680,3.6159550196303,0.000149621168908232,0.018447220727771
chr1,234987000,235161457,174458,*,0.052649516984937,RBM34,chr1-234986680-234987319,3.615166554874,0.000150077292981766,0.0184895278965462
chr10,110414790,110497838,83049,*,0.0536306444709793,DUSP5,chr10-110414343-110415237,3.61503414225344,0.00015015402080909,0.0184895278965462
chr17,64357882,64413776,55895,*,0.118602914002771,PECAM1,chr17-64357404-64358360,3.61507208628414,0.000150132030003578,0.0184895278965462
chr7,128775790,129189491,413702,*,0.107557929462106,OPN1SW,chr7-129189139-129189843,3.61494838276745,0.000150203734608028,0.0184898093919826
chr16,30378326,30658431,280106,*,0.0539591467554568,FBRS,chr16-30377878-30378773,3.61473320741539,0.000150328537180544,0.0184993310848831
chr19,52095877,52369917,274041,*,0.0748164056023813,ZNF880,chr19-52095435-52096318,3.6144157392935,0.000150512847322824,0.0185161674201633
chr6,26156354,26216774,60421,*,0.0719275097628056,HIST1H1E,chr6-26216342-26217206,3.61384166820385,0.000150846669018783,0.0185513803187099
chr7,99358288,99408641,50354,*,0.179587806665477,BUD31,chr7-99357840-99358736,3.61358386433546,0.000150996807172712,0.0185639884168704
chr11,60252564,60280541,27978,*,0.131275864624881,MS4A4A,chr11-60252074-60253053,3.61261922986529,0.00015155982712149,0.0186218511203678
chr19,19598947,19618916,19970,*,0.0569972328121375,PBX4,chr19-19598579-19599315,3.612613825465,0.000151562986992312,0.0186218511203678
chr7,139646569,139777778,131210,*,0.313987416345949,HIPK2,chr7-139646166-139646971,3.61233297324064,0.000151727281959695,0.0186359091905429
chr1,247331846,247359100,27255,*,0.0517972605946297,ZNF496,chr1-247358672-247359528,3.61192523512681,0.000151966100397081,0.018653743127205
chr19,12791496,13151812,360317,*,0.113892497671771,JUNB,chr19-13151365-13152258,3.61120121725459,0.000152391036417717,0.0187000158418381
chr12,108598320,108773998,175679,*,0.0892046421940202,TMEM119,chr12-108773547-108774449,3.6101920987074,0.000152985158356102,0.0187670138311652
chr19,42129619,42196585,66967,*,0.093860222811919,POU2F2,chr19-42129133-42130104,3.60990440073628,0.000153154938414129,0.0187819311263369
chr7,151028422,151249693,221272,*,0.31629985330767,ABCB8,chr7-151249294-151250092,3.60960417888778,0.000153332297333226,0.0187928385725178
chr8,39934614,39943791,9178,*,0.0661677207576829,IDO2,chr8-39943388-39944193,3.60959065376334,0.000153340291954842,0.0187928385725178
chr7,129434433,129611824,177392,*,0.288705981732791,STRIP2,chr7-129611377-129612271,3.60950717620525,0.000153389643688484,0.0187929790607301
chr19,56538575,56567579,29005,*,0.0697678244893365,AC005498.3,chr19-56567118-56568040,3.60920615347626,0.000153567731151995,0.0188088869384441
chr6,26027303,26234933,207631,*,0.0783275737119706,HIST1H1D,chr6-26026848-26027757,3.60907347649729,0.000153646285372786,0.0188125978785023
chr7,151232456,151232489,34,*,0.316510045735774,CHPF2,chr7-151232012-151232900,3.60811168080888,0.000154216862901299,0.0188706065397983
chr7,129417276,129434433,17158,*,0.248569213236722,STRIP2,chr7-129416842-129417709,3.60783881923817,0.000154379096729778,0.0188845307870403
chr1,224114087,224245468,131382,*,0.0597973557064376,FBXO28,chr1-224245030-224245905,3.60733110759567,0.000154681389472383,0.0189155737291679
chr3,131361817,131381671,19855,*,0.0731573269243416,NUDT16,chr3-131361375-131362258,3.6066973842398,0.000155059487529989,0.0189558643250365
chr1,40258059,40531561,273503,*,0.0575384466775926,ZNF684,chr1-40257604-40258513,3.60635740111043,0.000155262687970469,0.0189628663629897
chr7,116614820,117009304,394485,*,0.115154103501696,LINC01510,chr7-117008859-117009748,3.60638504761892,0.000155246154952229,0.0189628663629897
chr7,139109719,139341737,232019,*,0.172760718053607,ZC3HAV1,chr7-139341329-139342144,3.60643672397776,0.000155215256150331,0.0189628663629897
chr1,150549369,150561376,12008,*,0.0597663169576898,ADAMTSL4,chr1-150560991-150561760,3.60614304736077,0.00015539093061309,0.0189725853684229
chr3,36945057,37302322,357266,*,0.0643251912825032,TRANK1,chr3-37301821-37302823,3.6056700307867,0.000155674275914895,0.0189913222868932
chr5,14871778,14872052,275,*,0.0871530646679375,ANKH,chr5-14871517-14872586,3.60564291413957,0.000155690533917771,0.0189913222868932
chr1,7982093,8026308,44216,*,0.0970074785744605,ERRFI1,chr1-7981646-7982539,3.6052526816612,0.000155924677041942,0.019013934061356
chr6,26043769,26234933,191165,*,0.0631980339358262,HIST1H1D,chr6-26043306-26044231,3.60515906163016,0.000155980898945784,0.019014842218828
chr1,36188216,36450451,262236,*,0.143401285457044,OSCP1,chr1-36187755-36188677,3.60474796610655,0.000156228000033943,0.0190152351761576
chr2,20225433,20424960,199528,*,0.0904973429075561,SDC1,chr2-20424499-20425421,3.6050667962287,0.000156036325919052,0.0190152351761576
chr7,99267728,99374249,106522,*,0.221771233583215,ARPC1B,chr7-99267282-99268173,3.60483762412704,0.000156174077208684,0.0190152351761576
chr17,36082698,36103590,20893,*,0.0716095154602041,CCL4,chr17-36082254-36083142,3.60489387192508,0.000156140257115085,0.0190152351761576
chr1,9539365,9997206,457842,*,0.124301317901303,RBP7,chr1-9538924-9539805,3.60465948924284,0.000156281229566118,0.0190157771250968
chr10,71851375,71888967,37593,*,0.214163832024194,PSAP,chr10-71888505-71889429,3.60448999664018,0.000156383247284227,0.0190222532668488
chr3,196503768,196568719,64952,*,0.0538061638286489,RNF168,chr3-196568275-196569163,3.60436497502162,0.000156458537837627,0.0190254753253508
chr7,130205416,130442433,237018,*,0.314631170948672,CEP41,chr7-130204965-130205866,3.60401453577314,0.000156669760378544,0.0190392828625611
chr5,68215630,68215720,91,*,0.0828564336318881,PIK3R1,chr5-68215175-68216085,3.60381246137174,0.000156791679326991,0.0190422273423632
chr5,157266079,157266116,38,*,0.0593742584567828,CYFIP2,chr5-157265678-157266553,3.60383718100125,0.000156776760294887,0.0190422273423632
chr19,51422176,51795163,372988,*,0.158334818670804,FPR3,chr19-51421651-51422701,3.60297605452755,0.000157297259767527,0.0190976802600094
chr6,122399546,122833299,433754,*,0.0542096576179497,HSF2,chr6-122832894-122833704,3.60265261570257,0.000157493176791749,0.0191036185309947
chrX,48071658,48476146,404489,*,0.0616328676774407,ZNF630,chrX-48475700-48476591,3.60272223154381,0.000157450989013779,0.0191036185309947
chr10,124530342,124942123,411782,*,0.053022657603697,ZRANB1,chr10-124529910-124530773,3.60249947571096,0.000157586018144849,0.0191089344777
chr6,32439842,32666694,226853,*,0.154922494894862,HLA-DRA,chr6-32666256-32667132,3.60208637184333,0.000157836718578117,0.0191333832124117
chr13,29935752,30377145,441394,*,0.0707405867986522,LINC00426,chr13-29935291-29936212,3.60185621179212,0.000157976557768237,0.0191443820326586
chr7,139230356,139341737,111382,*,0.281364543078506,UBN2,chr7-139341329-139342144,3.6014024939742,0.000158252564514683,0.0191718703484084
chr4,185396021,185421572,25552,*,0.0995102247209899,ANKRD37,chr4-185421121-185422022,3.6009139375842,0.000158550269054363,0.0192019693977576
chr6,26032060,26272913,240854,*,0.0578386852755067,HIST1H3B,chr6-26272462-26273364,3.60040346130215,0.00015886189061878,0.0192217957112082
chr6,149718256,150069232,350977,*,0.0624831602936866,LATS1,chr6-150068792-150069672,3.60046432117144,0.000158824708474939,0.0192217957112082
chr17,4263977,4498913,234937,*,0.0556251741034978,ANKFY1,chr17-4498588-4499238,3.60043675786139,0.000158841547182277,0.0192217957112082
chr6,33009666,33391536,381871,*,0.0713654832668724,KIFC1,chr6-33009195-33010137,3.60001531595334,0.00015909921855449,0.0192445387998464
chr1,46303377,46303608,232,*,0.134577103366724,LRRC41,chr1-46302915-46303838,3.59986495308173,0.000159191245717882,0.0192496977436749
chr6,26216692,26360859,144168,*,0.0654208790605079,HIST1H2BG,chr6-26360421-26361297,3.59946680627754,0.000159435165740183,0.0192672406181468
chr7,139109579,139340359,230781,*,0.293395907210491,LUC7L2,chr7-139109127-139110030,3.59947588639217,0.00015942959901704,0.0192672406181468
chr7,150903875,151028422,124548,*,0.273677575673446,ABCB8,chr7-150903449-150904300,3.59870144256383,0.000159905039909404,0.0193120506873485
chr14,99604026,100065272,461247,*,0.0538206525605665,CCDC85C,chr14-100064823-100065720,3.59870683834877,0.000159901722782288,0.0193120506873485
chr5,172361660,172454523,92864,*,0.141812097835415,SH3PXD2B,chr5-172361209-172362111,3.59858762658524,0.000159975024734231,0.0193145194619664
chr6,16481790,16761491,279702,*,0.0640231329283234,ATXN1,chr6-16481343-16482236,3.59799174059532,0.000160341900014941,0.0193468308278009
chr6,13428366,13711564,283199,*,0.0925361209526814,RANBP9,chr6-13427911-13428821,3.59757405576401,0.000160599529667232,0.0193599405812708
chr7,130891398,131328222,436825,*,0.256846481771338,MKLN1-AS,chr7-130890980-130891815,3.59771133475348,0.000160514812730051,0.0193599405812708
chr20,1558843,1875037,316195,*,0.119769876570332,SIRPD,chr20-1874584-1875489,3.59759535693129,0.000160586381652723,0.0193599405812708
chr1,203466106,203475828,9723,*,0.153152774479738,PRELP,chr1-203465650-203466561,3.59708336937552,0.00016090268191166,0.0193861590197241
chr17,1198184,1229021,30838,*,0.11493261532463,ABR,chr17-1197793-1198574,3.59706106023134,0.000160916477503841,0.0193861590197241
chr1,209784559,209784630,72,*,0.0685357633921579,C1orf74,chr1-209784178-209785082,3.596605462272,0.000161198453753665,0.0194141302418207
chr16,30185929,30472658,286730,*,0.0807258346283128,ITGAL,chr16-30185471-30186386,3.59648785234158,0.00016127131932812,0.0194169074684084
chr7,128862826,129214126,351301,*,0.23402378291859,ATP6V1F,chr7-129213683-129214568,3.59592240632467,0.000161622073659852,0.019453130182291
chr11,32821796,33015864,194069,*,0.103333579593306,DEPDC7,chr11-32821393-32822199,3.59560617299332,0.00016181854895786,0.0194707669593579
chr3,45226278,45226331,54,*,0.148251600313226,TMEM158,chr3-45225880-45226781,3.59480319670931,0.000162318441861348,0.0195188677348952
chr7,151249693,151277896,28204,*,0.270863082630904,SMARCD3,chr7-151249294-151250092,3.59457074387853,0.000162463424918956,0.0195302778697209
chr19,13103161,13207212,104052,*,0.0863491232753796,LYL1,chr19-13206842-13207582,3.59431814766486,0.000162621109002621,0.0195432073325801
chr11,116836155,117232525,396371,*,0.0630321298470396,PCSK7,chr11-116835722-116836588,3.59417328626229,0.000162711603863231,0.019544372162346
chr22,29217414,29423179,205766,*,0.108512912173191,AP1B1,chr22-29216984-29217844,3.59400992972872,0.000162813709164921,0.0195482753758432
chr17,1090089,1229021,138933,*,0.0970386077778772,ABR,chr17-1089638-1090540,3.592638536302,0.00016367326068004,0.0196333378531184
chr7,129949163,130207770,258608,*,0.28937457153761,TMEM209,chr7-129948743-129949582,3.59242632528214,0.000163806647495144,0.0196432941062064
chr7,129388610,129502479,113870,*,0.171314772279835,SMKR1,chr7-129388148-129389072,3.59166711689956,0.0001642846870582,0.019688507168464
chr17,49495293,49708220,212928,*,0.0716045594157976,NGFR,chr17-49707773-49708666,3.5914801801286,0.000164402592924537,0.0196965825620211
chr7,151061063,151083546,22484,*,0.23939260508914,TMUB1,chr7-151060610-151061516,3.59078302542306,0.000164843005182325,0.0197432796486451
chr7,150722253,151061063,338811,*,-0.122063330865992,GIMAP5,chr7-151060610-151061516,-3.59039253490023,0.000165090171192658,0.0197655324047033
chr10,6062325,6086602,24278,*,0.168112842622799,IL2RA,chr10-6086168-6087036,3.59009980759079,0.000165275684106178,0.0197768741559735
chr9,137277749,137459387,181639,*,0.0522951877205993,TOR4A,chr9-137458940-137459833,3.58971745485352,0.000165518290028104,0.019799827064755
chr7,144836395,145212239,375845,*,0.112934639741437,TPK1,chr7-145211786-145212691,3.58933965644473,0.000165758333474555,0.019822459454516
chr7,139133744,139360472,226729,*,0.298511884252704,TTC26,chr7-139360280-139360664,3.58906999701278,0.000165929867378438,0.0198252176089408
chr11,60378482,60378577,96,*,0.183129331844013,MS4A7,chr11-60378275-60378878,3.58910684966804,0.000165906415125527,0.0198252176089408
chr19,16324817,16342339,17523,*,0.06479166689727,KLF2,chr19-16341903-16342774,3.58906357090195,0.000165933957137514,0.0198252176089408
chr7,131069257,131110096,40840,*,0.280293278401817,MKLN1,chr7-131068789-131069724,3.58876200508747,0.000166125988282698,0.0198420798970547
chr17,49495293,49568082,72790,*,0.0823816442029361,NGFR,chr17-49567662-49568501,3.58844839060573,0.000166325912349387,0.0198598742974681
chr6,41706215,41736259,30045,*,0.0563332288558885,TFEB,chr6-41705760-41706669,3.58834764889486,0.000166390181291543,0.0198614650817118
chr3,129489355,129606818,117464,*,0.206852847030425,PLXND1,chr3-129489002-129489708,3.58790881794953,0.000166670408008757,0.019864503791816
chr3,155745067,155806191,61125,*,0.115181467425948,PLCH1,chr3-155805786-155806595,3.58795004216599,0.000166644064449598,0.019864503791816
chr7,149126357,149262171,135815,*,0.182655508341971,ZNF783,chr7-149125908-149126805,3.5880521463302,0.000166578833480996,0.019864503791816
chr19,51417668,51417803,136,*,0.169851756718343,SIGLEC10,chr19-51417222-51418113,3.58804005376989,0.000166586557769769,0.019864503791816
chr22,32797089,32801701,4613,*,0.168318917562587,TIMP3,chr22-32796609-32797569,3.58791898688318,0.000166663909381177,0.019864503791816
chr3,183878255,184018015,139761,*,0.104744628426398,ABCC5,chr3-183877828-183878682,3.58709009684843,0.00016719440418594,0.0199086966587346
chr11,59669312,59680822,11511,*,0.0890554200630283,AP000640.2,chr11-59680346-59681297,3.58720425437827,0.000167121248953318,0.0199086966587346
chr16,28936526,29339569,403044,*,0.0694359950935229,RABEP2,chr16-29338986-29340152,3.58709146946632,0.000167193524397328,0.0199086966587346
chr17,4740015,4901849,161835,*,0.100476912930689,ZMYND15,chr17-4901433-4902264,3.58675867541038,0.000167406957812418,0.0199279197914768
chr2,64144454,64214597,70144,*,0.0561663381962158,PELI1,chr2-64214137-64215057,3.58664029360448,0.000167482941995471,0.0199308790912143
chr11,57335859,57649944,314086,*,0.0990357482760214,YPEL4,chr11-57335393-57336324,3.58580348349992,0.000168020975343465,0.0199827069187311
chr5,55024253,55037492,13240,*,0.0609149112283739,GZMK,chr5-55036975-55038009,3.58560134240536,0.00016815118577037,0.0199920939539342
chr14,52364044,52552522,188479,*,0.0643157273563012,TXNDC16,chr14-52363611-52364477,3.58504356735375,0.000168510969857842,0.0200287617747011
chr9,120584105,121050276,466172,*,0.0962213051200951,C5,chr9-120583645-120584564,3.58334081408178,0.000169613764850543,0.0201536926103365
chr5,172006873,172133510,126638,*,0.0670826139865502,FBXW11,chr5-172133050-172133969,3.58312030978564,0.000169757068144082,0.0201645742017388
chr9,112750838,113232948,482111,*,0.0947914814991092,SNX30,chr9-113232478-113233418,3.58284660699413,0.000169935102112578,0.0201795733867782
chr16,68079907,68084751,4845,*,0.0816356406359739,NFATC3,chr16-68079499-68080315,3.58274174601604,0.000170003356734368,0.0201815312514028
chr16,57186137,57577936,391800,*,0.055801051559171,RSPRY1,chr16-57577492-57578379,3.58239101923305,0.000170231833240624,0.0201963544286439
chr8,27633868,27872808,238941,*,0.166973557495737,SCARA3,chr8-27872355-27873260,3.58211500295845,0.000170411842500892,0.0202054129022681
chr13,99200774,99548681,347908,*,0.0563969571765427,UBAC2,chr13-99548245-99549117,3.58195372625396,0.000170517104578248,0.0202117465047245
chr6,27865355,27890822,25468,*,0.085956723724908,HIST1H2AL,chr6-27890364-27891279,3.58120314598784,0.000171007794091524,0.0202575905627981
chr17,36088705,36090169,1465,*,0.0514536789018569,CCL3,chr17-36088295-36089115,3.58124146080704,0.00017098271393645,0.0202575905627981
chr7,134317051,134593996,276946,*,0.308129590239143,SLC35B4,chr7-134593549-134594442,3.58041028960956,0.000171527555966351,0.0203129892917964
chr6,37061643,37257772,196130,*,0.0609922456182524,TBC1D22B,chr6-37061210-37062075,3.58023184061602,0.000171644742867592,0.0203206942898319
chr1,198167613,198638671,471059,*,0.0708826135468665,PTPRC,chr1-198167180-198168045,3.57973870774404,0.000171968971278312,0.0203528984185769
chr6,36127809,36131738,3930,*,0.0554299511674833,MAPK13,chr6-36131263-36132213,3.57926140623586,0.000172283336335373,0.0203777315646292
chr1,206563219,206612463,49245,*,0.0522595086019914,EIF2D,chr1-206562761-206563677,3.57867777335713,0.000172668464973656,0.0204108994563098
chr7,151057210,151249693,192484,*,0.364922307742796,SLC4A2,chr7-151249294-151250092,3.57835587512147,0.000172881224155266,0.020425695375811
chr17,7579467,8041413,461947,*,0.147833924749335,CD68,chr17-8040969-8041856,3.57832987487762,0.000172898419759746,0.020425695375811
chrX,119469098,119871830,402733,*,0.0824401605159281,SLC25A5-AS1,chrX-119871393-119872267,3.57809343526922,0.000173054865660592,0.0204379840919459
chr7,130822971,131110096,287126,*,0.284079084762574,MKLN1,chr7-130822568-130823373,3.57769773644887,0.000173316985493924,0.0204627418015679
chrX,46629057,46836940,207884,*,0.0803778856847472,RP2,chrX-46628589-46629525,3.57666100754933,0.000174005500346801,0.020537811783591
chr2,230225676,230327184,101509,*,0.0783313651524597,SP140L,chr2-230225238-230226113,3.57637262992165,0.000174197472694211,0.0205542473137965
chr7,150379245,150722253,343009,*,-0.140416860990558,GIMAP5,chr7-150378797-150379693,-3.5762164560045,0.000174301520000988,0.0205603014146521
chr12,116878793,116881441,2649,*,0.107284452542089,HRK,chr12-116878320-116879266,3.57563551969122,0.000174689066062983,0.0205891380892412
chr2,217756593,217837300,80708,*,0.0917417605406928,DIRC3,chr2-217837061-217837539,3.57533615895311,0.000174889085915527,0.0205984471064471
chr19,54209933,54572920,362988,*,0.0727165160953786,LILRA2,chr19-54209506-54210360,3.57538181954046,0.00017485856365409,0.0205984471064471
chr12,116277338,116635696,358359,*,0.0987504157969399,MED13L,chr12-116635242-116636150,3.57510127771842,0.000175046173314682,0.0206083917570011
chr19,16197578,16383217,185640,*,0.0587657240376237,AP1M1,chr19-16382805-16383629,3.57505185441957,0.000175079244172629,0.0206083917570011
chr6,32763534,33075911,312378,*,0.105525104708243,HLA-DQB2,chr6-33075480-33076342,3.57446654149125,0.000175471342199329,0.0206483108056423
chr2,110847007,111119378,272372,*,0.0527224612583058,BCL2L11,chr2-110846566-110847448,3.57394253621375,0.000175823067189935,0.0206611342744665
chr17,74443175,74466416,23242,*,0.106514971571797,CD300A,chr17-74442787-74443563,3.57396640422529,0.000175807032081404,0.0206611342744665
chr17,82216803,82334074,117272,*,0.0983180600182265,SECTM1,chr17-82216356-82217250,3.57388155951017,0.000175864039028541,0.0206611342744665
chr6,26124054,26250605,126552,*,0.0664794828730405,HIST1H3F,chr6-26123597-26124510,3.57344225758025,0.00017615948147944,0.0206731264821561
chr14,75275018,75278774,3757,*,0.129965091253699,FOS,chr14-75274643-75275393,3.57348237065564,0.000176132485103245,0.0206731264821561
chr7,76294790,76302544,7755,*,0.278214419047779,HSPB1,chr7-76294359-76295221,3.57314612816598,0.000176358898390472,0.020690300708794
chr6,27808199,27893223,85025,*,0.0539304406376824,HIST1H2AI,chr6-27892776-27893670,3.57296589954999,0.000176480369719086,0.0206983228326489
chr7,129388610,129611714,223105,*,0.163944301925514,NRF1,chr7-129388148-129389072,3.57261350368605,0.000176718105249206,0.0207199719601845
chr2,196171674,196176503,4830,*,0.085834080652914,STK17B,chr2-196171225-196172123,3.57183605516597,0.00017724365220159,0.0207753434450073
chr20,49915508,50308840,393333,*,0.101679542003815,SPATA2,chr20-50308382-50309297,3.5714917226667,0.000177476884068187,0.0207964286768112
chr8,102108144,102124907,16764,*,0.0773446143227511,NCALD,chr8-102107709-102108579,3.57130142308744,0.000177605905636481,0.0208052937272216
chr6,32817048,33075911,258864,*,0.0589310971741365,HLA-DOB,chr6-33075480-33076342,3.57079993695718,0.000177946329445943,0.0208326523805285
chr17,35890900,36090169,199270,*,0.0748771315017288,CCL3,chr17-35890453-35891346,3.57006495395868,0.000178446360624737,0.0208786526357368
chr12,124852996,124989122,136127,*,0.0700329997830336,DHX37,chr12-124852700-124853292,3.5696695468301,0.000178715911370591,0.0208976471144714
chr7,47888693,48171458,282766,*,0.0990841695846431,ABCA13,chr7-47888290-47889096,3.56952819726253,0.00017881236233388,0.0209024357474317
chr19,38335775,38675917,340143,*,0.0530117261192504,CATSPERG,chr19-38675331-38676503,3.56945241021071,0.000178864096255585,0.0209024357474317
chr3,131027649,131361817,334169,*,0.0603959540875417,ASTE1,chr3-131361375-131362258,3.56916285068399,0.000179061884938219,0.0209192789831988
chr6,3385756,3457022,71267,*,0.0755242674857966,SLC22A23,chr6-3385321-3386190,3.56868863938309,0.000179386245056205,0.0209446200681796
chr16,29790719,29805950,15232,*,0.0880016281158032,KIF22,chr16-29805452-29806447,3.56874474654189,0.000179347839169699,0.0209446200681796
chr6,26043657,26285513,241857,*,0.0509370844059576,HIST1H2BB,chr6-26285055-26285970,3.56809907933108,0.000179790269803648,0.0209792266577348
chr17,29390464,29779518,389055,*,0.0554415012826786,TAOK1,chr17-29779105-29779931,3.56813537813889,0.000179765369714955,0.0209792266577348
chr19,38737114,39125770,388657,*,0.0874011741276788,PAK4,chr19-38736690-38737537,3.56781490612981,0.00017998531711475,0.0209957019293296
chr5,141636950,141970652,333703,*,0.0636893797725216,RELL2,chr5-141970282-141971022,3.56723390077498,0.000180384716427187,0.0210359983453699
chr1,153506990,153774354,267365,*,0.0684924037280391,SLC27A3,chr1-153506513-153507466,3.56658790110819,0.000180829767590799,0.0210815928692608
chr17,63699621,63741970,42350,*,0.0665062522956846,STRADA,chr17-63699280-63699961,3.56634811860272,0.00018099522304943,0.0210945739002291
chr1,32247233,32338366,91134,*,0.186047101539783,FAM167B,chr1-32337970-32338762,3.56616320804911,0.000181122912257384,0.0210977625263005
chr10,95711779,95793810,82032,*,0.0690006628871833,ENTPD1,chr10-95793398-95794222,3.56615176530971,0.000181130816760021,0.0210977625263005
chr9,37465399,37633500,168102,*,0.0751945941215307,ZBTB5,chr9-37633040-37633960,3.56520066908656,0.000181788951039588,0.0211680962188427
chr1,22122553,22143969,21417,*,0.0648079350616413,WNT4,chr1-22122097-22123009,3.5651025461234,0.000181856976712459,0.0211696942625576
chr4,108763054,108830932,67879,*,0.154807079502771,ETNPPL,chr4-108830496-108831368,3.56451221259495,0.00018226673964102,0.0212023712362995
chr8,138832383,138914006,81624,*,0.296999311389402,COL22A1,chr8-138831945-138832821,3.56438489141752,0.00018235522904926,0.0212023712362995
chr17,3696404,3711229,14826,*,0.0561484744142182,P2RX5,chr17-3710770-3711687,3.56445333101208,0.000182307657899837,0.0212023712362995
chr1,31065991,31102810,36820,*,0.0771101912805186,PUM1,chr1-31102302-31103318,3.56358769647715,0.000182910200762598,0.0212605568240014
chr19,18303529,18522127,218599,*,0.0624650894662004,ELL,chr19-18303148-18303910,3.56324669480626,0.000183148072860299,0.0212818606559562
chr7,130853720,131057309,203590,*,0.27196248310704,AC016831.7,chr7-131056887-131057730,3.56312106964041,0.00018323577792633,0.0212857075375851
chr19,8503112,8640476,137365,*,0.091139598155563,PRAM1,chr19-8640020-8640932,3.56302852513277,0.000183300412886056,0.0212868729712406
chr7,100612102,100889858,277757,*,0.10520634677768,MOSPD3,chr7-100889429-100890287,3.56288467600584,0.000183400922351619,0.0212922026148372
chr17,30921968,30968785,46818,*,0.0971269094853295,RNF135,chr17-30921567-30922368,3.56119433294413,0.000184585856171685,0.0214106412377994
chr3,179432166,179451590,19425,*,0.111748247695794,GNB4,chr3-179431731-179432601,3.56088554578298,0.00018480308825883,0.0214181771777158
chr7,130672354,131110096,437743,*,0.333244742294282,MKLN1,chr7-130671896-130672811,3.56096284204546,0.000184748687843156,0.0214181771777158
chr3,136862153,136946230,84078,*,0.0646097913487586,IL20RB,chr3-136861719-136862587,3.55938957458785,0.00018585889349777,0.0215161348909753
chr9,136966139,137459334,493196,*,0.0583884343228526,NSMF,chr9-136965717-136966560,3.55935738473258,0.000185881673847524,0.0215161348909753
chr14,101722207,101761798,39592,*,0.0900603981254949,PPP2R5C,chr14-101721747-101722666,3.55908139197476,0.000186077097559109,0.0215323623145187
chr2,177240014,177618966,378953,*,0.0812584364877638,TTC30A,chr2-177239574-177240453,3.55899527235379,0.00018613811605904,0.021533031697878
chr9,115118248,115118257,10,*,0.184225746376922,TNC,chr9-115117971-115118525,3.55882458155619,0.000186259111218996,0.0215406369109902
chr6,4706159,4776180,70022,*,0.0729975059412768,CDYL,chr6-4775765-4776595,3.5585122584848,0.000186480693605545,0.0215598669524048
chr11,75351705,75352177,473,*,0.0748239633471393,ARRB1,chr11-75351667-75352687,3.55754493395876,0.000187168541338196,0.0216329766314196
chr1,192545151,192809039,263889,*,0.088420466631629,RGS2,chr1-192544730-192545572,3.55734891177471,0.000187308218014495,0.021642704033606
chr4,3955739,4248212,292474,*,0.154250023629396,TMEM128,chr4-3955285-3956193,3.55654467918358,0.000187882298914203,0.0217026044433481
chr6,26043657,26043769,113,*,0.0644245489625584,HIST1H2BB,chr6-26043306-26044231,3.55644223493144,0.000187955544110408,0.0217046341180482
chr10,102395710,102743970,348261,*,0.0533449085015924,WBP1L,chr10-102395309-102396110,3.55603104125467,0.000188249806441251,0.0217321775364924
chr4,150828356,151099573,271218,*,-0.0525718945673015,RPS3A,chr4-150827956-150828755,-3.55591025023727,0.000188336329855274,0.021735729682279
chr2,108640613,109129348,488736,*,0.162460858221791,SH3RF3,chr2-108640170-108641055,3.55540328622573,0.000188699877136855,0.0217712413440536
chr9,83980533,83980711,179,*,0.0879953274248378,RMI1,chr9-83980098-83980967,3.55509436695308,0.000188921726736183,0.0217877663165216
chr12,92145897,92406175,260279,*,0.0583845734560463,BTG1,chr12-92405687-92406662,3.55504823096203,0.000188954880098497,0.0217877663165216
chr4,74099293,74099319,27,*,0.131946411808997,CXCL2,chr4-74098870-74099767,3.55488375489621,0.000189073116995842,0.0217949535207164
chr5,172175468,172188386,12919,*,0.0648815435666312,STK10,chr5-172175095-172175841,3.55472007034072,0.000189190853554317,0.0218020788175754
chr11,73264505,73459620,195116,*,0.116821978107857,P2RY6,chr11-73459195-73460045,3.55437803887769,0.000189437094384539,0.0218240041725773
chr17,7435443,7845048,409606,*,0.0543043254428819,TMEM102,chr17-7844662-7845433,3.55392460697812,0.00018976399824542,0.0218487519917228
chr17,1645747,2083751,438005,*,0.105324038200163,SCARF1,chr17-2083298-2084203,3.55343395751599,0.000190118328212109,0.0218766264728888
chr7,134744252,134891520,147269,*,0.351188644867234,CALD1,chr7-134891078-134891962,3.55297325897832,0.000190451591491218,0.021902045382311
chr17,10064009,10198551,134543,*,0.107529464328967,GAS7,chr17-10063602-10064416,3.55301390559769,0.000190422166312792,0.021902045382311
chr6,32437524,32439842,2319,*,0.128661403176727,HLA-DRA,chr6-32437103-32437945,3.55221592442878,0.000191000624164587,0.0219522332935768
chr4,152634154,152779764,145611,*,0.112687760288256,TIGD4,chr4-152633554-152634754,3.55155895819944,0.000191478092274731,0.0220006239992598
chr7,141015015,141074232,59218,*,0.362285602099452,TMEM178B,chr7-141014560-141015469,3.55132064249598,0.000191651570263473,0.0220011036426253
chr13,110528479,110561733,33255,*,0.151295765819095,RAB20,chr13-110528053-110528905,3.55141643999808,0.000191581818402366,0.0220011036426253
chr19,2269759,2749309,479551,*,0.0717299804333285,JSRP1,chr19-2748853-2749764,3.55139112527534,0.000191600248194359,0.0220011036426253
chr11,60188706,60378482,189777,*,0.141638148966163,MS4A7,chr11-60188251-60189160,3.55116090223989,0.00019176793276634,0.022007981196592
chr7,2631951,2641645,9695,*,0.0891437316993218,TTYH3,chr7-2641235-2642055,3.5509906808601,0.000191892002893214,0.022012131392
chr19,47330887,47332147,1261,*,0.142557296096593,C5AR2,chr19-47330469-47331304,3.55095636859217,0.000191917021334784,0.022012131392
chr4,80266592,80266599,8,*,0.130911033860801,FGF5,chr4-80266129-80267055,3.55043361816715,0.000192298556705505,0.0220494049790454
chr7,76359239,76409695,50457,*,0.0701701886647556,SSC4D,chr7-76358792-76359685,3.55004373804161,0.000192583576549234,0.0220755932034319
chr9,117704332,117783076,78745,*,0.131439344957176,TLR4,chr9-117782620-117783531,3.54993064069624,0.000192666329621527,0.0220785872826606
chr17,74512804,74712978,200175,*,0.166330294338299,CD300LF,chr17-74512342-74513266,3.54973831361219,0.000192807131226336,0.0220882297157948
chr7,130266827,130421651,154825,*,0.130527862749308,CPA2,chr7-130421322-130421979,3.54956810975188,0.000192931816742325,0.0220960207463657
chr19,46634380,47048630,414251,*,0.103354580682219,TMEM160,chr19-46633934-46634826,3.54930775964985,0.000193122686104022,0.0221113848525772
chr2,63840882,63840940,59,*,0.0579243387333142,UGP2,chr2-63840455-63841309,3.54836838877954,0.000193812831088436,0.0221513690488094
chr12,16347659,16610594,262936,*,0.1148723339899,LMO3,chr12-16347231-16348086,3.54840608526884,0.000193785091579218,0.0221513690488094
chr12,104750362,104986310,235949,*,0.0898523393983422,C12orf45,chr12-104749905-104750818,3.54859868873145,0.000193643419420648,0.0221513690488094
chr14,75284257,75578617,294361,*,0.166977737425274,FLVCR2,chr14-75283765-75284748,3.5483889311372,0.000193797714236096,0.0221513690488094
chr12,10613600,11031407,417808,*,0.0506493023111026,TAS2R31,chr12-10613159-10614041,3.54800619221804,0.000194079547865926,0.0221674559104234
chr14,24094053,24365728,271676,*,0.0632684637775046,PCK2,chr14-24365308-24366147,3.54794564661915,0.000194124166294351,0.0221674559104234
chr15,77820900,77994296,173397,*,0.111692395547169,LINGO1,chr15-77993824-77994768,3.54805588950725,0.000194042931144636,0.0221674559104234
chr6,26233863,26234933,1071,*,0.0678259937275431,HIST1H1D,chr6-26233452-26234274,3.54780877006551,0.000194225071333019,0.0221724838973119
chr7,142783523,143279957,496435,*,0.136087461202271,TMEM139,chr7-142783088-142783957,3.54751832246111,0.000194439350924443,0.0221799332685085
chr9,92764812,93120058,355247,*,0.0896990770273674,BICD2,chr9-93119598-93120518,3.54754340328484,0.000194420838674094,0.0221799332685085
chr19,38579626,38647649,68024,*,0.0689202384510762,ACTN4,chr19-38579261-38579991,3.54741205444637,0.000194517806022631,0.0221799332685085
chr8,1755778,1763713,7936,*,0.112360015624122,CLN8,chr8-1763298-1764127,3.54642767752829,0.000195245955108864,0.0222499345486995
chr17,47733200,47896150,162951,*,0.0601307422178008,SP2,chr17-47732746-47733653,3.54558907590369,0.000195868281782145,0.0223143312067015
chr7,151057210,151251964,194755,*,0.364027917343372,SLC4A2,chr7-151251510-151252418,3.54547807700307,0.000195950792886108,0.0223172096138578
chr3,112677004,112990918,313915,*,0.0574035218601176,GTPBP8,chr3-112676546-112677461,3.54470612559412,0.000196525522466911,0.0223731531057063
chr11,78418348,78424902,6555,*,0.115720690557704,GAB2,chr11-78424439-78425364,3.54466421753207,0.000196556768689256,0.0223731531057063
chr19,47290023,47330887,40865,*,0.122144820728369,C5AR1,chr19-47330469-47331304,3.54453437145245,0.000196653610072976,0.0223776424968388
chr7,150716557,151080905,364349,*,-0.0904328376052507,GIMAP1,chr7-151080453-151081357,-3.54419305276455,0.000196908383938417,0.0224000955048613
chr2,8678845,8685131,6287,*,0.122931553657664,ID2,chr2-8684783-8685478,3.54383944015154,0.000197172659731553,0.0224236160273237
chr6,32628179,32666694,38516,*,0.149827343584449,HLA-DQA1,chr6-32666256-32667132,3.54370613868765,0.000197272369851111,0.0224284129283159
chr20,38144294,38166578,22285,*,0.110205141561278,TGM2,chr20-38143803-38144785,3.5435738134772,0.000197371396324495,0.0224331293294161
chr17,35448837,35890900,442064,*,0.0610422241029925,SLFN13,chr17-35890453-35891346,3.54317787247048,0.000197667978955065,0.0224537461921882
chr2,96145440,96145475,36,*,0.0640442961785716,DUSP2,chr2-96145044-96145905,3.54305148035775,0.000197762741575174,0.0224579668886003
chr9,131698304,132079908,381605,*,-0.0535099032362147,MED27,chr9-131697840-131698768,-3.54284442708692,0.000197918071712825,0.0224690611803693
chr2,46379666,46698952,319287,*,0.0693849338057942,SOCS5,chr2-46379236-46380096,3.54269414354354,0.000198030884923834,0.022475323595146
chr1,160024661,160262531,237871,*,0.0830172696713574,DCAF8,chr1-160024214-160025107,3.54224520670482,0.000198368245848404,0.022489648935942
chr5,69308196,69332809,24614,*,0.0726856150393533,CCDC125,chr5-69307741-69308651,3.54229847382515,0.000198328189342151,0.022489648935942
chr7,140673153,141128672,455520,*,0.233768223876721,ADCK2,chr7-141128214-141129130,3.54221913193588,0.000198387856649971,0.022489648935942
chr1,38005590,38005606,17,*,0.0764758277817559,FHL3,chr1-38005132-38006047,3.54191530640426,0.000198616497018303,0.0225024814285323
chr17,4987565,5419641,432077,*,0.0627204126277803,RPAIN,chr17-4987173-4987957,3.54196273900856,0.00019858078595371,0.0225024814285323
chr14,105065445,105070261,4817,*,0.0735717980156625,GPR132,chr14-105069855-105070666,3.54173819322338,0.000198749895048367,0.0225110529007542
chr17,67245989,67435239,189251,*,0.0706252121999478,HELZ,chr17-67434797-67435681,3.5405574898243,0.000199641318027681,0.0225988870835446
chr11,66336840,66347856,11017,*,0.12611891555394,RIN1,chr11-66347406-66348306,3.53999258833827,0.00020006913461862,0.0226407408619269
chr15,69072926,69491010,418085,*,0.128442078710129,EWSAT1,chr15-69490546-69491474,3.53945232495532,0.000200479093193534,0.0226782394488691
chr16,57542421,57609816,67396,*,0.0551758071983016,ADGRG5,chr16-57609361-57610270,3.53940263135855,0.000200516840699167,0.0226782394488691
chr3,123201876,123201927,52,*,0.0658119043772916,SEC22A,chr3-123201420-123202331,3.53916766420923,0.000200695412864645,0.0226918526960869
chr1,228735077,229027742,292666,*,0.139165080173082,RHOU,chr1-229027306-229028178,3.53899421363454,0.000200827328487949,0.0227001843043445
chr19,20565796,20923222,357427,*,0.0692321912473441,ZNF85,chr19-20565388-20566204,3.53888169981514,0.000200912942749337,0.0227032790019462
chr5,76716085,76850001,133917,*,0.0804224534448965,S100Z,chr5-76715642-76716527,3.53823224622095,0.000201407793205252,0.022746011296829
chr2,8678845,8681922,3078,*,0.0662739357438717,ID2,chr2-8681483-8682361,3.53760117138317,0.000201889730530533,0.0227806411654961
chr9,98975156,99377240,402085,*,0.0969362606988543,NAMA,chr9-98974548-98975764,3.53732113084701,0.000202103935948197,0.0227919666498048
chr12,8066471,8066503,33,*,0.0706236907439378,C3AR1,chr12-8066072-8066934,3.536952443193,0.000202386272076485,0.0228168574151422
chr2,151261879,151357605,95727,*,0.0947164943337671,RBM43,chr2-151357186-151358023,3.5367566923608,0.0002025363251768,0.0228271730103573
chr6,26045411,26055381,9971,*,0.0510829861615692,HIST1H3C,chr6-26054978-26055783,3.53610715241319,0.000203034975909697,0.0228767605284241
chr7,134986563,135211534,224972,*,0.32100091412454,WDR91,chr7-134986133-134986992,3.5355194204436,0.000203487164859502,0.0229144651053745
chr16,88968235,89088375,120141,*,0.0521242684225271,ACSF3,chr16-88967734-88968735,3.53541861441001,0.000203564817408435,0.0229165900075984
chr7,157138913,157336969,198057,*,0.249344032111943,UBE3C,chr7-157336552-157337386,3.53443793079542,0.000204321700007717,0.0229885204592809
chr21,42022248,42315651,293404,*,0.0864154074344213,TFF3,chr21-42021769-42022726,3.53430305601458,0.000204426000508233,0.022993619489364
chr19,40777526,40778216,691,*,0.0635591633255195,RAB4B,chr19-40777336-40777716,3.53405581078683,0.000204617327757772,0.02300701593914
chr10,19816239,20003879,187641,*,0.189916368761065,PLXDC2,chr10-20003487-20004271,3.53352822413384,0.000205026152675599,0.0230411806494343
chr16,89358664,89490917,132254,*,0.0565181242611517,SPG7,chr16-89358191-89359137,3.53308365929202,0.000205371236487872,0.0230733104574265
chr5,147531088,148025683,494596,*,0.140612423759102,SPINK5,chr5-147530561-147531615,3.53300166243542,0.000205434943997081,0.0230738184347883
chr7,130822971,130853720,30750,*,0.269582978594253,AC016831.7,chr7-130822568-130823373,3.53285091502227,0.000205552115459348,0.0230803292960996
chr7,150903875,151085831,181957,*,0.25450104506443,AGAP3,chr7-150903449-150904300,3.53268104772708,0.00020568422303208,0.0230885130197243
chr16,88977204,89241083,263880,*,0.0577551691404751,CBFA2T3,chr16-89240669-89241496,3.53249324612093,0.000205830370608198,0.0230982675999848
chr19,55339853,55504027,164175,*,0.0716134759410323,KMT5C,chr19-55503558-55504495,3.53204544951658,0.000206179238246394,0.0231307592485851
chr6,31180731,31665948,485218,*,0.0546413501511835,POU5F1,chr6-31665494-31666402,3.53185143494598,0.000206330561776299,0.0231361185385219
chr9,113150942,113188295,37354,*,0.192409147115524,SLC31A2,chr9-113187828-113188761,3.53159610420018,0.00020652986753705,0.0231501098099638
chr7,129611714,129611824,111,*,0.202841955533212,NRF1,chr7-129611377-129612271,3.53145799913831,0.000206637744334326,0.0231555440943448
chr1,156500828,156816839,316012,*,0.0654466557268122,MEF2D,chr1-156816381-156817296,3.5311673207236,0.000206864971395511,0.023167688258685
chr14,81485669,81533861,48193,*,0.0599004612414544,SEL1L,chr14-81485243-81486095,3.53121467002438,0.000206827941933126,0.023167688258685
chr8,27837835,27838095,261,*,0.107978925778062,PBK,chr8-27837375-27838295,3.53088290202149,0.000207087531026796,0.0231859529425211
chr17,40058290,40069147,10858,*,0.13795724170137,THRA,chr17-40068720-40069574,3.53077619372704,0.000207171088691993,0.0231886486559721
chr14,105586116,105917979,331864,*,0.0807782375006499,FAM30A,chr14-105585674-105586557,3.52998864700304,0.000207788749668987,0.0232444360504889
chr7,130205416,130266827,61412,*,0.111303167978197,CPA2,chr7-130204965-130205866,3.529749225652,0.000207976864841332,0.0232559863763716
chr7,133253061,133253073,13,*,0.248309208060754,EXOC4,chr7-133252635-133253487,3.52967481949621,0.000208035358710298,0.0232559863763716
chr14,91416177,91867536,451360,*,0.0517246258117149,TC2N,chr14-91415730-91416623,3.52955369228872,0.000208130614867079,0.0232559863763716
chr17,4643790,5123116,479327,*,0.0694058328579989,ZNF232,chr17-4643341-4644238,3.52955394771265,0.000208130413955225,0.0232559863763716
chr3,55488543,55490539,1997,*,0.0976694879480659,WNT5A,chr3-55488099-55488987,3.529194733741,0.000208413144249972,0.0232676078475909
chr19,45645629,45692424,46796,*,0.0560998469993099,EML2,chr19-45691984-45692863,3.52900501657596,0.000208562611627211,0.0232775697876013
chr7,75842602,76291955,449354,*,0.149259126431019,RHBDD2,chr7-76291519-76292391,3.52862155864935,0.000208865022050522,0.0232979818530587
chr14,49688422,49892954,204533,*,0.0732239067110067,POLE2,chr14-49892504-49893403,3.52802082098735,0.000209339611467731,0.0233375654017494
chr6,26124145,26158005,33861,*,0.0603984496934234,HIST1H2AC,chr6-26157570-26158440,3.5278723448186,0.000209457064399894,0.0233439838394589
chr8,21616606,22089159,472554,*,0.0789616483957524,FAM160B2,chr8-21616158-21617053,3.52736440841838,0.000209859335969403,0.0233821325654026
chr7,129368112,129434433,66322,*,0.25347641178436,STRIP2,chr7-129367675-129368548,3.52626179246338,0.00021073506155104,0.0234451905209169
chr9,136791355,137150967,359613,*,0.103826107286466,TMEM141,chr9-137150521-137151412,3.52620061031645,0.000210783753755022,0.0234451905209169
chr17,78817310,78980109,162800,*,-0.0766434532318641,LGALS3BP,chr17-78816859-78817761,-3.52648977692988,0.000210553711131284,0.0234451905209169
chr22,43015145,43377152,362008,*,-0.0560134110163481,PACSIN2,chr22-43376567-43377737,-3.5261976299652,0.000210786125955013,0.0234451905209169
chr6,42984464,43182175,197712,*,0.0526627179184312,CUL9,chr6-42984018-42984910,3.52588755638889,0.000211033064183778,0.0234642372047056
chr8,132276577,132480953,204377,*,0.133682896028072,KCNQ3,chr8-132276144-132277009,3.52575598228781,0.000211137929558158,0.0234642372047056
chr17,72030291,72120910,90620,*,0.115987818436494,LINC01152,chr17-72120461-72121359,3.5258264330431,0.000211081773818989,0.0234642372047056
chr22,37561974,37905657,343684,*,0.077413319863075,MICALL1,chr22-37561529-37562418,3.5256749800806,0.000211202513017171,0.023464725592696
chr7,130893399,131110096,216698,*,0.298042321612677,MKLN1,chr7-130893018-130893780,3.52494181860107,0.00021178790596276,0.0235163596455124
chr7,131057309,131110096,52788,*,0.289480107719193,MKLN1,chr7-131056887-131057730,3.5243996246963,0.000212221794959291,0.0235578277928443
chr6,30066709,30103443,36735,*,0.060302164499963,PPP1R11,chr6-30103054-30103831,3.52428000600971,0.000212317631137543,0.023558600054842
chr8,22666856,22669148,2293,*,0.190905214543854,BIN3,chr8-22666403-22667309,3.52424010116478,0.000212349611115795,0.023558600054842
chr16,55444892,55508998,64107,*,0.175961501195867,LPCAT2,chr16-55444406-55445378,3.52416168912212,0.00021241246409243,0.0235588688339579
chr3,38327764,38453851,126088,*,0.113293691563164,ACVR2B,chr3-38327304-38328223,3.523751901411,0.000212741221569141,0.0235819137649056
chr10,93427383,93566665,139283,*,0.0709353511930929,FFAR4,chr10-93426999-93427766,3.52355501370416,0.00021289934619129,0.0235927333460395
chr15,64894818,64990310,95493,*,-0.0512576572001115,SPG21,chr15-64894509-64895127,-3.52242331718053,0.000213810365560924,0.0236802268848459
chr7,140479569,140485248,5680,*,0.300606718633912,MKRN1,chr7-140484801-140485694,3.52202255969694,0.000214133848402744,0.0237039054083121
chr11,108593738,108648036,54299,*,0.0958326953663217,EXPH5,chr11-108647649-108648422,3.52200780699524,0.000214145765182878,0.0237039054083121
chr8,38974164,38996736,22573,*,0.0944048214940789,HTRA4,chr8-38996291-38997181,3.52177825780446,0.000214331267774033,0.0237177046279427
chr19,35280716,35300018,19303,*,0.0521344869466292,HAMP,chr19-35299550-35300485,3.52169902553451,0.000214395331536972,0.0237180615182609
chr1,160575242,160579516,4275,*,0.0873975627858268,CD84,chr1-160574779-160575704,3.52151089510449,0.000214547517241178,0.0237281641678036
chr19,17555594,18017585,461992,*,0.144704387840065,COLGALT1,chr19-18017168-18018002,3.52137885412903,0.000214654390330146,0.0237332511001101
chr6,144064599,144150377,85779,*,0.0812623036640996,PLAGL1,chr6-144149941-144150813,3.52100801016003,0.000214954814874833,0.0237536561338838
chr6,159725585,159984193,258609,*,0.0531060570795825,WTAP,chr6-159983800-159984585,3.52100062375401,0.000214960802664452,0.0237536561338838
chr11,64166106,64371557,205452,*,0.080312886576448,MACROD1,chr11-64371122-64371991,3.52064755419742,0.00021524720017817,0.0237718276158243
chr15,90762200,90883695,121496,*,0.105499542252938,FES,chr15-90761761-90762638,3.52054618547057,0.000215329492698506,0.0237741810783058
chr5,177510943,177511274,332,*,0.126093972047473,DOK3,chr5-177510509-177511376,3.52011319373043,0.000215681332134911,0.0238062850213645
chr17,17952275,18183078,230804,*,0.0566360992665188,ALKBH5,chr17-17951796-17952753,3.51987788234487,0.000215872765954668,0.0238206706914687
chr1,53328070,53600626,272557,*,0.0684696589971716,LRP8,chr1-53600142-53601110,3.51952342859488,0.000216161425608385,0.0238390280328939
chr8,13559227,13566843,7617,*,0.131792550017726,C8orf48,chr8-13558723-13559731,3.51925397987269,0.000216381100009806,0.0238565058260811
chr13,33105599,33350630,245032,*,0.120672408049842,STARD13,chr13-33105151-33106047,3.51899639161812,0.000216591299732329,0.0238661818494199
chr16,27313668,27318741,5074,*,0.0857208479331012,IL4R,chr16-27318262-27319220,3.51878208786922,0.000216766323262463,0.02387871846751
chr17,75405709,75571370,165662,*,0.101735755813217,GRB2,chr17-75570912-75571828,3.51869938030774,0.000216833906474034,0.0238794158493545
chr22,39244751,39292716,47966,*,0.168251317833919,PDGFB,chr22-39292288-39293143,3.51731288346319,0.000217969794100734,0.0239909543110557
chr22,30266147,30356947,90801,*,-0.0534032011685319,SF3A1,chr22-30265707-30266587,-3.51693896330475,0.00021827707789322,0.0240179947419779
chrX,23783141,23783173,33,*,0.146922066799523,SAT1,chrX-23782711-23783570,3.5162619187344,0.000218834495520023,0.0240725354817923
chr12,7479897,7555998,76102,*,0.0930291584722513,CD163L1,chr12-7555546-7556450,3.51616959155761,0.000218910612294654,0.0240741156627068
chr7,129925571,130207770,282200,*,0.272112310912587,TMEM209,chr7-129925136-129926006,3.51596948209907,0.000219075672251114,0.024085473485178
chr10,88879734,89084359,204626,*,0.0533651330697156,STAMBPL1,chr10-89083917-89084800,3.51584984427707,0.00021917441079657,0.0240895354941822
chr4,70226071,70704670,478600,*,0.123981083035413,FDCSP,chr4-70704288-70705051,3.51542148048381,0.000219528285390573,0.0241093784437161
chr17,45221444,45247837,26394,*,0.0606007852551039,FMNL1,chr17-45247393-45248280,3.51540677479433,0.000219540443336712,0.0241093784437161
chr22,39244751,39283830,39080,*,0.130692434052591,PDGFB,chr22-39283446-39284214,3.51540673582831,0.000219540475552754,0.0241093784437161
chr9,129081100,129488683,407584,*,0.0955183587180461,DOLPP1,chr9-129488226-129489139,3.51529751016684,0.000219630797683255,0.0241125051361341
chr1,30435799,30723587,287789,*,0.0776633470748416,MATN1,chr1-30435331-30436266,3.51479933379295,0.000220043195450278,0.0241500345197898
chr14,103523111,103529179,6069,*,0.0615895122352514,CKB,chr14-103528733-103529625,3.51473496860265,0.000220096530603442,0.0241500345197898
chr11,111793975,112260860,466886,*,0.0741987243693137,PLET1,chr11-111793525-111794424,3.51465157121811,0.000220165654417743,0.0241508218081221
chr11,118338802,118436490,97689,*,0.0761257830248604,KMT2A,chr11-118338344-118339260,3.51436213496586,0.000220405710518327,0.0241703536025291
chr5,157859175,157861401,2227,*,0.0712620548982977,CLINT1,chr5-157861024-157861778,3.51399460775492,0.000220710886730952,0.0241970136709323
chr18,59899948,59909649,9702,*,0.20050331331629,PMAIP1,chr18-59909199-59910099,3.51387153177533,0.000220813170993865,0.0242014215176554
chr8,144509074,144800540,291467,*,0.0902232583418822,MFSD3,chr8-144800288-144800792,3.51378319653395,0.000220886610683091,0.0242026663710018
chr2,112434488,112750162,315675,*,0.0657372869431433,RGPD8,chr2-112749696-112750627,3.51328494780586,0.000221301269241727,0.0242412875572986
chr1,203305491,203765105,459615,*,0.0766995161846329,BTG2,chr1-203764687-203765523,3.51317824294351,0.000221390166860558,0.0242442132952028
chr1,155983733,156337314,353582,*,0.069372481175771,TSACC,chr1-155983253-155984213,3.5130205238161,0.000221521626370523,0.0242517969906771
chr11,915110,1389899,474790,*,0.0654988813181814,BRSK2,chr11-914693-915526,3.5128449605927,0.000221668044694884,0.0242610136329
chr6,26020354,26197250,176897,*,0.0501793077827377,HIST1H3D,chr6-26019988-26020720,3.5125422797144,0.000221920690265047,0.0242818481451612
chr7,129502479,129925571,423093,*,0.185843650839725,SMKR1,chr7-129925136-129926006,3.51239247476301,0.000222045830794592,0.024288723688814
chr1,46203334,46206044,2711,*,0.0875732626024719,LURAP1,chr1-46205542-46206545,3.51189487712808,0.000222461975084524,0.0243274182077565
chr7,130853720,130893399,39680,*,0.299860065690481,AC016831.7,chr7-130893018-130893780,3.51181589762101,0.000222528093085054,0.0243278244939412
chr1,232524119,232950605,426487,*,0.0511785394246045,NTPCR,chr1-232523664-232524574,3.51173296376284,0.000222597541227593,0.0243285945171459
chr22,50307627,50470063,162437,*,-0.0806763341466913,PLXNB2,chr22-50469610-50470515,-3.51165492149066,0.000222662911670063,0.0243289185651338
chr20,38304949,38446578,141630,*,0.127498816872515,SNHG11,chr20-38304503-38305395,3.51089062883002,0.000223304052765388,0.0243866126339235
chr14,105486317,105858321,372005,*,0.0659163752345994,CRIP1,chr14-105857878-105858764,3.51060773249043,0.000223541802222536,0.0244017898014413
chr16,67873023,68057762,184740,*,0.0610471998212753,EDC4,chr16-68057343-68058180,3.5105620542232,0.000223580212928876,0.0244017898014413
chr1,230426371,230426431,61,*,0.0838291321154816,PGBD5,chr1-230425937-230426924,3.50949417280878,0.000224479948205524,0.0244846480430434
chr8,58790999,59119208,328210,*,0.0584589982869411,TOX,chr8-58790572-58791425,3.50943929424861,0.000224526276881346,0.0244846480430434
chr1,156248117,156581930,333814,*,0.0695331533793712,PAQR6,chr1-156581472-156582387,3.50853301719423,0.000225292650858353,0.0245611830319996
chr1,43295602,43358955,63354,*,0.0779434682344382,CDC20,chr1-43295070-43296133,3.50776949689533,0.000225940199627719,0.0246180096996271
chr19,18023971,18397617,373647,*,0.132065147195891,LRRC25,chr19-18023497-18024444,3.50777668246745,0.000225934097388043,0.0246180096996271
chr7,87217073,87220587,3515,*,0.0609651378123357,TMEM243,chr7-87216697-87217449,3.50767260926383,0.000226022495020554,0.0246198419042012
chr8,28316986,28701584,384599,*,0.0675284542937768,PNOC,chr8-28701202-28701965,3.50760102159957,0.000226083318841613,0.0246198419042012
chr17,38752736,38899010,146275,*,-0.0500511285779674,PSMB3,chr17-38898576-38899444,-3.50740131999114,0.000226253074284087,0.0246314475051103
chr6,2765414,2875300,109887,*,0.0529440033032302,WRNIP1,chr6-2874971-2875629,3.50706182462222,0.000226541933796924,0.0246560094848125
chr10,45374176,45672752,298577,*,0.132111858005941,ALOX5,chr10-45672287-45673216,3.50691573107667,0.000226666343322719,0.0246626646042558
chr15,50262690,50355408,92719,*,0.0594298127807774,GABPB1,chr15-50262255-50263125,3.50657738102328,0.000226954718437916,0.0246733828478691
chr7,139340359,139341737,1379,*,0.283767663569513,LUC7L2,chr7-139341329-139342144,3.50593169407445,0.000227505986552927,0.0247195272769319
chr6,33009612,33073718,64107,*,0.0968105854849939,HLA-DOA,chr6-33073286-33074149,3.50537293636974,0.000227984045358942,0.0247645684177415
chr6,43076268,43224546,148279,*,0.0657652409008662,PTK7,chr6-43224113-43224978,3.50503525142782,0.000228273414236093,0.0247890938960361
chr7,139036029,139109579,73551,*,0.186997436730076,ZC3HAV1L,chr7-139109127-139110030,3.50493185297381,0.000228362086922586,0.0247918174076702
chr1,160862855,161071932,209078,*,0.0515274964868289,CD244,chr1-161071422-161072441,3.50483126635879,0.000228448379067581,0.0247942810345921
chr19,17334829,17561415,226587,*,0.0616284396382805,ANO8,chr19-17560882-17561947,3.50465894425127,0.000228596283017606,0.0247991085205856
chr19,54364965,54643889,278925,*,0.200757336772128,LILRB4,chr19-54364582-54365347,3.50413753737782,0.00022904435058564,0.0248382192390856
chr19,51142299,51417668,275370,*,0.127171250300727,SIGLEC7,chr19-51417222-51418113,3.50400504058398,0.000229158341346798,0.0248436701030956
chr8,57994509,58172895,178387,*,0.0975053705806078,FAM110B,chr8-58172436-58173353,3.50389383104235,0.000229254058939311,0.0248471374438722
chr6,26027303,26216975,189673,*,0.0644303492860252,HIST1H2AE,chr6-26026848-26027757,3.50357470901744,0.000229528933109221,0.0248700149056409
chr2,86808396,86808474,79,*,0.095331720643435,CD8A,chr2-86808074-86808873,3.50307033119487,0.000229964003641243,0.0249102324944556
chr8,93741017,93754894,13878,*,0.0737815755556748,RBM12B,chr8-93754463-93755324,3.50289310216904,0.000230117061977923,0.0249198880128381
chr16,69311279,69424525,113247,*,0.0580325614963408,CYB5B,chr16-69310845-69311713,3.50260754903072,0.000230363871037078,0.0249396878232566
chr17,7932101,8039030,106930,*,0.0655085812010988,CNTROB,chr17-8038672-8039388,3.50242224892019,0.000230524161599417,0.02495011256187
chr19,57320509,57727587,407079,*,0.0671325661667132,ZNF543,chr19-57727159-57728015,3.50219517938536,0.000230720725956919,0.0249575295382233
chr22,29883155,30271029,387875,*,0.0746770469702869,MTMR3,chr22-30270590-30271468,3.50225359308893,0.000230670144783813,0.0249575295382233
chr1,32818153,33099534,281382,*,0.0578376652558063,YARS,chr1-33099083-33099984,3.50179988609511,0.0002310632875433,0.0249852453470098
chr17,7558292,7579433,21142,*,0.118415505141965,TNFSF13,chr17-7578975-7579890,3.50175164731726,0.000231105123793946,0.0249852453470098
chr5,129094645,129460265,365621,*,0.0939846092013268,ADAMTS19,chr5-129094208-129095082,3.50151189365024,0.000231313160857409,0.0250008035449356
chr10,22635262,22714555,79294,*,0.0768279315926911,PIP4K2A,chr10-22634860-22635663,3.50127099752004,0.000231522365221113,0.0250164792478329
chr7,99929457,100177372,247916,*,0.0714199399716242,GPC2,chr7-99929032-99929881,3.500719064679,0.000232002352767654,0.0250544546346746
chr1,205750276,206203183,452908,*,0.0686188147349117,NUCKS1,chr1-206202741-206203625,3.50048267620538,0.000232208211480042,0.025062800570852
chr7,139340359,139646569,306211,*,0.276016285660271,LUC7L2,chr7-139646166-139646971,3.50054405507103,0.000232154743369891,0.025062800570852
chr7,149126346,149126357,12,*,0.175908341680071,ZNF425,chr7-149125908-149126805,3.50035276227257,0.000232321419478951,0.0250637778117314
chr15,31326644,31326855,212,*,0.0588030623665964,KLF13,chr15-31326194-31327094,3.50032473815799,0.000232345846658725,0.0250637778117314
chr6,26056428,26233863,177436,*,0.0630412211810761,HIST1H1C,chr6-26233452-26234274,3.50021446283651,0.000232441991255503,0.025067213049776
chr5,140323181,140346631,23451,*,0.0962277481965959,HBEGF,chr5-140322807-140323555,3.49994433550018,0.000232677661213598,0.0250787535469847
chr19,2692162,2721418,29257,*,0.160745176427481,DIRAS1,chr19-2691733-2692590,3.50000417593316,0.000232625434797553,0.0250787535469847
chr3,12287368,12682168,394801,*,0.139148855282935,PPARG,chr3-12681739-12682596,3.49983702835067,0.000232771342142681,0.0250819163286369
chr1,229271062,229448652,177591,*,0.0610265320616809,RAB4A,chr1-229448169-229449134,3.49936802585448,0.000233181202297546,0.0251121983641169
chr19,54617158,54671105,53948,*,0.16059114579284,LILRB1,chr19-54670665-54671545,3.49868524463562,0.000233779086893259,0.0251696339639632
chr6,27890822,27893106,2285,*,0.0537498295431999,HIST1H3J,chr6-27890364-27891279,3.49750232730031,0.000234818307523889,0.0252745408130324
chr7,130676023,130853720,177698,*,0.250010133551614,AC016831.7,chr7-130675587-130676458,3.49699651695863,0.000235263987826824,0.0253085364741344
chr7,158587788,158856505,268718,*,0.283949265137374,PTPRN2,chr7-158856046-158856963,3.49700467503486,0.000235256793314579,0.0253085364741344
chr18,32773062,32919999,146938,*,0.122904961404814,KLHL14,chr18-32919646-32920352,3.49681772511562,0.000235421713818104,0.0253185175104594
chr6,32666694,32941070,274377,*,0.127567215928359,HLA-DMB,chr6-32666256-32667132,3.49596815226792,0.000236172536101297,0.025385259317387
chr6,27865355,27893223,27869,*,0.0790291036438735,HIST1H2AL,chr6-27892776-27893670,3.49571434869154,0.000236397271655897,0.0253969250863759
chr7,148697914,149090817,392904,*,0.276867857997654,CUL1,chr7-149090366-149091268,3.49569844671484,0.0002364113590246,0.0253969250863759
chr4,184826115,184826818,704,*,0.18074609230621,ACSL1,chr4-184825657-184826572,3.4953674697173,0.000236704745375774,0.0254116527630399
chr7,130207770,130672354,464585,*,0.321605956415045,TMEM209,chr7-130671896-130672811,3.49543582935728,0.000236644121852299,0.0254116527630399
chr5,68215720,68434415,218696,*,0.0851081007809788,PIK3R1,chr5-68433969-68434861,3.49513662524325,0.000236909572749341,0.0254154294869224
chr5,135399914,135456514,56601,*,0.140411701039522,H2AFY,chr5-135456055-135456973,3.49514121306272,0.000236905500385759,0.0254154294869224
chr7,2679522,3092702,413181,*,0.056457368671052,AMZ1,chr7-3092266-3093137,3.49470948465696,0.000237289008943728,0.0254491319710399
chr5,159761061,160188578,427518,*,0.0808908060442334,AC008691.1,chr5-160188126-160189029,3.49420572179219,0.000237737238518521,0.0254901919446981
chr8,55879813,55978824,99012,*,0.170378963557955,LYN,chr8-55978369-55979278,3.49372778316426,0.000238163220628289,0.0255288446214957
chr17,1628886,1736879,107994,*,0.118413517669779,SLC43A2,chr17-1736451-1737307,3.49354460417171,0.000238326674956106,0.0255393432888917
chr2,98731126,98749237,18112,*,0.212890374342923,MGAT4A,chr2-98748820-98749653,3.49305258485075,0.000238766231915667,0.0255653647472635
chr7,140485248,140924764,439517,*,0.289150559768096,BRAF,chr7-140484801-140485694,3.49306834753821,0.000238752138233412,0.0255653647472635
chr19,14206187,14348473,142287,*,0.101425739947734,ADGRL1,chr19-14348065-14348880,3.49259664720607,0.000239174229396374,0.0256020185828213
chr1,156510932,156641390,130459,*,0.133919955628857,BCAN,chr1-156510480-156511383,3.492204305256,0.000239525838499323,0.0256326179496674
chr6,96521898,96837463,315566,*,0.0575532599836234,GPR63,chr6-96521498-96522298,3.49199695068318,0.00023971186025037,0.0256384494217633
chr6,142819863,142945201,125339,*,0.050690769563167,HIVEP2,chr6-142819415-142820311,3.49205047277744,0.000239663831658822,0.0256384494217633
chr22,24588619,24593208,4590,*,0.133523098262788,LRRC75B,chr22-24588161-24589076,3.49187606894199,0.000239820367737938,0.0256430197485931
chr3,114237578,114295243,57666,*,0.0605765835898894,ZNF80,chr3-114294854-114295631,3.49143229364118,0.000240219108199043,0.0256715734017581
chr8,22245104,22393119,148016,*,0.125622792003456,POLR3D,chr8-22392701-22393536,3.49060483905077,0.000240964243623575,0.0257344454608577
chr17,36066698,36090169,23472,*,0.0640561420283345,CCL3,chr17-36066239-36067157,3.49067117268347,0.000240904429790719,0.0257344454608577
chr19,11736824,11965037,228214,*,0.0606860770376325,ZNF763,chr19-11736396-11737251,3.49055913957211,0.000241005459450231,0.0257344454608577
chr6,26216774,26251651,34878,*,0.0502064840575503,HIST1H2BH,chr6-26216342-26217206,3.49032996036999,0.000241212252685697,0.0257494740235554
chr3,28252212,28574791,322580,*,-0.0544751321881428,RBMS3,chr3-28251760-28252664,-3.48922807006478,0.0002422088242642,0.0258487803331637
chr10,80078646,80448800,370155,*,0.0737014048586875,TMEM254,chr10-80448341-80449259,3.48914895365556,0.000242280526276685,0.0258493562479524
chr1,203600176,204073115,472940,*,0.19790071299225,SOX13,chr1-203599728-203600624,3.48904379552312,0.000242375860154723,0.0258524524850996
chr7,151028422,151251964,223543,*,0.302405985416262,ABCB8,chr7-151251510-151252418,3.48880487794793,0.000242592587237165,0.0258684916082011
chr6,33580293,33788319,208027,*,0.0519413118970436,BAK1,chr6-33787955-33788683,3.48868671253527,0.00024269984431886,0.0258728519845218
chr18,63155414,63320128,164715,*,0.0676797049018516,BCL2,chr18-63154954-63155874,3.48791050537913,0.000243405496794284,0.0259338944346119
chr7,112080797,112206411,125615,*,0.170002817586206,DOCK4,chr7-112080324-112081269,3.4873928644595,0.000243877148843234,0.0259606499449971
chr7,149028641,149126357,97717,*,0.267916260758136,PDIA4,chr7-149125908-149126805,3.48750341024511,0.000243776352781909,0.0259606499449971
chr14,76826246,76832846,6601,*,0.0874789664836291,ANGEL1,chr14-76832330-76833362,3.48721513611464,0.000244039283693382,0.0259606499449971
chr16,84515022,84618077,103056,*,0.084639778373625,COTL1,chr16-84514556-84515488,3.48726049271333,0.000243997897032355,0.0259606499449971
chr18,12839677,12929643,89967,*,0.0594836262012328,PTPN2,chr18-12839244-12840109,3.48719664315111,0.000244056159897639,0.0259606499449971
chr19,51417803,51427420,9618,*,0.156584886035512,SIGLEC10,chr19-51426989-51427851,3.48740907293005,0.000243862367467868,0.0259606499449971
chr4,77511753,77862019,350267,*,0.054674476260471,CXCL13,chr4-77861691-77862347,3.48702411107045,0.000244213660701567,0.0259703175264123
chr19,17951293,18387118,435826,*,0.0737229041450193,KCNN1,chr19-18386714-18387522,3.486555759413,0.000244641686829405,0.0260087403582813
chr1,202967280,203466106,498827,*,0.133650272354307,CYB5R1,chr1-203465650-203466561,3.48638715073943,0.000244795949321322,0.0260180453748136
chr17,7294711,7484263,189553,*,0.082988279176407,ZBTB4,chr17-7294208-7295214,3.48623459494639,0.000244935602965996,0.0260257930464703
chr10,102461395,102534509,73115,*,0.11358807742299,MFSD13A,chr10-102534056-102534961,3.48612132886217,0.000245039337817516,0.0260297209609902
chr2,95991831,96158040,166210,*,0.053885188541369,ANKRD36C,chr2-96157603-96158476,3.48582404975392,0.000245311796082806,0.0260397468108191
chr6,31945650,32437524,491875,*,0.0865840514792071,CFB,chr6-32437103-32437945,3.48589103310761,0.000245250380752425,0.0260397468108191
chr5,40410471,40841184,430714,*,0.0849652813595904,CARD6,chr5-40410057-40410885,3.4856625999459,0.000245459884247323,0.0260460062040249
chr6,158650014,159045098,395085,*,0.0833929909599059,SYTL3,chr6-159044655-159045540,3.48552892429993,0.000245582559931468,0.0260519325590211
chr15,82648861,82850870,202010,*,0.152786463072763,CPEB1,chr15-82850449-82851291,3.48539597163419,0.000245704628836919,0.0260577913387733
chr9,113349541,113523648,174108,*,0.0680906264319516,BSPRY,chr9-113523228-113524068,3.48510297504415,0.000245973839931697,0.026079247605399
chr8,22999581,23243637,244057,*,0.0508464501087088,CHMP7,chr8-22999159-23000002,3.48461640686479,0.000246421516200647,0.0261125090877561
chr16,89363819,89720400,356582,*,0.0570588918157418,ZNF276,chr16-89363396-89364241,3.48452100831198,0.000246509378483379,0.0261147212555713
chr6,26322544,26596952,274409,*,0.0574320876584805,ABT1,chr6-26322097-26322991,3.48376481896418,0.000247206864799281,0.026174386381241
chr7,134891520,135148072,256553,*,0.304915166507284,TMEM140,chr7-134891078-134891962,3.4831737022034,0.000247753374154469,0.0262251285421852
chr6,26233863,26271815,37953,*,0.0530096242934141,HIST1H3G,chr6-26233452-26234274,3.48299897840858,0.000247915128361854,0.0262312141009746
chr11,122838462,123063230,224769,*,-0.0581335261423087,HSPA8,chr11-122838036-122838888,-3.48292829390511,0.000247980593991352,0.0262312141009746
chr13,48233158,48403400,170243,*,0.0537214808528862,ITM2B,chr13-48402964-48403836,3.48276977195633,0.000248127470348672,0.0262362328642176
chr1,161132688,161182420,49733,*,0.0797969040730627,DEDD,chr1-161181992-161182848,3.48236982414344,0.000248498397131266,0.0262683289366644
chr11,72989922,73376264,386343,*,0.0687644004810038,RELT,chr11-72989496-72990347,3.48191463963361,0.00024892118156369,0.0262987589363056
chr17,47733200,47821834,88635,*,0.0604196939824468,OSBPL7,chr17-47732746-47733653,3.48134176697388,0.000249454230313226,0.0263407991863683
chr9,87494987,87497228,2242,*,0.0890170361001184,DAPK1,chr9-87494442-87495531,3.4811298367438,0.000249651697520143,0.0263545122073173
chr11,6481479,6735456,253978,*,0.0826995678845484,ARFIP2,chr11-6735058-6735854,3.4808076539545,0.000249952172396374,0.0263790888773879
chr14,65410592,65638020,227429,*,0.0697855036439421,FUT8,chr14-65637558-65638482,3.48040825844578,0.000250325125663699,0.0264059692926095
chr3,131381671,131386731,5061,*,0.0707883128193608,NUDT16,chr3-131386275-131387187,3.48000367222689,0.000250703454934821,0.0264226124123412
chr8,30083165,30083208,44,*,0.0634848325285791,SARAF,chr8-30082724-30083606,3.47987927443046,0.000250819886641294,0.0264277390396977
chr19,544034,888868,344835,*,0.0510059758294446,GZMM,chr19-888409-889326,3.47917456856304,0.000251480417394469,0.0264687212964547
chr19,49560524,49928702,368179,*,0.114627541684358,ATF5,chr19-49560072-49560976,3.47929303020213,0.00025136926835214,0.0264687212964547
chr20,46205941,46513559,307619,*,0.0725610483280925,ZNF334,chr20-46205308-46206573,3.47924215380935,0.0002514169985501,0.0264687212964547
chr16,25257713,25257931,219,*,0.0664128551384738,ZKSCAN2,chr16-25257290-25258135,3.47901569538366,0.000251629555320932,0.0264772700137587
chr10,5978187,6192532,214346,*,0.106249484509881,IL15RA,chr10-6192072-6192992,3.47883594708651,0.00025179838862287,0.0264807405992455
chr1,150067608,150236156,168549,*,0.0735203575381461,ANP32E,chr1-150067210-150068006,3.47847290965903,0.000252139703152236,0.0265011604481959
chr7,140485248,140690777,205530,*,0.235245934157834,NDUFB2,chr7-140484801-140485694,3.47853199440835,0.000252084124457734,0.0265011604481959
chr12,55729241,55842966,113726,*,0.0730709133861667,MMP19,chr12-55728839-55729642,3.47841255514516,0.000252196488059076,0.0265011604481959
chr17,67996431,68436409,439979,*,0.0892461461719444,C17orf58,chr17-68435930-68436888,3.47803920478076,0.000252548022070618,0.0265309489356709
chr1,169485979,169486003,25,*,0.250304544671528,SLC19A2,chr1-169485531-169486426,3.47788422682982,0.00025269407816608,0.026539141099462
chr8,25184723,25243851,59129,*,0.223669455369933,DOCK5,chr8-25243378-25244323,3.47778486080899,0.000252787765256651,0.0265418302884018
chr12,111766874,111766887,14,*,0.10755013341305,ALDH2,chr12-111766380-111767368,3.4776019981912,0.000252960261613212,0.0265527904982321
chr1,112466384,112850643,384260,*,0.0849473521173034,LINC01356,chr1-112465938-112466830,3.47686771603348,0.000253654023802466,0.0265608574350688
chr1,230191331,230426371,235041,*,0.0717903113275451,PGBD5,chr1-230190884-230191778,3.47697438549493,0.000253553130690178,0.0265608574350688
chr3,45146422,45548150,401729,*,0.124210447161714,CDCP1,chr3-45547746-45548554,3.47721498950307,0.000253325693184137,0.0265608574350688
chr3,46979683,47038133,58451,*,0.056212853935779,NBEAL2,chr3-47037677-47038589,3.47723932456292,0.000253302700398516,0.0265608574350688
chr7,1044576,1160347,115772,*,0.0544072333289333,GPR146,chr7-1159911-1160783,3.47676501359569,0.000253751200076467,0.0265608574350688
chr7,131076998,131558217,481220,*,0.113806441620776,PODXL,chr7-131076560-131077436,3.477416470374,0.000253135384222523,0.0265608574350688
chr13,20525857,20526102,246,*,0.0774324504974142,CRYL1,chr13-20525669-20526535,3.47678232847398,0.000253734814436902,0.0265608574350688
chr17,20927717,21214624,286908,*,0.0728513037343676,TMEM11,chr17-20927271-20928162,3.47672766290089,0.000253786549628144,0.0265608574350688
chr22,37984546,37987422,2877,*,0.30872138439835,SOX10,chr22-37984114-37984977,3.47679064669051,0.000253726942985419,0.0265608574350688
chr14,94385064,94390693,5630,*,0.161166946918466,SERPINA1,chr14-94384618-94385509,3.476277749113,0.000254212719185395,0.0265983191089277
chr16,89602668,89912119,309452,*,0.0544028039005413,MC1R,chr16-89602193-89603142,3.47611897669485,0.000254363271566788,0.0266069305465134
chr15,40108892,40479377,370486,*,0.0522652029318629,BMF,chr15-40478956-40479797,3.47576354963549,0.00025470059864637,0.0266350691479304
chr10,92574175,92689951,115777,*,0.0768539927914748,HHEX,chr10-92573721-92574628,3.47561955940514,0.000254837374887854,0.0266422258714883
chr9,127396973,127397138,166,*,0.0684026834369552,SLC2A8,chr9-127396519-127397426,3.47550606600507,0.000254945230456554,0.0266463560278682
chr19,54415219,54420585,5367,*,0.165933366280864,TTYH1,chr19-54420180-54420990,3.47502890676239,0.00025539915232041,0.0266866444198382
chr17,1717174,2083751,366578,*,0.0917059377276081,MIR22HG,chr17-2083298-2084203,3.47466498233307,0.00025574586013668,0.0267157114324772
chr2,46916157,47175838,259682,*,0.0645582148930147,TTC7A,chr2-47175506-47176170,3.47356301170145,0.000256798375974241,0.0268123173658623
chr2,158795317,159227837,432521,*,0.11041364965556,DAPL1,chr2-159227338-159228336,3.47355273879382,0.000256808206817279,0.0268123173658623
chr14,102592492,102592661,170,*,0.0783695350591604,RCOR1,chr14-102592051-102592933,3.47304694274573,0.000257292671479845,0.026848517816317
chr17,62899468,63009556,110089,*,0.158983942255181,TANC2,chr17-62899028-62899908,3.47228607969224,0.000258023050824333,0.026909582464834
chr2,240705606,240998838,293233,*,0.0619078948241157,SNED1,chr2-240705197-240706014,3.47192253090149,0.000258372716038608,0.0269251858040853
chr6,26032060,26240335,208276,*,0.0547180671943569,HIST1H3B,chr6-26239884-26240786,3.47163818714473,0.000258646508743807,0.0269403095960454
chr6,85593943,85594156,214,*,0.0575170505747605,SNX14,chr6-85593503-85594382,3.47162828215942,0.000258656051060397,0.0269403095960454
chr11,9566139,9573681,7543,*,0.137143964898331,WEE1,chr11-9565698-9566579,3.47141174213125,0.000258864744543611,0.0269548446553996
chr16,1379384,1414751,35368,*,0.0538821608544081,UNKL,chr16-1378998-1379770,3.47108537678357,0.000259179580259627,0.026973218826315
chr16,27313668,27383993,70326,*,0.0801547958521293,IL4R,chr16-27383542-27384443,3.4711034732565,0.000259162113745907,0.026973218826315
chr19,2381349,2819874,438526,*,0.0631737847069539,ZNF554,chr19-2380905-2381793,3.47058644422212,0.000259661576753908,0.027016168940663
chr2,60780954,60881521,100568,*,0.11476707990613,REL,chr2-60780484-60781424,3.47027441657026,0.000259963437231565,0.0270403591066169
chr6,90296908,90414091,117184,*,0.0643069541668919,BACH2,chr6-90413657-90414525,3.46948030817054,0.000260733146258572,0.0271131871259528
chr10,124093607,124222606,129000,*,0.10786428632691,CHST15,chr10-124222200-124223012,3.46858128648459,0.000261607108294402,0.0271919351785094
chr2,234951879,234951973,95,*,0.0968843262140463,SH3BP4,chr2-234951434-234952323,3.46783750749656,0.000262332217825559,0.0272358827653075
chr17,7579433,8039017,459585,*,0.139811686491751,ALOX15B,chr17-7578975-7579890,3.46711200452091,0.00026304131428665,0.0273022317511392
chr3,154060757,154121332,60576,*,0.136593134311953,ARHGEF26-AS1,chr3-154060314-154061199,3.4663184640044,0.000263818954818672,0.0273756580180913
chr8,28402701,28494188,91488,*,0.0812010783996903,ZNF395,chr8-28493738-28494637,3.46622764087911,0.000263908094647702,0.0273776206797754
chr17,7558292,8039030,480739,*,0.121807945391003,TNFSF13,chr17-8038672-8039388,3.46612330405264,0.000264010532360067,0.0273809614423083
chr7,140225719,140404433,178715,*,0.319623949322589,SLC37A3,chr7-140225258-140226179,3.46578185982194,0.000264346020802811,0.0274084640696855
chr3,38165089,38165227,139,*,0.069250229800081,OXSR1,chr3-38164808-38165646,3.46557495246059,0.000264549512361102,0.0274222697402287
chr7,151080866,151249693,168828,*,0.309911615255869,FASTK,chr7-151249294-151250092,3.46322340718318,0.000266872516229527,0.0276483614661476
chr8,28600469,28622585,22117,*,0.0924692708622498,EXTL3,chr8-28622125-28623044,3.4623339529654,0.000267756118508432,0.0277178062434279
chr22,17742526,18110331,367806,*,0.0542673925409107,TUBA8,chr22-17742040-17743012,3.46237950945827,0.000267710795589698,0.0277178062434279
chr19,35495554,35718019,222466,*,0.0698906966157655,KMT2B,chr19-35495051-35496057,3.46079618194179,0.000269290205561589,0.0278470358670018
chr20,38805705,38840975,35271,*,0.0553904250356881,PPP1R16B,chr20-38840536-38841413,3.46080827953977,0.000269278105051301,0.0278470358670018
chr14,61187559,61342652,155094,*,0.0592550829312688,PRKCH,chr14-61342220-61343084,3.46059041704426,0.000269496097601124,0.0278609367918306
chr3,183516489,183697818,181330,*,0.0678826510941217,YEATS2,chr3-183516035-183516943,3.45953864648001,0.000270550810889308,0.0279371222644038
chr4,87391386,87851514,460129,*,0.0675847711335894,HSD17B11,chr4-87851039-87851988,3.45954291579029,0.000270546521871212,0.0279371222644038
chr6,2881407,3367865,486459,*,0.0721964956026455,SERPINB9P1,chr6-3367410-3368320,3.45956478772312,0.000270524549967604,0.0279371222644038
chr6,26043769,26056428,12660,*,0.0679837491538111,HIST1H1C,chr6-26043306-26044231,3.4597768486875,0.000270311605911821,0.0279371222644038
chr19,49961172,50329301,368130,*,0.0846827159811239,SIGLEC11,chr19-50328833-50329768,3.45949831031429,0.000270591336379931,0.0279371222644038
chr1,247360365,247416156,55792,*,0.0939572781178237,NLRP3,chr1-247359957-247360773,3.45934290135917,0.000270747527651397,0.0279458472729554
chr19,49057730,49362457,304728,*,0.108660191156589,TEAD2,chr19-49057305-49058155,3.45925961432894,0.000270831268508031,0.0279470915008981
chr1,152224193,152461723,237531,*,0.0955702314579984,HRNR,chr1-152461290-152462156,3.45910986675447,0.000270981892748408,0.0279552349435703
chr7,140626661,140673993,47333,*,0.173822012229865,DENND2A,chr7-140626202-140627120,3.45892182073114,0.000271171150186794,0.0279673585297942
chr2,230319397,230415942,96546,*,0.06187587571735,SP100,chr2-230318927-230319867,3.4586915073588,0.000271403115041162,0.0279764799590235
chr7,99446442,99735196,288755,*,0.0714070388906178,CYP3A7,chr7-99445969-99446915,3.45809781592243,0.000272001916330607,0.028023385593372
chr10,24723668,24901289,177622,*,0.0748910182388561,ARHGAP21,chr10-24900912-24901666,3.45796288349115,0.000272138181661623,0.0280300170137772
chr7,134212965,134317051,104087,*,0.282740386287436,SLC35B4,chr7-134212506-134213424,3.45757483590651,0.000272530417012255,0.0280630026764558
chr7,99358288,99558406,200119,*,0.0984088522613939,ZNF655,chr7-99357840-99358736,3.45685283387725,0.000273261612744206,0.0281308651311208
chr2,239240722,239401654,160933,*,0.0764357998396578,HDAC4,chr2-239240268-239241176,3.45668068073202,0.000273436227650201,0.0281339826397166
chr19,7629565,7654603,25039,*,0.0942268488734739,XAB2,chr19-7654154-7655052,3.456697495607,0.00027341916774594,0.0281339826397166
chr19,42113877,42313325,199449,*,0.0883271487892141,TMEM145,chr19-42113512-42114242,3.45647607945617,0.000273643889867699,0.0281416991742552
chr7,131057309,131328222,270914,*,0.244824107969249,MKLN1-AS,chr7-131056887-131057730,3.4557689124395,0.000274362768462957,0.028206981542938
chr11,2992377,3014545,22169,*,0.0608114513478263,NAP1L4,chr11-3014082-3015008,3.45515911890044,0.0002749840731325,0.0282634038699845
chr11,118928360,119067692,139333,*,0.0553928800490548,VPS11,chr11-118927953-118928767,3.45495524645787,0.000275192086264786,0.0282773287333947
chr17,16217191,16589469,372279,*,0.0540255147852388,PIGL,chr17-16589003-16589935,3.4543592498071,0.00027580102861738,0.0283324328349257
chr2,108448561,108591323,142763,*,0.0619284341936728,GCC2,chr2-108590834-108591811,3.45393234120836,0.000276237981415721,0.0283549050897529
chr16,88651325,88706421,55097,*,0.0524824661428365,RNF166,chr16-88650915-88651734,3.45400301307857,0.000276165602284939,0.0283549050897529
chr19,51736219,51752026,15808,*,0.132601049052558,FPR2,chr19-51735752-51736686,3.45406943719013,0.000276097589633259,0.0283549050897529
chr15,74873266,75346955,473690,*,0.0628203940625655,NEIL1,chr15-74872814-74873717,3.45363959804773,0.000276537984772097,0.0283782275439251
chr6,26027303,26197250,169948,*,0.0739412483356723,HIST1H3D,chr6-26026848-26027757,3.45345517216423,0.000276727140315591,0.0283901655542931
chr4,25861830,26142206,280377,*,-0.0510192097019605,SMIM20,chr4-26141701-26142710,-3.45300107631739,0.000277193395407906,0.0284305181758913
chr12,109374124,109714228,340105,*,0.135897185507867,FAM222A,chr12-109373669-109374579,3.45276733388832,0.000277433681888913,0.0284476790509617
chr7,130668617,130668748,132,*,0.313592733495683,COPG2,chr7-130668164-130669069,3.45195577252066,0.000278269471487436,0.0285258769388167
chr1,158930796,158978989,48194,*,0.055685263569212,PYHIN1,chr1-158978545-158979432,3.45164892419595,0.000278586090953948,0.028550826690478
chr17,18039292,18153996,114705,*,0.0743359512226779,GID4,chr17-18153545-18154447,3.45145230290614,0.000278789149722269,0.0285641281465246
chr6,27867499,27893106,25608,*,0.0557393548025799,HIST1H3J,chr6-27867070-27867927,3.45137758084474,0.00027886635436388,0.0285645312615521
chr5,150777946,151152026,374081,*,0.12279676452043,SMIM3,chr5-151151575-151152476,3.45080276496425,0.000279460934193208,0.0286114579502391
chr11,118051764,118225094,173331,*,0.0707948507847262,JAML,chr11-118051313-118052215,3.45072191733936,0.00027954465626048,0.0286114579502391
chr1,160523262,160756483,233222,*,0.0841705781805943,SLAMF6,chr1-160756029-160756936,3.45046626087752,0.000279809556046616,0.0286242794581238
chr3,184361651,184561594,199944,*,0.14223532313498,CLCN2,chr3-184561148-184562040,3.45045929784761,0.000279816774096092,0.0286242794581238
chr19,43636489,43901385,264897,*,0.0630656383883839,ZNF404,chr19-43636054-43636924,3.44924072055879,0.000281082655825698,0.0287462317783211
chrX,153972327,154030342,58016,*,0.0922314158545878,TMEM187,chrX-154029932-154030751,3.44893487536197,0.000281401209999324,0.0287712626594956
chr5,135393467,135399914,6448,*,0.103826353362106,H2AFY,chr5-135393044-135393890,3.44876019269004,0.000281583302194879,0.0287747872941751
chr7,130266827,130441151,174325,*,0.108336293314991,CPA2,chr7-130440705-130441597,3.44850229355121,0.000281852341268507,0.0287918432833535
chr2,96870757,96952293,81537,*,0.152085497846888,SEMA4C,chr2-96951964-96952621,3.4472056258194,0.000283208649855658,0.0289029996239602
chr7,155297541,155299156,1616,*,0.152705845922928,AC144652.1,chr7-155298782-155299529,3.44648111939291,0.000283969124673165,0.0289585553110907
chr10,133379234,133394204,14971,*,0.0524958331340454,PAOX,chr10-133393748-133394660,3.44647302619474,0.000283977630390932,0.0289585553110907
chr21,45923337,46324122,400786,*,0.0626107641998355,PCNT,chr21-45922907-45923766,3.44632548671329,0.000284132731721513,0.0289594022815936
chr4,6575175,6909646,334472,*,0.0888317608024043,MAN2B2,chr4-6909178-6910114,3.44617398843861,0.000284292076833549,0.0289605003234159
chr5,170358177,170389677,31501,*,0.116154463728812,KCNMB1,chr5-170357708-170358645,3.44622368859631,0.000284239793291612,0.0289605003234159
chr12,104750362,104958744,208383,*,0.0993460598706225,SLC41A2,chr12-104749905-104750818,3.44603947814943,0.000284433623808571,0.028967350341959
chr11,118304545,118316868,12324,*,0.0784414484805949,CD3E,chr11-118316431-118317304,3.4450635361349,0.000285462587815313,0.0290569610404636
chr7,1177257,1571005,393749,*,0.0901022576078668,PSMG3,chr7-1176895-1177618,3.4445550506045,0.000286000071329706,0.0290964769853937
chr3,122723140,123201927,478788,*,0.0513414254002021,SEC22A,chr3-122722770-122723510,3.44399442516485,0.000286593760363442,0.0291264730618375
chr7,151249693,151520120,270428,*,0.296316306315687,RHEB,chr7-151249294-151250092,3.44401329138876,0.000286573762835024,0.0291264730618375
chr13,30713478,30744481,31004,*,0.0771240860541174,ALOX5AP,chr13-30744035-30744927,3.44382802436104,0.000286770195596098,0.0291368085205968
chr7,105876604,106285147,408544,*,0.110095782227934,ATXN7L1,chr7-106284697-106285596,3.44371450474497,0.000286890618788361,0.029141449066149
chr11,1571920,1889394,317475,*,0.0859512923590787,DUSP8,chr11-1888964-1889824,3.44337272494996,0.000287253467922852,0.0291707056464338
chr12,674573,752593,78021,*,0.0748563167625133,WNK1,chr12-674129-675017,3.44290164030594,0.000287754293457454,0.0292139548992124
chr15,90883695,90884394,700,*,0.106131670684216,FES,chr15-90883945-90884843,3.44264204026047,0.000288030630133795,0.0292343965683208
chr2,111898479,111958015,59537,*,0.184233976359702,MERTK,chr2-111957629-111958400,3.44231863155524,0.000288375234924471,0.029261754837526
chr1,205450032,205568885,118854,*,0.0673745802368454,MFSD4A,chr1-205449576-205450488,3.44167892941669,0.000289057993819016,0.0293234028119519
chr6,32623126,32969094,345969,*,0.0592093932473434,HLA-DMA,chr6-32622730-32623522,3.44155418124305,0.00028919131373059,0.0293234203462161
chr6,163399145,163413960,14816,*,0.0858850357803069,CAHM,chr6-163398732-163399557,3.44152602085171,0.000289221417007725,0.0293234203462161
chr9,128026514,128068206,41693,*,0.0549359665777554,NAIF1,chr9-128026095-128026932,3.4414676568239,0.00028928381706788,0.0293234203462161
chr1,75724347,75841651,117305,*,0.0904779146865844,ACADM,chr1-75841176-75842126,3.44121530272461,0.000289553766442888,0.0293360550781655
chr15,72182856,72272999,90144,*,0.0648462046838382,PARP6,chr15-72182437-72183275,3.4412104491915,0.000289558960684518,0.0293360550781655
chr7,130668748,130676023,7276,*,0.264984446441779,COPG2,chr7-130675587-130676458,3.44098522003956,0.00028980009592791,0.029352857105141
chr7,74851551,75092936,241386,*,0.0663669819235428,GTF2IRD2,chr7-75092501-75093371,3.43962007134827,0.00029126565940461,0.0294859776292407
chr7,76409695,76797970,388276,*,0.05600732635815,SSC4D,chr7-76797574-76798366,3.43968066511089,0.000291200462539912,0.0294859776292407
chr17,50161697,50478800,317104,*,0.086455428738125,RSAD1,chr17-50161214-50162180,3.43953156042249,0.000291360918628899,0.0294879638757304
chr10,73917235,74151063,233829,*,0.057747486279928,AP3M1,chr10-73916727-73917742,3.43935036376505,0.000291556020656722,0.0295000513275537
chr7,150903875,151083546,179672,*,0.201581519857433,TMUB1,chr7-150903449-150904300,3.43926466478133,0.000291648338701817,0.0295017353761237
chr19,54415219,54671105,255887,*,0.12831197169586,TTYH1,chr19-54670665-54671545,3.4391716854662,0.000291748530163476,0.0295042147811391
chr6,26103876,26272913,169038,*,0.0602810624392311,HIST1H4C,chr6-26272462-26273364,3.43907566114041,0.000291852036463724,0.0295070280392779
chr2,74472632,74473322,691,*,0.100384850791912,MRPL53,chr2-74472208-74473056,3.43892459814114,0.000292014939112202,0.0295158434126964
chr11,470066,798333,328268,*,0.078400931199777,SLC25A22,chr11-469697-470434,3.43876316528178,0.000292189117930151,0.0295257936763362
chr6,131063322,131063348,27,*,0.165452409109474,EPB41L2,chr6-131062853-131063843,3.43864283391918,0.000292319012988994,0.0295312650561766
chr7,129502479,129949163,446685,*,0.173242786726136,SMKR1,chr7-129948743-129949582,3.43834149824549,0.000292644534139155,0.0295537838800016
chr22,50403777,50530056,126280,*,0.097463852440067,TYMP,chr22-50403320-50404234,3.43829616611964,0.000292693533855633,0.0295537838800016
chr2,86826230,86861924,35695,*,0.0844671013902279,CD8B,chr2-86825772-86826688,3.43773982710167,0.000293295505815407,0.0296068978594376
chr7,140316329,140479569,163241,*,0.337456802824243,MKRN1,chr7-140315870-140316787,3.43722068200351,0.00029385827244711,0.0296560277582322
chr7,134891520,135211534,320015,*,0.320605199509575,WDR91,chr7-134891078-134891962,3.43705456577533,0.000294038558892364,0.0296645541019109
chr8,47738233,47739086,854,*,0.128568447044071,CEBPD,chr8-47737776-47738690,3.43691528489753,0.000294189800205861,0.0296645541019109
chr17,43530837,43579620,48784,*,0.149415639384122,ETV4,chr17-43530415-43531259,3.43674722131817,0.000294372392284037,0.0296695103093889
chr7,139341737,139777778,436042,*,0.307240497785498,HIPK2,chr7-139341329-139342144,3.43643203102566,0.000294715114146232,0.0296887019845315
chr8,29806608,30095398,288791,*,0.0513148928105966,LEPROTL1,chr8-29806155-29807060,3.43648206631198,0.000294660683534777,0.0296887019845315
chr5,170232447,170435196,202750,*,0.0523800260954705,C5orf58,chr5-170434769-170435623,3.43578867028515,0.00029541582502117,0.0297439179277255
chr7,101017394,101165593,148200,*,0.145996117398658,VGF,chr7-101016958-101017830,3.43536387703859,0.000295879334684222,0.0297752066043659
chr7,150481703,150632648,150946,*,0.0500554832509289,GIMAP6,chr7-150481260-150482145,3.43511144732204,0.000296155091875376,0.0297952657749159
chr1,228140123,228458107,317985,*,0.0571005983111424,HIST3H2BB,chr1-228139668-228140577,3.43401383490663,0.000297356920570225,0.0299084598034426
chr1,113784185,113871759,87575,*,0.0574067710549244,PTPN22,chr1-113783819-113784551,3.43373044156509,0.000297667958132249,0.0299270824859592
chr22,37199385,37561974,362590,*,0.0641589352729138,C1QTNF6,chr22-37561529-37562418,3.43370526783647,0.000297695602127345,0.0299270824859592
chr16,30382525,30748270,365746,*,0.0708388206904649,PHKG2,chr16-30382087-30382962,3.43292700599792,0.000298551413669597,0.0299899164447101
chr7,150716557,151086282,369726,*,-0.0964952060387974,GIMAP1,chr7-151085835-151086729,-3.43246900012131,0.000299056127231896,0.0300328772059786
chr18,11981025,12407924,426900,*,0.106929413576879,IMPA2,chr18-12407482-12408366,3.43224417445614,0.00029930417123882,0.0300469500537699
chr19,19821739,20167228,345490,*,0.0683834593838058,ZNF486,chr19-19821298-19822179,3.43211040527757,0.000299451845963081,0.0300493953802829
chr6,26234933,26285513,50581,*,0.0675141468288538,HIST1H1D,chr6-26285055-26285970,3.43114446718006,0.000300520209642208,0.0301488432242496
chr1,198556928,198638671,81744,*,0.0596822797886089,PTPRC,chr1-198556391-198557464,3.43094074315906,0.00030074598856999,0.0301614732472251
chr2,215754696,215843722,89027,*,0.106721691326087,LINC00607,chr2-215754257-215755135,3.43089127383094,0.000300800837202865,0.0301614732472251
chr6,45741856,46129993,388138,*,0.075798587539365,ENPP4,chr6-45741450-45742261,3.43074717507135,0.000300960658352406,0.0301619831825198
chr7,130207770,130676023,468254,*,0.260566262489705,TMEM209,chr7-130675587-130676458,3.43054462690877,0.000301185439851088,0.030176753044674
chr8,38996736,38996869,134,*,0.134390776992461,ADAM9,chr8-38996291-38997181,3.4300058811084,0.000301784083531136,0.0302289641656682
chr5,140273634,140633701,360068,*,0.124393219844489,CD14,chr5-140273197-140274070,3.42957812809466,0.000302260182708694,0.0302688766373876
chr19,2269759,2681703,411945,*,0.0807063979539954,JSRP1,chr19-2681291-2682115,3.4292271607738,0.000302651339573517,0.0303002645185965
chr7,141586260,141738321,152062,*,0.228863920121951,SSBP1,chr7-141585822-141586698,3.42899346029059,0.000302912062515507,0.0303185811029
chr1,18907649,18956686,49038,*,0.104389517015854,IFFO2,chr1-18907212-18908085,3.42876301112822,0.000303169362864671,0.0303365458037777
chr21,33266155,33642400,376246,*,0.172506140554678,ITSN1,chr21-33265677-33266632,3.42837016351868,0.000303608452761186,0.0303726873302166
chr7,135148039,135510127,362089,*,0.214440127720523,CNOT4,chr7-135147794-135148283,3.42828444922188,0.000303704335150088,0.0303744849838205
chr1,202809470,202927228,117759,*,0.0619280193323348,KDM5B,chr1-202926773-202927683,3.42812547572173,0.00030388224191978,0.0303844831436035
chr17,39767405,39864188,96784,*,0.0625845722208426,IKZF3,chr17-39766920-39767889,3.42785146318784,0.000304189116200771,0.0304073680331033
chr17,63699621,63701172,1552,*,0.055466669169812,LIMD2,chr17-63699280-63699961,3.42762865279232,0.000304438860347546,0.0304245318083085
chr17,35880793,36088705,207913,*,0.0856031688545818,CCL5,chr17-36088295-36089115,3.42682246843466,0.00030534409297996,0.0305071771748907
chr8,11868116,11869448,1333,*,0.151062062083817,CTSB,chr8-11867665-11868567,3.42656923263798,0.000305628958043197,0.0305278146428533
chr19,37251912,37719581,467670,*,0.0635842280279177,LINC01535,chr19-37719053-37720108,3.42633324582114,0.000305894642317709,0.030530885329453
chr11,63872220,64230278,358059,*,0.0693616029405025,DNAJC4,chr11-63871779-63872660,3.42609818487546,0.000306159497853743,0.0305416818212071
chr6,34889265,35081406,192142,*,0.0847795861975074,ANKS1A,chr6-35080912-35081900,3.42573235074189,0.000306572126958599,0.0305750209360613
chr7,140673153,141015015,341863,*,0.248892876495906,ADCK2,chr7-141014560-141015469,3.42536548206571,0.000306986442586698,0.0306085111548106
chr5,170298227,170404600,106374,*,0.0698401803794956,LCP2,chr5-170404156-170405044,3.42518520319852,0.000307190227703173,0.030613170922939
chr17,75441159,75456562,15404,*,0.0656439487865141,TMEM94,chr17-75456118-75457006,3.42520143931102,0.000307171869435453,0.030613170922939
chr1,8703455,9129170,425716,*,0.124128630610047,GPR157,chr1-8702992-8703917,3.42489084915494,0.000307523232640556,0.0306306968041354
chr5,170293453,170353487,60035,*,0.092666611106773,KCNIP1,chr5-170293034-170293872,3.42494548195284,0.000307461400770811,0.0306306968041354
chr17,81385471,81523847,138377,*,0.218001967945102,ACTG1,chr17-81385027-81385915,3.42472778646211,0.000307707851239825,0.0306407265911378
chr15,45402331,45448260,45930,*,0.0717075427665873,SPATA5L1,chr15-45447867-45448653,3.42449091206118,0.000307976222741296,0.030652322284437
chr16,89490561,89784474,293914,*,0.0687673796682612,ANKRD11,chr16-89784047-89784901,3.42387973630159,0.000308669672590914,0.03071349902984
chr7,158830253,158856505,26253,*,0.28381005697695,ESYT2,chr7-158856046-158856963,3.42333601238102,0.000309287811409822,0.0307671528077933
chr6,32589848,32666694,76847,*,0.146372113802386,HLA-DRB1,chr6-32666256-32667132,3.4227681915831,0.000309934574406108,0.0308157647797424
chr11,119102198,119116088,13891,*,0.0675480139760159,C2CD2L,chr11-119115670-119116505,3.42277275094151,0.000309929376167646,0.0308157647797424
chr6,52362123,52497883,135761,*,0.105684344847301,EFHC1,chr6-52497527-52498238,3.42260750543346,0.000310117828518973,0.0308261233257977
chr8,144901596,144950888,49293,*,0.0825648252485981,ZNF16,chr8-144901164-144902028,3.42218416804379,0.000310601105363603,0.0308505635995443
chr5,150412880,150412929,50,*,0.182686791402986,CD74,chr5-150412424-150413335,3.42198931897864,0.000310823778102863,0.0308642331722657
chr10,45419383,45672780,253398,*,0.0560173292969407,ZFAND4,chr10-45418959-45419806,3.42192521549134,0.000310897067778252,0.0308642331722657
chr1,154502113,154599171,97059,*,0.0561817346902242,SHE,chr1-154598715-154599627,3.42178976680365,0.000311051979480094,0.0308717505866277
chr13,30148311,30307484,159174,*,0.0628783354677466,KATNAL1,chr13-30147862-30148759,3.42117294550037,0.000311758342247448,0.0309339814817643
chr9,128702523,129069498,366976,*,0.0513314237259719,PKN3,chr9-129069040-129069955,3.4199091438098,0.000313210268800499,0.0310701398759318
chr6,33019076,33080775,61700,*,0.0935672218046426,HLA-DPA1,chr6-33018625-33019526,3.41973824412908,0.000313407090144058,0.0310756686753147
chr6,37170203,37516673,346471,*,0.0538655283900715,PIM1,chr6-37516212-37517133,3.41965314693295,0.000313505137590709,0.0310756686753147
chr20,25237994,25248069,10076,*,0.343969502117442,PYGB,chr20-25237536-25238452,3.41971590075465,0.000313432831012791,0.0310756686753147
chr14,22766522,22838704,72183,*,0.0879928374361579,OXA1L,chr14-22838289-22839118,3.41937597653999,0.000313824686171618,0.0310994360837258
chr10,11611754,11718227,106474,*,0.160158173179893,USP6NL,chr10-11717751-11718703,3.4193028598039,0.000313909032645792,0.0310998892490539
chr19,12441096,12934037,492942,*,0.0906441740699891,FARSA,chr19-12440653-12441539,3.41906052114593,0.000314188742048488,0.0311196924453981
chr7,76201900,76220729,18830,*,0.0955688807800512,SRRM3,chr7-76220269-76221189,3.41768452092457,0.000315781334470912,0.0312536138121741
chr3,46089549,46208396,118848,*,0.0865723847689031,CCR1,chr3-46089128-46089970,3.41722989590391,0.000316309169030672,0.0312979091789202
chr9,115141818,115234308,92491,*,0.161648995410767,DEC1,chr9-115233868-115234748,3.41714922757431,0.000316402913301376,0.0312992409430012
chr1,3576225,3772788,196564,*,0.0749922129840952,SMIM1,chr1-3575628-3576821,3.41681968359388,0.000316786143262821,0.0313076579992504
chr1,206612463,206612524,62,*,0.0560827797997388,EIF2D,chr1-206612073-206612974,3.41673084051532,0.00031688953363082,0.0313076579992504
chr6,31493973,31703444,209472,*,0.105138535794589,ABHD16A,chr6-31493586-31494360,3.41673617950075,0.000316883319546074,0.0313076579992504
chr11,537438,706715,169278,*,0.0810110932459832,DEAF1,chr11-536984-537892,3.41692410285882,0.000316664666356677,0.0313076579992504
chr17,44899662,45161691,262030,*,0.0625330499454823,EFTUD2,chr17-45161255-45162126,3.41635042733434,0.000317332591255063,0.0313434875515502
chr7,135254248,135729258,475011,*,0.163147751345956,SLC13A4,chr7-135253792-135254704,3.4153327463519,0.000318520692957239,0.0314528696025242
chr7,140330253,140673993,343741,*,0.166200405173948,DENND2A,chr7-140329831-140330674,3.41461400616844,0.00031936228495132,0.0315126871223262
chr7,151048292,151433622,385331,*,0.0791470247065064,ASIC3,chr7-151433139-151434105,3.41460831468894,0.000319368957502619,0.0315126871223262
chr2,110678111,110678114,4,*,0.0963961099182348,BUB1,chr2-110677660-110678562,3.41425256013257,0.000319786292913313,0.03154588205082
chr16,57014813,57092537,77725,*,0.0589673868030026,CPNE2,chr16-57014362-57015263,3.41410723302075,0.000319956921931806,0.0315547295545051
chr14,67427309,67701886,274578,*,0.0834672403005738,RDH12,chr14-67426862-67427756,3.41399700927058,0.000320086392450522,0.0315595144839709
chr17,8120626,8247618,126993,*,0.0843730056558208,PFAS,chr17-8120195-8121057,3.41347401406567,0.000320701375122014,0.0316041639267106
chr7,150632648,151058110,425463,*,-0.075179263692661,GIMAP6,chr7-151057655-151058565,-3.41296918343992,0.000321296040582562,0.0316547647240821
chr17,76376584,76529711,153128,*,0.131872947683595,SPHK1,chr17-76529290-76530131,3.41286127064477,0.000321423289484484,0.0316593007205925
chr7,129421966,129434433,12468,*,0.216896249848237,STRIP2,chr7-129421531-129422400,3.41262892057357,0.000321697431804556,0.0316782993644531
chr7,134720219,134744252,24034,*,0.310943415505231,CALD1,chr7-134719886-134720551,3.41254824503727,0.000321792669108819,0.031679675666013
chr7,2529780,2844324,314545,*,0.0881403930197068,GNA12,chr7-2529368-2530192,3.41213427448535,0.000322281773148001,0.0317198166688448
chr1,160070248,160428901,358654,*,0.0777286909754462,KCNJ10,chr1-160428529-160429272,3.41192304792561,0.000322531602545121,0.0317308533977476
chr13,30346627,30377145,30519,*,0.0536477353659929,LINC00426,chr13-30346196-30347057,3.41190184248253,0.000322556693348434,0.0317308533977476
chr11,118304545,118342641,38097,*,0.069622176392073,CD3E,chr11-118342233-118343049,3.41164211490511,0.000322864156750014,0.0317530870931651
chr7,130672354,130853720,181367,*,0.297865038776899,AC016831.7,chr7-130671896-130672811,3.41028464323984,0.000324475560793251,0.0318931157495651
chr1,45012199,45326905,314707,*,0.108655989342649,HPDL,chr1-45011760-45012637,3.41002633850413,0.000324783030501754,0.0319096053445488
chr7,151058530,151249693,191164,*,0.250073515243033,CDK5,chr7-151249294-151250092,3.40978074955222,0.000325075615405533,0.0319303045646455
chr5,177357837,177404518,46682,*,0.0548223878131107,RGS14,chr5-177404159-177404876,3.40957872669497,0.000325316481137928,0.0319459145603485
chr6,85643426,85643792,367,*,0.0791967701261535,SYNCRIP,chr6-85642973-85643878,3.40929423116813,0.000325655957989318,0.0319551035826961
chr7,149090782,149126357,35576,*,0.186524346386381,ZNF786,chr7-149125908-149126805,3.40941230954128,0.000325515019933396,0.0319551035826961
chr7,151028422,151083514,55093,*,0.309964212172578,ABCB8,chr7-151083060-151083967,3.40930079706459,0.000325648119461589,0.0319551035826961
chr16,81739097,81809151,70055,*,0.0543664584916836,PLCG2,chr16-81808700-81809602,3.40895439865385,0.000326061897999617,0.0319868855206207
chr5,179345430,179475524,130095,*,0.14544025708015,ADAMTS2,chr5-179475062-179475986,3.40883450473648,0.000326205227100467,0.0319928956466846
chr12,32399529,32483696,84168,*,0.119081020492526,FGD4,chr12-32483251-32484140,3.40875647810125,0.000326298536760801,0.0319939982779858
chr17,35880379,35880793,415,*,0.138407147195012,CCL5,chr17-35879931-35880826,3.40845424388283,0.000326660203727598,0.0320133568988466
chr7,129421966,129611714,189749,*,0.141018541428241,NRF1,chr7-129421531-129422400,3.40809918376222,0.000327085560742568,0.0320469866867584
chr11,65615555,65961689,346135,*,0.104121285398019,SART1,chr11-65615119-65615990,3.40802517325226,0.00032717428913663,0.0320476258714808
chr7,136025761,136122175,96415,*,0.158438123456443,AC024084.1,chr7-136121744-136122606,3.40775918143231,0.000327493361457129,0.0320708218916817
chr7,129434433,129825770,391338,*,0.285360232483679,STRIP2,chr7-129825367-129826172,3.40754044754426,0.000327755961993852,0.0320884774724328
chr5,169583634,169717547,133914,*,0.0597223010647311,SPDL1,chr5-169717131-169717962,3.40735077108031,0.000327983836204916,0.032102725210183
chr3,183260172,183555689,295518,*,0.0998564586529359,KLHL6,chr3-183259733-183260610,3.40667467236941,0.00032879728923933,0.0321532160859866
chr8,143836526,143840974,4449,*,0.180614294719214,NRBP2,chr8-143836088-143836964,3.40669516022088,0.00032877261159401,0.0321532160859866
chr16,21159441,21303164,143724,*,0.0819399331159132,DNAH3,chr16-21302760-21303568,3.40664785949618,0.000328829587984232,0.0321532160859866
chr5,443158,448516,5359,*,0.0625173294738427,EXOC3,chr5-448006-449026,3.4062131647009,0.00032935363246998,0.0321803644729346
chr7,26864707,26995239,130533,*,0.119702482885246,SKAP2,chr7-26864250-26865164,3.40631185551363,0.000329234588077983,0.0321803644729346
chr17,29148968,29294118,145151,*,0.0915906465731608,NUFIP2,chr17-29148524-29149411,3.40621214006302,0.000329354868634787,0.0321803644729346
chr9,135927058,136373681,446624,*,0.0823312571502224,CARD9,chr9-135926607-135927509,3.40569385191914,0.000329980705857015,0.0322253602554532
chr8,27838095,27872808,34714,*,0.112323633798898,PBK,chr8-27872355-27873260,3.4051586417867,0.000330628136939494,0.0322805009872616
chr6,35297852,35302921,5070,*,0.0619637401417086,DEF6,chr6-35302457-35303385,3.40466474057526,0.000331226645340351,0.0323308387929962
chr1,221742176,221963853,221678,*,0.0770012915670545,DUSP10,chr1-221963399-221964306,3.40456376419351,0.000331349132265639,0.0323346988515705
chr6,26043657,26233863,190207,*,0.0611538551682984,HIST1H2BB,chr6-26233452-26234274,3.40438094433383,0.00033157100457865,0.0323482530723212
chr12,6765516,6953867,188352,*,-0.0667814180547383,PTMS,chr12-6953415-6954319,-3.40397469099875,0.0003320645330029,0.0323801956779006
chr2,71064344,71064996,653,*,0.105803918971634,NAGK,chr2-71064623-71065368,3.40360991742492,0.000332508252497904,0.0324130951458445
chr11,63551058,63838928,287871,*,0.0600451022721293,MARK2,chr11-63550693-63551422,3.40356066476267,0.000332568206866652,0.0324130951458445
chr7,75611830,75738962,127133,*,0.0874189096516981,HIP1,chr7-75611366-75612293,3.40341444114185,0.000332746261439623,0.0324223432928667
chr13,110547115,110561733,14619,*,0.202831532186193,RAB20,chr13-110546710-110547520,3.40264884355519,0.000333679967345474,0.0324970778490052
chr5,157025498,157142869,117372,*,0.0801679791154071,HAVCR2,chr5-157025048-157025947,3.40226098393726,0.000334153921481105,0.0325351085407721
chr1,227563543,227788194,224652,*,0.0531789470069991,ZNF678,chr1-227787746-227788641,3.4018808245835,0.000334619073422294,0.0325722634236774
chr5,177357837,177389547,31711,*,0.0525300563773798,RGS14,chr5-177389086-177390008,3.40094282891893,0.000335769354092555,0.032643479858277
chr7,47582558,47806823,224266,*,0.191886330670435,TNS3,chr7-47806369-47807276,3.40070701295068,0.000336059117108963,0.0326553636398713
chr7,130853720,130961467,107748,*,0.248521617048879,AC016831.7,chr7-130961041-130961892,3.40015788082945,0.000336734774099016,0.0327128644784574
chr6,46129990,46129993,4,*,0.0789114267733817,ENPP4,chr6-46129548-46130431,3.3999520571483,0.000336988346592848,0.0327293425251407
chr3,119457315,119468830,11516,*,0.0701944619297718,TMEM39A,chr3-119456891-119457738,3.39978515539536,0.000337194098029416,0.032733016310997
chr13,46211943,46575424,363482,*,0.063595644185801,LRRC63,chr13-46574970-46575878,3.39980271490323,0.000337172445702931,0.032733016310997
chr12,109710714,109714228,3515,*,0.107217727916572,FAM222A,chr12-109710135-109711292,3.39968332251247,0.00033731969188962,0.0327370566399184
chr17,63741970,64180199,438230,*,0.0505609580910684,STRADA,chr17-64179786-64180611,3.39957359436991,0.000337455071911259,0.032742044473556
chr6,32666694,33009612,342919,*,0.108399177216943,HLA-DOA,chr6-32666256-32667132,3.39945891292792,0.000337596617180107,0.0327476278678525
chr7,150384002,150567277,183276,*,-0.136629371873806,GIMAP4,chr7-150383543-150384460,-3.39918424894393,0.000337935844908769,0.032770020560151
chr6,24495205,24495648,444,*,0.0766319581274712,GPLD1,chr6-24495439-24495856,3.3989793820901,0.000338189074979134,0.0327806283587184
chr6,157830599,157981887,151289,*,0.0515300105268295,SYNJ2,chr6-157830155-157831042,3.39779750931073,0.000339653401797674,0.0328980268317085
chr10,31698298,31928876,230579,*,0.168987501349456,ARHGAP12,chr10-31697710-31698885,3.39759193824926,0.000339908702945043,0.0329064036902237
chr19,52527539,52897693,370155,*,0.117568170351798,ZNF320,chr19-52527096-52527982,3.39764698936965,0.000339840316820131,0.0329064036902237
chr8,22578279,22666856,88578,*,0.108923980361639,PDLIM2,chr8-22666403-22667309,3.39751643014069,0.000340002522150097,0.0329073146140168
chr12,89346337,89709300,362964,*,0.0619666146692111,ATP2B1,chr12-89345911-89346763,3.39723979356464,0.000340346450175457,0.0329324259850589
chr1,116754385,116767225,12841,*,0.0725250138784372,CD2,chr1-116766572-116767877,3.39704731520441,0.000340585939377525,0.0329474217464534
chr14,75341206,75427716,86511,*,0.160149882795771,JDP2,chr14-75340804-75341607,3.39690024200042,0.000340769039254203,0.0329569564602653
chr1,151008420,151372930,364511,*,0.0739578116280671,PRUNE1,chr1-151372495-151373364,3.39681308985204,0.000340877583139927,0.0329592776642527
chr7,150567277,151061063,493787,*,-0.123871742242643,GIMAP4,chr7-151060610-151061516,-3.39602309695711,0.000341862949034535,0.0330463561634048
chr7,143620950,143735017,114068,*,0.0759673147785171,TCAF2,chr7-143734567-143735466,3.39583280158616,0.000342100701695187,0.0330611409908954
chr5,157390685,157859175,468491,*,-0.0512987883305474,CLINT1,chr5-157390259-157391110,-3.39573637908878,0.00034222122941996,0.0330644503150549
chr9,137150967,137221581,70615,*,0.0634210390664818,RNF208,chr9-137150521-137151412,3.39566972435447,0.000342304570635937,0.0330644503150549
chr3,15427355,15556569,129215,*,0.0555543956905199,EAF1,chr3-15556123-15557015,3.39537681008122,0.000342671037328621,0.033091649552796
chr19,45488777,45667971,179195,*,0.0563143355507312,PPM1N,chr19-45667528-45668413,3.39494280233185,0.000343214697389368,0.033127738600307
chr5,172771195,172869245,98051,*,0.166874120707081,DUSP1,chr5-172868838-172869652,3.39467080832464,0.000343555819390951,0.0331524562626735
chr19,36054881,36331796,276916,*,0.0696189704865304,WDR62,chr19-36331336-36332255,3.39456759664968,0.000343685345044906,0.0331567481159234
chr9,136512688,136687423,174736,*,0.13050590229343,AGPAT2,chr9-136512252-136513124,3.39408714375741,0.000344288887800182,0.0332067569239675
chr8,81097527,81280363,182837,*,0.0544989691407253,FABP5,chr8-81097098-81097955,3.39387514867017,0.000344555508182075,0.0332210388008178
chr14,74923396,75127045,203650,*,0.0910820485662453,RPS6KL1,chr14-75126593-75127497,3.39383391270742,0.000344607391806396,0.0332210388008178
chr11,118225094,118316868,91775,*,0.0668293998350966,JAML,chr11-118316431-118317304,3.39315177335887,0.000345466722714121,0.0332903267445139
chr14,70887571,70907405,19835,*,0.0573526561946079,PCNX1,chr14-70887168-70887973,3.39312783796504,0.000345496911669822,0.0332903267445139
chr4,83012926,83455903,442978,*,0.0588766044682688,LIN54,chr4-83455457-83456348,3.39239685236769,0.000346420062441993,0.0333710289555562
chr17,67825524,68247994,422471,*,0.0543432256005646,BPTF,chr17-68247543-68248445,3.39152773561037,0.000347520640082832,0.0334687787988073
chr4,80238180,80266599,28420,*,0.140307271262952,FGF5,chr4-80237725-80238634,3.39142386249013,0.000347652393596907,0.0334731985548386
chr15,82930709,82986153,55445,*,0.119455219148636,HOMER2,chr15-82930302-82931115,3.39123162263336,0.000347896354670864,0.0334884172002829
chr19,41204551,41364173,159623,*,0.053559637840295,B9D2,chr19-41204105-41204997,3.39084104093477,0.000348392510611373,0.0335196241477949
chrX,14873269,15315656,442388,*,0.0859512380027526,ASB11,chrX-14872815-14873722,3.39050244291822,0.000348823163747307,0.0335527777037294
chr1,154870280,154955272,84993,*,0.0628905694056544,KCNN3,chr1-154954846-154955698,3.38987986928616,0.000349616288703754,0.0335793568326524
chr10,24723668,24873528,149861,*,0.0997954856265878,ARHGAP21,chr10-24873126-24873930,3.3900739947798,0.00034936880375012,0.0335793568326524
chr16,29732487,30182827,450341,*,0.0721548936710682,CORO1A,chr16-29732046-29732927,3.39009717744784,0.000349339259724717,0.0335793568326524
chr17,1206261,1229021,22761,*,0.105195991349279,ABR,chr17-1205818-1206704,3.38963619993726,0.000349927166278385,0.0336009373467884
chr7,140924764,141015015,90252,*,0.288258529862528,BRAF,chr7-141014560-141015469,3.38887651346205,0.000350898037162892,0.0336775730142855
chr19,42255157,42280661,25505,*,0.173612348266175,ERF,chr19-42280202-42281120,3.38891656852212,0.000350846784792269,0.0336775730142855
chr6,18155329,18180300,24972,*,0.0874567556428167,KDM1B,chr6-18179826-18180774,3.38869576877137,0.000351129395208554,0.0336914833819456
chr2,43159046,43596046,437001,*,0.0536537725306484,THADA,chr2-43158625-43159467,3.38832026445701,0.000351610504027241,0.0337127541111727
chr7,116526311,116953238,426928,*,0.266153248512228,ST7,chr7-116525879-116526742,3.3883796165446,0.000351534419388948,0.0337127541111727
chr8,27633868,27702728,68861,*,0.157528070469946,SCARA3,chr8-27702259-27703197,3.38806903359348,0.000351932731448977,0.0337353526483517
chr16,53208293,53703938,495646,*,0.108602055210547,RPGRIP1L,chr16-53207864-53208722,3.3877306980249,0.000352367112546983,0.033768688190921
chr2,118942166,119284192,342027,*,0.115942130871115,MARCO,chr2-119283736-119284647,3.38707906005629,0.000353205139420551,0.0338386852731263
chr10,14878820,15097233,218414,*,0.0524891646431055,SUV39H2,chr10-15096799-15097666,3.38684415911257,0.000353507683264816,0.0338386852731263
chr19,54115675,54532878,417204,*,0.0801326251957465,TFPT,chr19-54532386-54533369,3.38682566973432,0.000353531507129484,0.0338386852731263
chr7,139036029,139360472,324444,*,0.197688867525883,ZC3HAV1L,chr7-139360280-139360664,3.38648798921498,0.000353966876498366,0.0338720409270106
chr5,43065176,43483936,418761,*,0.0547286154011309,ZNF131,chr5-43483507-43484364,3.38535775094843,0.000355427712575723,0.0340034857921646
chr21,36385378,36654612,269235,*,0.114881726042028,CHAF1B,chr21-36654184-36655040,3.3851198452174,0.000355735919200441,0.0340246220736335
chr19,45544160,45995461,451302,*,0.0706987610886635,CCDC61,chr19-45543710-45544609,3.38457788315534,0.000356438957914352,0.0340835027276983
chr7,151232489,151249693,17205,*,0.312594210907292,CHPF2,chr7-151249294-151250092,3.38444796408967,0.000356607681969868,0.0340912746521131
chr22,36913628,37285053,371426,*,0.0999582577832994,CSF2RB,chr22-37284608-37285498,3.3841087712859,0.000357048536716852,0.0341250517617401
chr5,172006873,172429451,422579,*,0.0616491688883065,FBXW11,chr5-172428989-172429913,3.38387708759167,0.000357349951022895,0.0341454885064161
chr11,123358428,123430928,72501,*,0.0933700831914974,GRAMD1B,chr11-123430564-123431291,3.38364792093558,0.000357648323288622,0.0341656246338436
chr7,149090817,149126346,35530,*,0.157900056158905,ZNF425,chr7-149090366-149091268,3.38335234618833,0.000358033499901378,0.0341940411571661
chr2,118970753,119429901,459149,*,0.0988241988267313,TMEM37,chr2-118970220-118971285,3.38288950346749,0.000358637425218762,0.0342333213358142
chr17,7330563,7583529,252967,*,0.0618149355063089,MPDU1,chr17-7330218-7330907,3.38283529311261,0.000358708221727222,0.0342333213358142
chr7,150716557,151028400,311844,*,-0.0914209486866707,GIMAP1,chr7-151027967-151028833,-3.38266151083667,0.000358935261817582,0.0342466054062917
chr8,143039209,143113056,73848,*,0.0549054960979956,C8orf31,chr8-143112666-143113445,3.38257332243439,0.000359050527750204,0.034249221028743
chr7,151877125,151923637,46513,*,0.102335841622846,PRKAG2,chr7-151923214-151924059,3.38234273347389,0.000359352079712499,0.034269600533287
chr3,197736988,197737179,192,*,0.0742849083505682,FYTTD1,chr3-197736544-197737432,3.38214180286452,0.000359615037891542,0.0342779075188493
chr7,150632648,151080905,448258,*,-0.0780036493376558,GIMAP6,chr7-151080453-151081357,-3.38198549766888,0.000359819718338473,0.0342890336919312
chr22,29073078,29152961,79884,*,0.124047100827616,KREMEN1,chr22-29152427-29153494,3.38165873956222,0.000360247955232593,0.0343214530408937
chr11,36594493,36594547,55,*,0.111444702870677,C11orf74,chr11-36594013-36595081,3.38148816412172,0.000360471693052274,0.0343343783239226
chr8,141117278,141138124,20847,*,0.190110242975024,DENND3,chr8-141137702-141138546,3.38128258808867,0.000360741511465545,0.0343516853267869
chr3,10225187,10292947,67761,*,0.056874330314621,GHRL,chr3-10224771-10225602,3.38107630418669,0.000361012447545495,0.0343530454294518
chr10,100969518,101066299,96782,*,0.057547314927703,SEMA4G,chr10-101065799-101066798,3.38107044260266,0.000361020148991064,0.0343530454294518
chr2,21314522,21636309,321788,*,0.149186716482432,AC009411.2,chr2-21314082-21314961,3.38063533866375,0.000361592251757342,0.0343906959092713
chr1,183568751,183590876,22126,*,0.156496100405507,NCF2,chr1-183568310-183569191,3.38037319260855,0.000361937344790393,0.0344151214002986
chr7,130668748,130804355,135608,*,0.258717798325591,COPG2,chr7-130803910-130804800,3.38024282378029,0.000362109078179666,0.0344230549491585
chr7,151227230,151251964,24735,*,0.304138831041004,ABCF2,chr7-151251510-151252418,3.37994516033399,0.000362501470658382,0.034443559185745
chr22,46129799,46267961,138163,*,0.0612927205820603,TTC38,chr22-46129308-46130290,3.38000668056643,0.000362420339730812,0.034443559185745
chr19,1133674,1446302,312629,*,0.0915886142974215,APC2,chr19-1133219-1134128,3.37986770733589,0.00036260363720319,0.0344448716303455
chr6,26156337,26251651,95315,*,0.0507607767500573,HIST1H2BH,chr6-26155904-26156769,3.37944874310571,0.000363156747541899,0.0344890095840937
chr6,36840002,37048874,208873,*,0.0590406517952463,CPNE5,chr6-37048451-37049296,3.37901853528381,0.00036372551702784,0.0345262041062424
chr7,139340359,139771564,431206,*,0.235740640388673,LUC7L2,chr7-139771102-139772025,3.37835920453255,0.000364598811667995,0.0345922550319764
chr6,26156354,26233863,77510,*,0.0723128281926761,HIST1H1E,chr6-26233452-26234274,3.37825217977548,0.000364740751359277,0.0345973020435321
chr7,148941251,149239651,298401,*,0.185413429571292,ZNF212,chr7-148940811-148941691,3.3778923368613,0.000365218363173038,0.0346257756214686
chr19,17855752,17951293,95542,*,0.0805285979395365,KCNN1,chr19-17855316-17856187,3.37774373113317,0.000365415773827361,0.034636049175333
chr1,192158457,192609263,450807,*,0.0530239861370758,RGS18,chr1-192608828-192609697,3.37735786783143,0.000365928824837394,0.0346678211957491
chr7,130228014,130442433,214420,*,0.265223145585175,CEP41,chr7-130227551-130228477,3.37741155710036,0.000365857398537525,0.0346678211957491
chr3,179072279,179486965,414687,*,0.128257332246296,ZMAT3,chr3-179486549-179487380,3.37670002471707,0.000366805048303114,0.0347423910814056
chr10,70478710,70815961,337252,*,0.0731428664596914,SGPL1,chr10-70478305-70479115,3.3764862534342,0.000367090203283701,0.0347609545617094
chr7,123534855,123535077,223,*,0.0824407781408038,IQUB,chr7-123534412-123535297,3.37640630824102,0.000367196897112479,0.0347626140682599
chr1,151340953,151791416,450464,*,0.0612418852402792,TDRKH,chr1-151340528-151341377,3.37600360233178,0.000367734781372961,0.0347779607440652
chr2,218672026,218820567,148542,*,0.0923390360112237,STK36,chr2-218820142-218820991,3.37600375473323,0.000367734577675774,0.0347779607440652
chr11,2271122,2444684,173563,*,0.0732345484670424,KCNQ1,chr11-2270674-2271570,3.37605161301902,0.000367670616290234,0.0347779607440652
chr7,130070510,130228014,157505,*,0.248975092332553,KLHDC10,chr7-130227551-130228477,3.37552683186643,0.000368372537914446,0.0348147322790358
chr1,152224193,152460229,236037,*,0.0923246745394841,HRNR,chr1-152459804-152460653,3.37524822939128,0.000368745688567614,0.0348357182404129
chr8,94949411,94949411,1,*,0.0837124828154684,TP53INP1,chr8-94948967-94949855,3.37518674455461,0.000368828086536843,0.0348357182404129
chr9,114327891,114806126,478236,*,0.106242550464454,TNFSF15,chr9-114327457-114328325,3.37516095144571,0.000368862657871255,0.0348357182404129
chr9,113221361,113580780,359420,*,0.109582635393422,FKBP15,chr9-113580407-113581153,3.37498093785945,0.00036910401969389,0.0348500703041178
chr2,28782517,29115467,332951,*,0.0706878668206286,SPDYA,chr2-29115021-29115913,3.37491035498489,0.000369198697085521,0.0348505691177202
chr16,68074967,68448688,373722,*,0.0504660631351614,SMPD3,chr16-68074479-68075454,3.37411588153437,0.000370265932858634,0.0349428502679264
chr7,139230356,139646569,416214,*,0.275523787868116,UBN2,chr7-139646166-139646971,3.37387315602908,0.000370592562999104,0.0349652110044353
chr17,47970976,48101521,130546,*,0.09771347109167,CBX1,chr17-47970529-47971423,3.37375036120641,0.000370757907092212,0.0349723473495555
chr20,325549,653370,327822,*,0.177564127887156,SRXN1,chr20-325136-325962,3.37356920003183,0.000371001966996506,0.0349869034440062
chr3,12287368,12394164,106797,*,0.082542639456478,PPARG,chr3-12393715-12394613,3.37297419011126,0.000371804613191721,0.0350456412142212
chr7,130442433,130894454,452022,*,0.290840418867212,CEP41,chr7-130894064-130894844,3.37274744976561,0.000372110901616821,0.0350660331682671
chr12,7018735,7109273,90539,*,0.0542831093743688,C1RL,chr12-7018271-7019199,3.37237580507099,0.000372613438539892,0.0351049043599937
chr6,27808199,27890822,82624,*,0.0681691298105038,HIST1H2AI,chr6-27890364-27891279,3.37193285661996,0.000373213215477204,0.0351444247536761
chr11,118876972,118998142,121171,*,0.0623046890987701,CCDC84,chr11-118876536-118877407,3.37199831320448,0.000373124527185144,0.0351444247536761
chr10,92291184,92689951,398768,*,0.0675548133235203,HHEX,chr10-92290736-92291631,3.37184215455452,0.000373336141680636,0.0351475106270175
chr3,12394164,12557014,162851,*,0.0677409750955327,MKRN2,chr3-12393715-12394613,3.37038880691973,0.000375310962114792,0.0352952656122988
chr7,2519614,2631951,112338,*,0.0687810854471557,TTYH3,chr7-2519111-2520117,3.37035408034347,0.000375358267313213,0.0352952656122988
chr10,73811798,73865928,54131,*,0.0506010079445377,NDST2,chr10-73865489-73866367,3.3703632174382,0.000375345820053363,0.0352952656122988
chr5,69370013,69449798,79786,*,0.0761864750833299,AK6,chr5-69449374-69450222,3.36995386252117,0.000375903851364158,0.0353380439503303
chrX,12791355,12978452,187098,*,0.0571487089945525,PRPS2,chrX-12978011-12978893,3.36979120599639,0.000376125798022713,0.0353418642108342
chr9,123563110,123930152,367043,*,0.118221961967365,DENND1A,chr9-123562652-123563567,3.36959307088579,0.000376396320011259,0.0353587609997661
chr7,130676023,131110096,434074,*,0.269664333729317,MKLN1,chr7-130675587-130676458,3.36933907127911,0.000376743380363304,0.0353828379478185
chr7,116150723,116210493,59771,*,0.0583090597304421,TES,chr7-116150391-116151055,3.36846708865905,0.000377937103735037,0.0354782240095987
chr17,50055968,50064787,8820,*,0.102127062299654,ITGA3,chr17-50064366-50065207,3.36839785820181,0.00037803202891321,0.0354782240095987
chr7,129502479,129825770,323292,*,0.18285599662069,SMKR1,chr7-129825367-129826172,3.36798990043258,0.000378591849009471,0.0355222116775067
chr2,42390655,42494097,103443,*,0.167246149602857,KCNG3,chr2-42390213-42391096,3.36790889943814,0.000378703094190108,0.0355240997777194
chr2,28423816,28457145,33330,*,0.0951566255247469,PLB1,chr2-28423266-28424365,3.36782907452767,0.000378812753854423,0.0355258382765587
chr1,173669862,174064048,394187,*,0.0743839417332064,ANKRD45,chr1-174063642-174064453,3.3674060130348,0.000379394428000222,0.0355632788037371
chr8,54554361,54664205,109845,*,0.151416974517531,RP1,chr8-54663723-54664686,3.36746115060094,0.000379318571488809,0.0355632788037371
chr7,133082088,133253061,170974,*,0.295053408592731,CHCHD3,chr7-133252635-133253487,3.36717842253122,0.000379707688873808,0.0355755351893371
chr11,117980033,118152888,172856,*,0.10897047571471,SCN4B,chr11-117979574-117980492,3.36676186271432,0.000380281673676115,0.0356121957833247
chr22,20080232,20479933,399702,*,0.0641270163274123,DGCR8,chr22-20479478-20480387,3.36653686139343,0.000380592041796122,0.0356327014116959
chr16,30942036,31214021,271986,*,0.0898821036519877,TRIM72,chr16-30941619-30942452,3.36638776142957,0.000380797840698031,0.0356434093137596
chr5,10564159,10564330,172,*,0.0848955432341431,ANKRD33B,chr5-10563756-10564561,3.36629587812144,0.000380924716352434,0.0356467264808999
chr19,35995199,36214857,219659,*,0.0736557803877323,SDHAF1,chr19-36214433-36215280,3.36576692083243,0.000381655882604255,0.0356994685116509
chr1,203626722,203796309,169588,*,0.0648270826890549,ZBED6,chr1-203626304-203627139,3.36561837469186,0.000381861448959135,0.0357001078176539
chr7,140485248,140673153,187906,*,0.239940967684729,ADCK2,chr7-140484801-140485694,3.36542177982257,0.000382133665859776,0.0357138435682564
chr8,21616606,21919671,303066,*,0.0525651383962538,XPO7,chr8-21616158-21617053,3.36531384331037,0.000382283197752824,0.0357138435682564
chr16,30123506,30610418,486913,*,0.0775365473647801,MAPK3,chr16-30609998-30610837,3.36537877839142,0.000382193232198315,0.0357138435682564
chr17,48457426,48544989,87564,*,0.0557671425716817,HOXB2,chr17-48456976-48457876,3.36507786999791,0.000382610297090191,0.0357358384142801
chr19,18193182,18387118,193937,*,0.0754467168995269,MPV17L2,chr19-18386714-18387522,3.36443228561403,0.000383506515806603,0.0358024636045192
chr7,150368833,150685697,316865,*,0.116223327975692,GIMAP2,chr7-150368380-150369285,3.36385814256062,0.000384305194687722,0.0358597771085203
chr7,106285147,106286326,1180,*,0.238061199924139,NAMPT,chr7-106284697-106285596,3.36374422625048,0.000384463844860081,0.0358659963738675
chr16,30382525,30472658,90134,*,0.0750492387912635,ITGAL,chr16-30382087-30382962,3.36339069309699,0.000384956594413109,0.0359033727859185
chr22,38038692,38398522,359831,*,0.182521581711146,CSNK1E,chr22-38038242-38039141,3.36329506726143,0.000385089977069758,0.0359072226119587
chr6,158650014,159107874,457861,*,0.0622143007737972,SYTL3,chr6-159107495-159108252,3.36283608563772,0.000385730780003684,0.0359497767262721
chr17,7549211,7583529,34319,*,0.0602529098444082,MPDU1,chr17-7548812-7549610,3.36285451314061,0.000385705033553441,0.0359497767262721
chr3,184937779,185153014,215236,*,0.122414963645196,C3orf70,chr3-184937307-184938251,3.36228668399554,0.000386499123661968,0.0359932543628389
chr6,170459771,170554302,94532,*,0.0557736291724089,TBP,chr6-170459371-170460170,3.36205170157909,0.000386828182514138,0.0359932543628389
chr7,192969,210181,17213,*,0.132542702111815,FAM20C,chr7-209670-210692,3.36220639888222,0.000386611522102291,0.0359932543628389
chr19,51387436,51645545,258110,*,0.10467429571393,SIGLEC5,chr19-51386947-51387925,3.36205984580794,0.000386816773351259,0.0359932543628389
chr22,37560447,37752696,192250,*,0.135434553235079,CDC42EP1,chr22-37752239-37753152,3.36233288499095,0.00038643445643422,0.0359932543628389
chr1,192575727,192582001,6275,*,0.0997551631144752,RGS1,chr1-192581612-192582390,3.36176414326742,0.000387231220173331,0.0360207267112893
chr1,165445355,165540239,94885,*,0.0965673443404156,RXRG,chr1-165539917-165540561,3.36164951981908,0.000387391983415064,0.0360211347246013
chr3,132417526,132722672,305147,*,0.0731812938366744,DNAJC13,chr3-132722207-132723137,3.36150582554252,0.000387593606994964,0.0360211347246013
chr6,134437716,134809198,371483,*,0.0811011826154952,LINC01010,chr6-134808757-134809638,3.36152292804386,0.00038756960463821,0.0360211347246013
chr14,105419820,105575479,155660,*,0.0617015400779058,MTA1,chr14-105575022-105575936,3.3614975696131,0.000387605194201139,0.0360211347246013
chr6,105403084,105644204,241121,*,0.0532878353292301,PREP,chr6-105643744-105644663,3.3610347718325,0.000388255245903729,0.0360729466458676
chr6,117547987,117602542,54556,*,0.0550224077799986,GOPC,chr6-117547552-117548421,3.36081003792768,0.000388571274947082,0.036093707095704
chr7,130486171,130822971,336801,*,0.145498013140318,MEST,chr7-130822568-130823373,3.36059845152293,0.000388869033729253,0.0361127609665118
chr16,56452199,56939053,486855,*,0.0542178765420578,NUDT21,chr16-56938616-56939489,3.35987089981122,0.000389894511102226,0.0361907511767202
chr14,74923396,75341206,417811,*,0.113023570173878,RPS6KL1,chr14-75340804-75341607,3.35950735408643,0.000390407865462228,0.0362297755691932
chr5,136028895,136028949,55,*,0.12107148094201,TGFBI,chr5-136028511-136029386,3.35898895479934,0.000391140970176789,0.0362891693254073
chr11,35992603,36289449,296847,*,0.0703605478736318,COMMD9,chr11-35992287-35992918,3.35879280103974,0.000391418698015528,0.0362988809471716
chr22,50327060,50527141,200082,*,0.0566391883668483,DENND6B,chr22-50526788-50527493,3.35878350454021,0.000391431865174244,0.0362988809471716
chr1,22662426,22710839,48414,*,0.194171863216488,EPHB2,chr1-22661966-22662886,3.35860036869674,0.000391691334681273,0.0363143044490283
chr7,151083546,151249693,166148,*,0.222433482904235,TMUB1,chr7-151249294-151250092,3.35817743878486,0.000392291158082355,0.036352624806447
chrX,100732123,100746216,14094,*,0.156957550309378,SYTL4,chrX-100745742-100746689,3.35808466555195,0.000392422848365718,0.0363561863785818
chr6,26043657,26360859,317203,*,0.0511142819338861,HIST1H2BB,chr6-26360421-26361297,3.35732932449263,0.000393496572344733,0.0364231748614042
chr7,150632648,151059678,427031,*,-0.0805007683037183,GIMAP6,chr7-151059241-151060114,-3.35733658371083,0.000393486240337226,0.0364231748614042
chr8,28490318,28611775,121458,*,0.120122640599012,FBXO16,chr8-28611389-28612160,3.35750389611526,0.000393248175235225,0.0364231748614042
chr4,39527690,39698044,170355,*,0.085575091508701,UBE2K,chr4-39527247-39528133,3.35697614324035,0.000393999557646035,0.0364416406992697
chr6,31575488,31660772,85285,*,0.0698466923677619,C6orf47,chr6-31575058-31575918,3.35699566422332,0.000393971741142297,0.0364416406992697
chr6,158650014,159062685,412672,*,0.0761255130812239,SYTL3,chr6-159062241-159063128,3.35710718942115,0.000393812857811425,0.0364416406992697
chr7,108130356,108526233,395878,*,0.137612868268855,LAMB4,chr7-108525793-108526672,3.35628962272229,0.000394978977983731,0.0365235636918675
chr12,112108692,112418351,309660,*,0.0578796200752987,PTPN11,chr12-112108240-112109144,3.35585928012511,0.000395594075361022,0.0365549188989871
chr19,460301,663277,202977,*,0.0703995119003922,RNF126,chr19-459863-460738,3.35582221961264,0.00039564708825815,0.0365549188989871
chr5,138465490,138654541,189052,*,0.0734123104206736,EGR1,chr5-138654114-138654967,3.35569674488279,0.000395826621482317,0.0365585880213514
chr17,7234533,7329393,94861,*,0.0645956721365185,NEURL4,chr17-7234082-7234983,3.35550399389495,0.000396102563007926,0.0365667479028572
chr21,44240966,44353504,112539,*,0.0782265190760983,ICOSLG,chr21-44353097-44353910,3.35555351354317,0.000396031653844972,0.0365667479028572
chr9,76419850,76610147,190298,*,0.0681622558308535,GCNT1,chr9-76609768-76610526,3.35514643712686,0.000396614912652175,0.0366053780604346
chr6,33578811,33620365,41555,*,0.0511356281934623,ITPR3,chr6-33578374-33579248,3.35469904842239,0.000397256850396806,0.0366559473706262
chr19,51124908,51124925,18,*,0.113025513439694,SIGLEC9,chr19-51124477-51125372,3.35455376445756,0.000397465519090551,0.0366665233195669
chr12,11649854,11836539,186686,*,0.104450539942327,ETV6,chr12-11836086-11836992,3.35406824523865,0.000398163599684772,0.0367222322366472
chr1,27631665,27635277,3613,*,0.108858442728728,FGR,chr1-27631246-27632083,3.35393838656977,0.000398350503537493,0.0367291265888566
chr7,16420879,16753535,332657,*,0.0843228076883585,TSPAN13,chr7-16420452-16421306,3.35388540803198,0.000398426778224235,0.0367291265888566
chr7,134234404,134459284,224881,*,0.219071107207359,AKR1B1,chr7-134233948-134234860,3.35353300366155,0.000398934489725833,0.0367585461329698
chr9,37465650,37801437,335788,*,0.0786332755574939,EXOSC3,chr9-37465181-37466118,3.3535603983924,0.000398895000427843,0.0367585461329698
chr22,37122410,37244448,122039,*,0.0802584084415229,RAC2,chr22-37121954-37122865,3.35316461257894,0.000399465875247659,0.0367988115304939
chr6,106512517,106629578,117062,*,0.0609671448494288,QRSL1,chr6-106512086-106512948,3.35301487274466,0.00039968205509639,0.0368013340915064
chr8,141117278,141128429,11152,*,0.108576787478157,DENND3,chr8-141127988-141128870,3.35271580677398,0.000400114142537369,0.0368237249047399
chr19,35462788,35774532,311745,*,0.0583618819278343,ARHGAP33,chr19-35462333-35463242,3.35277781195043,0.00040002452249015,0.0368237249047399
chr19,489176,753069,263894,*,0.083857140925523,MADCAM1,chr19-752606-753531,3.35258528623678,0.000400302853113306,0.0368323974255201
chr2,63713013,64019072,306060,*,0.0533754576144693,VPS54,chr2-63712526-63713499,3.35238418710514,0.000400593770050415,0.0368417745793098
chr7,140316329,140404433,88105,*,0.338760796593229,SLC37A3,chr7-140315870-140316787,3.35205993585965,0.000401063256332568,0.0368762529735294
chr19,41883161,41887763,4603,*,0.0505719536754082,ARHGEF1,chr19-41887333-41888193,3.35181640078792,0.000401416208658154,0.0368917380202042
chr17,48430275,48430295,21,*,0.0747753946875897,SKAP1,chr17-48429869-48430721,3.35159211293066,0.000401741521190553,0.0369124995331556
chr7,149239596,149262171,22576,*,0.161362300906545,ZNF783,chr7-149239144-149240048,3.35142384029718,0.000401985748498513,0.0369170422312054
chrX,150980509,150983296,2788,*,0.0934642828200244,HMGB3,chrX-150982843-150983749,3.3513623371479,0.000402075047232535,0.0369170422312054
chr12,39443332,39443390,59,*,0.0670597300402627,KIF21A,chr12-39442878-39443786,3.35125950527469,0.000402224393814835,0.0369220589539678
chr7,5190188,5424077,233890,*,0.104621186266248,WIPI2,chr7-5423640-5424513,3.35030478310942,0.000403613432254948,0.0370321260982481
chr7,100436565,100466086,29522,*,0.116507069745127,PPP1R35,chr7-100465638-100466533,3.35015772263446,0.000403827787771215,0.037043075463102
chr1,247172016,247359100,187085,*,0.0757394699237944,ZNF124,chr1-247358672-247359528,3.34989314546684,0.000404213701764378,0.0370610348213185
chr19,51417668,51795163,377496,*,0.171782140818379,FPR3,chr19-51417222-51418113,3.34982459018146,0.000404313752762387,0.0370614919214489
chr22,37162779,37244448,81670,*,0.092099593554428,RAC2,chr22-37162333-37163225,3.34975817301061,0.000404410705267224,0.0370616648495152
chr1,149888263,150321476,433214,*,0.0588042326397211,PRPF3,chr1-149887809-149888717,3.34950764837317,0.00040477660294415,0.037077765087167
chr5,98510459,98795766,285308,*,0.12730303060472,AC008522.1,chr5-98509988-98510929,3.34930485454326,0.000405073013495564,0.037096200248361
chr1,27626272,27635277,9006,*,0.114511701503188,FGR,chr1-27625878-27626666,3.34902063551234,0.000405488776921307,0.0371255544059008
chr12,10286141,10391874,105734,*,0.0611421385152392,KLRK1,chr12-10285695-10286587,3.34884154104943,0.000405750964562402,0.0371321185531882
chr12,123223463,123244014,20552,*,0.0618172857292977,MPHOSPH9,chr12-123223004-123223922,3.34856331107451,0.000406158594941077,0.0371519804211564
chr22,26658969,26672767,13799,*,0.051229893349998,MIATNB,chr22-26658533-26659405,3.3485699694914,0.00040614883536246,0.0371519804211564
chr10,44959407,44959667,261,*,0.124717234156778,RASSF4,chr10-44959220-44960113,3.34814165102054,0.000406777086833234,0.0371998266141473
chr11,67437319,67583595,146277,*,-0.0541474615245899,GSTP1,chr11-67436866-67437771,-3.34792578009165,0.000407094064894136,0.0372200833459448
chr17,58518052,58692573,174522,*,0.0627876593768904,RAD51C,chr17-58517606-58518498,3.34764833924152,0.000407501786840421,0.0372486252293815
chr2,218034960,218382133,347174,*,0.0736512090727175,RUFY4,chr2-218381672-218382594,3.34750622752871,0.00040771077829804,0.0372589925787734
chr1,201509456,201829224,319769,*,0.0796432303548645,CSRP1,chr1-201828817-201829631,3.34705979527308,0.000408367954856679,0.0373015613722554
chr19,38515357,38930896,415540,*,0.0695835859898555,SARS2,chr19-38514953-38515761,3.34697539345329,0.000408492310098513,0.0373041799195421
chr11,114059593,114179462,119870,*,0.12703089005912,ZBTB16,chr11-114179005-114179919,3.34597178370372,0.000409973695429374,0.0374131706719411
chr6,139135032,139135112,81,*,0.0572580337195144,HECA,chr6-139134588-139135475,3.34577349874839,0.000410266964366219,0.0374311716808095
chr7,151048292,151227313,179022,*,0.0871565134070396,ASIC3,chr7-151226856-151227769,3.34538949215765,0.000410835474280776,0.037474270313362
chr17,3911459,3964464,53006,*,0.06536005093977,ATP2A3,chr17-3911021-3911897,3.34532431355822,0.000410932041711586,0.037474310719379
chr6,26240426,26421440,181015,*,0.0655984286122787,HIST1H4F,chr6-26421004-26421876,3.34521048652313,0.000411100736285102,0.0374809270912581
chr17,7579467,8056470,477004,*,0.199655807245269,CD68,chr17-8056041-8056898,3.34513092332478,0.000411218689124633,0.0374829152192229
chr19,40777526,41262496,484971,*,0.0704251559353414,HNRNPUL1,chr19-40777336-40777716,3.34501273112272,0.000411393967621116,0.0374901264761635
chr1,26542286,26693236,150951,*,0.0581969558282969,ARID1A,chr1-26541821-26542750,3.34435448214402,0.000412371416470295,0.0375440965562302
chr6,32437524,32530287,92764,*,0.10726497057896,HLA-DRB5,chr6-32437103-32437945,3.34454527163516,0.000412087887317023,0.0375440965562302
chr16,89921817,90092072,170256,*,0.132280270788141,PRDM7,chr16-89921379-89922254,3.34442802535285,0.0004122621036779,0.0375440965562302
chr11,34105602,34266733,161132,*,0.0809407655085764,NAT10,chr11-34266281-34267185,3.34408326977877,0.000412774772242292,0.0375720454140093
chr19,49325225,49802371,477147,*,0.068844638634139,SLC6A16,chr19-49801983-49802758,3.34381023418033,0.000413181209277182,0.0376002616244464
chr9,127778741,127903779,125039,*,0.0575955242993646,SH2D3C,chr9-127903264-127904293,3.34356219914899,0.000413550752609269,0.0376163294461569
chr12,8396803,8466540,69738,*,0.0837780941586553,LINC00937,chr12-8466107-8466973,3.34360872225826,0.000413481415237016,0.0376163294461569
chr6,30345131,30489485,144355,*,0.0776106655270061,RPP21,chr6-30489103-30489866,3.34294757941236,0.000414467786143198,0.0376645909938224
chr7,151251964,151341699,89736,*,0.309903156390674,NUB1,chr7-151251510-151252418,3.34311392441876,0.00041421940773153,0.0376645909938224
chr14,93066264,93116320,50057,*,0.0609536455622026,ITPK1,chr14-93065811-93066717,3.34303409791918,0.000414338583607412,0.0376645909938224
chr7,75899200,76294790,395591,*,0.1787440794783,POR,chr7-76294359-76295221,3.34267819094979,0.000414870317186673,0.0376923847345278
chr16,90001998,90020128,18131,*,0.122230723105741,DBNDD1,chr16-90001378-90002618,3.34191728670689,0.000416009250511039,0.037787054596978
chr7,148698902,149028641,329740,*,0.257443492884949,PDIA4,chr7-148698471-148699332,3.34142092602844,0.000416753773312849,0.0378458635065364
chr6,149749665,149963790,214126,*,0.0510223054949361,NUP43,chr6-149963355-149964225,3.34098922680588,0.000417402311083432,0.0378959305497201
chr20,50958826,51425593,466768,*,0.0885957264002901,MOCS3,chr20-51425257-51425929,3.34074662950582,0.00041776717351446,0.0379202254083723
chr4,73724139,73869393,145255,*,0.146947283829453,CXCL1,chr4-73723683-73724595,3.34013110829024,0.000418694235473545,0.0379778466933068
chr10,69045714,69269984,224271,*,0.0547818056758931,HK1,chr10-69045282-69046145,3.34013774175522,0.000418684234373947,0.0379778466933068
chr11,32829943,33063521,233579,*,0.087049897299971,PRRG4,chr11-33062975-33064067,3.34016533763982,0.000418642631167402,0.0379778466933068
chr1,231140118,231241187,101070,*,0.0547040762175027,C1orf131,chr1-231139660-231140575,3.33999385584843,0.00041890121708026,0.0379789482049241
chr9,127838683,128068201,229519,*,0.0906034629950905,SLC25A25,chr9-127838224-127839142,3.33999889844409,0.000418893610985959,0.0379789482049241
chr17,1710438,1764500,54063,*,0.0773569318628324,TLCD2,chr17-1764082-1764918,3.33964817187981,0.000419422941525699,0.0380151152663457
chr16,69186908,69187129,222,*,0.0544167224851351,SNTB2,chr16-69186433-69187382,3.33908723543054,0.000420270819024754,0.0380765557374944
chr16,70026498,70346829,320332,*,0.0519406516745874,DDX19A,chr16-70025963-70027032,3.338363641328,0.000421366908162244,0.0381315533613898
chr2,108786757,109032001,245245,*,0.07586197758128,CCDC138,chr2-109031543-109032459,3.33829283035977,0.000421474313829671,0.0381324214887735
chr17,7558345,7579467,21123,*,0.113224514409587,CD68,chr17-7557919-7558770,3.33779114009403,0.00042223600229454,0.0381836116832593
chr20,50292720,50721945,429226,*,0.0890233690441869,LINC01270,chr20-50721541-50722349,3.33772096102261,0.000422342653010703,0.0381843988779055
chr12,111397137,111766887,369751,*,0.106592807601261,ALDH2,chr12-111396704-111397570,3.33703143627881,0.000423391849166573,0.0382703823745159
chr7,128862826,129344533,481708,*,0.19924902133366,ATP6V1F,chr7-129344081-129344984,3.3367336781682,0.000423845671429669,0.0383025226467777
chr10,6144934,6202868,57935,*,0.080267367233786,PFKFB3,chr10-6202442-6203294,3.33643326073975,0.000424304004017665,0.0383350555212734
chr17,71741053,72030291,289239,*,0.0975836484789567,LINC01152,chr17-71740609-71741497,3.33586176075265,0.000425177183596281,0.0384050452686231
chr9,136631621,136881912,250292,*,0.0545340129610985,TRAF2,chr9-136631138-136632103,3.33547341794061,0.000425771472851107,0.0384320120939916
chr10,89207314,89235619,28306,*,0.0839032004859554,CH25H,chr10-89235162-89236076,3.33555470978268,0.000425647006503204,0.0384320120939916
chr19,54223506,54364965,141460,*,0.138120692002216,LILRB3,chr19-54364582-54365347,3.33548068693581,0.00042576034188201,0.0384320120939916
chr4,13654352,13655179,828,*,0.134731147309576,LINC01182,chr4-13653926-13654777,3.3350874921512,0.000426362826392466,0.0384764816191564
chr12,44848144,44921848,73705,*,0.0558199835638882,NELL2,chr12-44847713-44848575,3.33451314013829,0.000427244315620629,0.0385381885546815
chr22,38408919,38570286,161368,*,0.0602615699891104,DMC1,chr22-38408496-38409342,3.33414330812774,0.000427812811080672,0.0385716188772947
chr1,7784079,8026308,242230,*,0.0770140186051277,ERRFI1,chr1-7783620-7784538,3.33357476916712,0.00042868812158051,0.0386334874430098
chr1,201171574,201496084,324511,*,0.152350918378371,TMEM9,chr1-201495623-201496545,3.33350457062815,0.00042879631287233,0.0386334874430098
chr8,27615031,27751112,136082,*,0.122373162288994,CLU,chr8-27750736-27751488,3.33355900569127,0.000428712414337955,0.0386334874430098
chr10,12129637,12195979,66343,*,0.0743030896637982,SEC61A2,chr10-12195579-12196379,3.33328989513591,0.000429127331866732,0.0386543781383801
chr7,134317051,134720219,403169,*,0.259658933490083,SLC35B4,chr7-134719886-134720551,3.33290016117184,0.000429728888051822,0.0386960099391941
chr19,18023971,18173162,149192,*,0.169707850598079,IFI30,chr19-18023497-18024444,3.33286187188527,0.000429788029910609,0.0386960099391941
chr19,44844780,44946035,101256,*,0.0900046236445549,APOC2,chr19-44844414-44845145,3.33272537891854,0.000429998919171626,0.0387060583322319
chr7,152436601,152463786,27186,*,0.153192800594704,LINC01003,chr7-152436212-152436989,3.33216883375442,0.000430859806248867,0.0387745976883041
chr7,36724377,36724549,173,*,0.130397127668607,AOAH,chr7-36723935-36724818,3.33195952017426,0.000431183994521548,0.0387909694746815
chr14,91867536,91873572,6037,*,0.0709926440634529,TC2N,chr14-91873121-91874022,3.33192290262363,0.000431240731619357,0.0387909694746815
chr20,63864177,63895182,31006,*,0.0687756401835104,DNAJC5,chr20-63863816-63864538,3.33184265315915,0.00043136509843812,0.0387932056185232
chr10,88851818,89235619,383802,*,0.189031838515301,ANKRD22,chr10-89235162-89236076,3.33136521870942,0.000432105691515541,0.0388329340822307
chr17,1229842,1628886,399045,*,0.0851521062873232,SLC43A2,chr17-1229422-1230262,3.33094688554627,0.000432755576014818,0.0388644613730773
chr9,114373193,114394405,21213,*,0.0645494405825102,AKNA,chr9-114372742-114373644,3.33062740267247,0.000433252505909052,0.0388911710646225
chr7,151251964,151277896,25933,*,0.260824139552552,SMARCD3,chr7-151251510-151252418,3.32996707809849,0.00043428126497789,0.038974544133094
chr1,153566598,153671048,104451,*,0.123579192917187,ILF2,chr1-153566164-153567031,3.3298347607222,0.000434487682327677,0.0389746345503255
chr7,134690113,134986508,296396,*,0.197443054822316,AGBL3,chr7-134689707-134690518,3.32977419824332,0.000434582191165532,0.0389746345503255
chr15,74957219,75029750,72532,*,0.113566308639024,SCAMP5,chr15-75029317-75030183,3.32980601511672,0.000434532537985975,0.0389746345503255
chr1,150149183,150611710,462528,*,0.115167663338998,PLEKHO1,chr1-150611261-150612158,3.32932271258387,0.000435287343589256,0.0390199929853429
chr17,35214554,35713791,499238,*,0.0522189271993254,TAF15,chr17-35214136-35214972,3.32932220709246,0.000435288133684722,0.0390199929853429
chr12,75390928,75560303,169376,*,0.0641156166691896,CAPS2,chr12-75559873-75560733,3.32920520391759,0.000435471048290923,0.0390274158892673
chr1,234373456,234611091,237636,*,0.0722937107045362,COA6,chr1-234610650-234611532,3.32901531726093,0.000435768055540428,0.0390360863944272
chr21,45073853,45307169,233317,*,0.0956778345982973,ADARB1,chr21-45306717-45307620,3.32904858662041,0.000435716004399469,0.0390360863944272
chr9,127742855,128055864,313010,*,0.110527013833597,AL162426.1,chr9-128055428-128056300,3.32865919059898,0.000436325590119725,0.0390770512197002
chr7,139133744,139341737,207994,*,0.270910643309607,TTC26,chr7-139341329-139342144,3.32836052218715,0.000436793680697129,0.039109988517946
chr3,156749277,156817062,67786,*,0.0708783548727554,LINC00886,chr3-156748859-156749694,3.32811423688003,0.000437180023626429,0.0391266084873302
chr2,74473322,74902301,428980,*,0.0799190071607079,MRPL53,chr2-74901891-74902711,3.32804672115483,0.000437285989537301,0.0391271098446399
chr15,49423096,49852869,429774,*,0.179358105006982,FGF7,chr15-49852443-49853294,3.32780664839123,0.000437662976580789,0.0391518556094479
chr5,176619367,177022696,403330,*,0.0598312288402921,ZNF346,chr5-176618914-176619819,3.32712581786555,0.000438733726550503,0.0392386374772119
chr2,8583866,8678845,94980,*,0.0731622597280382,ID2,chr2-8583411-8584321,3.32683344376891,0.000439194291637189,0.0392550272799633
chr6,116279903,116461884,181982,*,0.0510533761909804,TSPYL1,chr6-116461346-116462422,3.32685954446357,0.000439153158054798,0.0392550272799633
chr18,2847030,3178163,331134,*,0.153546427940141,EMILIN2,chr18-3177718-3178608,3.32675384867527,0.00043931975216872,0.0392550272799633
chr10,96719994,96720514,521,*,0.0990231851630136,PIK3AP1,chr10-96719751-96720237,3.32634931068194,0.000439957912635489,0.0393030412824864
chr6,32969094,33019076,49983,*,0.0639710898815803,HLA-DMA,chr6-33018625-33019526,3.326157017288,0.000440261557559297,0.0393162623652406
chr7,129952891,130266827,313937,*,0.10259397493843,CPA2,chr7-129952468-129953313,3.32612786520479,0.000440307607724573,0.0393162623652406
chr8,22089159,22393119,303961,*,0.0787802218083081,FAM160B2,chr8-22392701-22393536,3.32578238624421,0.000440853684615905,0.0393560088515868
chr8,23067821,23457695,389875,*,0.0524405318592021,ENTPD4,chr8-23067419-23068223,3.32566945924952,0.000441032317333293,0.0393629420734933
chr1,156123815,156591762,467948,*,0.143820475284023,NAXE,chr1-156123394-156124235,3.32524290062614,0.000441707671489688,0.0394141952725104
chr6,26204552,26240335,35784,*,0.0544908307047597,HIST1H4E,chr6-26239884-26240786,3.32484928584141,0.000442331717298306,0.0394608477464941
chr7,99143358,99374249,230892,*,0.240976596460347,ARPC1B,chr7-99142936-99143780,3.32455542077657,0.000442798150403025,0.0394934213065477
chr9,1980290,2025413,45124,*,0.0830015664336159,SMARCA2,chr9-2024964-2025862,3.32432002728932,0.000443172104182771,0.03950555307613
chr19,10309880,10731707,421828,*,0.0818916706685524,ZGLP1,chr19-10731298-10732115,3.32427121325534,0.000443249688391777,0.03950555307613
chr1,185316206,185317329,1124,*,0.0638955862319333,IVNS1ABP,chr1-185315848-185316564,3.32373791277637,0.000444098127835179,0.0395189553373203
chr6,31734826,31739763,4938,*,0.054909592854012,CLIC1,chr6-31734384-31735267,3.32402923956594,0.000443634463259929,0.0395189553373203
chr7,155003302,155003448,147,*,0.285013248908428,PAXIP1-AS1,chr7-155002846-155003758,3.32396229561435,0.000443740968963876,0.0395189553373203
chr19,39398572,39435948,37377,*,-0.0592206133305108,RPS16,chr19-39398257-39398887,-3.32377255556932,0.000444042968167609,0.0395189553373203
chr1,109231366,109509738,278373,*,0.141501003834453,AMIGO1,chr1-109230927-109231805,3.323562135492,0.000444378105485926,0.0395258255030571
chr6,26043657,26240335,196679,*,0.0652325217489697,HIST1H2BB,chr6-26239884-26240786,3.3235775889694,0.000444353484664507,0.0395258255030571
chr1,149782671,150149872,367202,*,0.122577695977583,FCGR1A,chr1-150149407-150150336,3.32326001011688,0.000444859712416771,0.0395596369993392
chr10,75401906,75788568,386663,*,0.113362136849123,ZNF503,chr10-75788207-75788928,3.32308279180441,0.000445142434691722,0.039569023401658
chr13,48501005,48975912,474908,*,0.0633337282321169,FNDC3A,chr13-48500548-48501461,3.32306660874375,0.00044516826036463,0.039569023401658
chr5,55037492,55102648,65157,*,0.0669385749336159,GZMA,chr5-55036975-55038009,3.32264398354885,0.000445843197047369,0.0396161128254216
chr7,150903875,151277896,374022,*,0.228732165255548,SMARCD3,chr7-150903449-150904300,3.32260142157574,0.000445911221493293,0.0396161128254216
chr16,84699978,84898284,198307,*,0.0696289054461976,USP10,chr16-84897848-84898719,3.32254407452158,0.00044600289132998,0.0396161128254216
chr2,46547609,46698952,151344,*,0.0785951506678372,SOCS5,chr2-46547153-46548064,3.32180613168698,0.000447184060002024,0.0397029378637916
chr21,44911711,44939913,28203,*,0.103468891340956,LINC01547,chr21-44911306-44912115,3.32146187056936,0.000447736083717896,0.0397339781688381
chr7,148941251,149090782,149532,*,0.160110179129075,ZNF786,chr7-148940811-148941691,3.32122784389249,0.00044811170674422,0.0397581349789821
chr6,36678640,37005646,327007,*,0.119665454424884,FGD2,chr6-36678195-36679084,3.32054348639046,0.00044921180698858,0.0398415505566537
chr19,51142350,51342124,199775,*,0.0619529782507359,VSIG10L,chr19-51141897-51142802,3.32051585783038,0.000449256272244467,0.0398415505566537
chr5,157142933,157390685,247753,*,0.0940865789647499,ITK,chr5-157390259-157391110,3.32040298099087,0.000449437978005569,0.0398486000912957
chr7,129188872,129316120,127249,*,0.237824573778093,SMO,chr7-129315670-129316570,3.31993622235936,0.000450190075543236,0.0398971360151584
chr13,48533256,48660842,127587,*,0.0766059495232423,RCBTB2,chr13-48660414-48661269,3.3195303142814,0.000450845071493734,0.0399461029118126
chr9,122370530,122821799,451270,*,0.0531910184387412,PTGS1,chr9-122821367-122822230,3.31943540003796,0.00045099835777821,0.0399506048117588
chr7,134459284,134720219,260936,*,0.233979971656064,AKR1B1,chr7-134719886-134720551,3.3192121195994,0.000451359145662939,0.0399559662740154
chr19,11374957,11529174,154218,*,0.0712620694127543,ECSIT,chr19-11374499-11375415,3.31920766085402,0.000451366353053886,0.0399559662740154
chr1,247172016,247361412,189397,*,0.0719380354288467,ZNF124,chr1-247361054-247361770,3.31881565105713,0.000452000438967227,0.0399939344376421
chr6,149271929,149718256,446328,*,0.0530536083593519,LATS1,chr6-149271485-149272372,3.31858054794228,0.000452381120226646,0.0400185351673697
chr17,16973971,17206315,232345,*,0.0666263473115759,PLD6,chr17-16973530-16974411,3.31814915058482,0.000453080416003395,0.040071303616097
chr7,139340359,139360472,20114,*,0.291208979547646,LUC7L2,chr7-139360280-139360664,3.31707684177542,0.000454822972557094,0.0402071758497343
chr10,5976167,5978187,2021,*,0.101868905458272,IL15RA,chr10-5975717-5976617,3.31667620756729,0.000455475615826142,0.0402556285722343
chr22,24011255,24270817,259563,*,0.0604707624623275,SPECC1L,chr22-24010796-24011713,3.31661365948769,0.000455577586521803,0.0402556285722343
chr7,134127299,134316926,189628,*,0.271452901712946,LRGUK,chr7-134316497-134317354,3.3165422213412,0.00045569407636912,0.0402567974304678
chr14,74713144,74905758,192615,*,0.0647658176266819,FCF1,chr14-74905315-74906200,3.31593178949794,0.000456690596767438,0.0403356915566332
chr1,22652762,22662426,9665,*,0.191083445081857,C1QB,chr1-22661966-22662886,3.31572635255073,0.000457026423284996,0.0403562095516426
chr20,31666825,31723989,57165,*,0.0847408480468705,BCL2L1,chr20-31666392-31667257,3.31564021924727,0.000457167292944076,0.0403595071306237
chr2,86795125,86808396,13272,*,0.0638861245180102,CD8A,chr2-86794767-86795483,3.31527000149818,0.000457773236507438,0.0403947061563825
chr6,32664835,32969094,304260,*,0.0816000521968755,HLA-DMA,chr6-32664429-32665241,3.31439532982506,0.000459207788456367,0.0405029580871701
chr10,10798397,11163324,364928,*,0.121414620857927,CELF2,chr10-11162882-11163766,3.31405406256424,0.000459768630919751,0.0405249198058618
chr16,89026221,89217703,191483,*,0.0705290871383198,ZNF778,chr16-89025785-89026656,3.31407278558808,0.000459737844842682,0.0405249198058618
chr22,32382052,32532752,150701,*,0.061417621573379,RFPL3S,chr22-32532310-32533194,3.31368494186752,0.000460375962526066,0.0405509466205856
chr8,119427656,119673453,245798,*,0.267185657451493,ENPP2,chr8-119427230-119428082,3.31359552766148,0.000460523191720755,0.0405547520530201
chr16,56912000,56932048,20049,*,0.118886919347637,HERPUD1,chr16-56911586-56912413,3.31324374729229,0.000461102855926306,0.0405874623139721
chr7,156640654,156640662,9,*,0.175360052976299,LINC01006,chr7-156640207-156641117,3.31294533549347,0.00046159510925048,0.0406032889285917
chr1,201171574,201565584,394011,*,0.154968820684729,TMEM9,chr1-201565166-201566002,3.31224081529782,0.000462759202234206,0.0406924126799158
chr11,128587558,128628870,41313,*,0.0662846636999772,ETS1,chr11-128628455-128629284,3.31220583998835,0.000462817063456764,0.0406924126799158
chr22,50475024,50620650,145627,*,0.0583478327216846,SBF1,chr22-50620236-50621063,3.31177336432542,0.000463533081463117,0.0407418785627209
chr10,102503987,102816224,312238,*,0.0975559131906714,SUFU,chr10-102815759-102816688,3.31159388364138,0.000463830535626016,0.0407539468052454
chr16,10944488,11311190,366703,*,0.0509198916682305,CLEC16A,chr16-11310951-11311429,3.31125017498241,0.000464400659262633,0.04078565573662
chr6,52497883,52577307,79425,*,0.0781752316527359,TRAM2-AS1,chr6-52497527-52498238,3.31109358791221,0.000464660611875461,0.0407992947884847
chr17,1198184,1645747,447564,*,0.106483961260534,SCARF1,chr17-1197793-1198574,3.31102654886984,0.000464771945634838,0.0407998812316219
chr7,102912991,103280403,367413,*,0.084919817304076,LRRC17,chr7-103279952-103280853,3.31082186299994,0.00046511202658447,0.0408113557929347
chr7,103074843,103117187,42345,*,0.112585360035013,FBXL13,chr7-103116756-103117618,3.31087185632985,0.000465028942523549,0.0408113557929347
chr9,87497228,87555051,57824,*,0.215917960966327,DAPK1,chr9-87554617-87555484,3.3106029690024,0.00046547596912448,0.0408249128267979
chr1,179143134,179229684,86551,*,0.0769165421906713,ABL2,chr1-179142719-179143549,3.31044989134839,0.000465730639348294,0.0408380614510147
chr16,89784474,89816657,32184,*,0.0534700983555348,FANCA,chr16-89784047-89784901,3.31001197165924,0.000466459904912196,0.0408928101753608
chr15,41621224,41929204,307981,*,0.0540786619412194,MGA,chr15-41928673-41929735,3.30994533604149,0.000466570965583326,0.0408929174904808
chrX,48912865,48919024,6160,*,0.0811775625312104,PIM2,chrX-48912467-48913262,3.30988537910567,0.000466670915924888,0.0408929174904808
chr7,151249693,151341699,92007,*,0.322731971705359,NUB1,chr7-151249294-151250092,3.30978948702696,0.000466830812661698,0.0408977361747839
chr7,140349367,140673153,323787,*,0.209173794671955,ADCK2,chr7-140348935-140349799,3.3097107980828,0.000466962061678448,0.0409000435114505
chr11,2826556,2885881,59326,*,0.0896837180683006,CDKN1C,chr11-2826030-2827081,3.30913407555567,0.000467925048486629,0.040956784014955
chr1,24745357,24965191,219835,*,-0.0662052777999098,CLIC4,chr1-24964757-24965625,-3.3090010994999,0.000468147347122354,0.0409670436746002
chr7,151083514,151232489,148976,*,0.322806789225909,CHPF2,chr7-151083060-151083967,3.30769831362467,0.000470330420109068,0.0411396129549832
chr5,150113372,150195990,82619,*,0.149717602035103,CSF1R,chr5-150195626-150196353,3.30760805503797,0.00047048201483623,0.0411436416437717
chr8,94896678,94905488,8811,*,0.0560438287937606,CCNE2,chr8-94905027-94905949,3.30745773503463,0.000470734586798348,0.0411564970021326
chr19,55675226,56091848,416623,*,0.0926214650788082,EPN1,chr19-56091476-56092219,3.30731097473605,0.000470981298820255,0.041168834373918
chr1,193059502,193186654,127153,*,0.0510794850679737,B3GALT2,chr1-193059051-193059953,3.30710284444964,0.000471331382514687,0.0411901999856794
chr21,14546363,14583402,37040,*,0.0733309928102678,SAMSN1,chr21-14545928-14546797,3.30679819727008,0.000471844246271782,0.0412257783723771
chr2,219155383,219627327,471945,*,0.106629726420819,SLC4A3,chr2-219155129-219155637,3.30670902323075,0.000471994465686172,0.0412296631047918
chr15,78131544,78203593,72050,*,0.125389410889519,CIB2,chr15-78203043-78204143,3.30661758623944,0.000472148543191843,0.0412338830332496
chr17,82752064,83083841,331778,*,0.0504559593022506,TBCD,chr17-83083383-83084298,3.30634326783988,0.000472611067837596,0.0412650324789748
chr17,63477061,63499378,22318,*,0.111296729199367,ACE,chr17-63498942-63499813,3.30608766303825,0.000473042417450838,0.0412934466027864
chr22,39282683,39320389,37707,*,-0.0678791455789265,RPL3,chr22-39282251-39283115,-3.30574943565859,0.000473613758580267,0.0413340655943663
chr20,32040533,32052188,11656,*,0.116236447393626,HCK,chr20-32040086-32040979,3.3051864103434,0.000474566251214453,0.0413893964582678
chr17,7687550,8156595,469046,*,0.0578565472509817,TP53,chr17-8156131-8157059,3.30504321573471,0.000474808782180091,0.041401286815136
chr1,203475828,203600176,124349,*,0.141550243723737,PRELP,chr1-203599728-203600624,3.3045742186647,0.000475603933971631,0.0414428128892955
chr11,1389899,1541735,151837,*,0.0572024129992086,BRSK2,chr11-1541252-1542218,3.30430052886178,0.000476068525672449,0.0414740261163029
chr19,6753720,6887566,133847,*,0.060184416447721,ADGRE1,chr19-6753265-6754174,3.30393076725491,0.000476696868038402,0.041512478244906
chr20,46111402,46118272,6871,*,0.1089387554004,CD40,chr20-46110958-46111845,3.30372168063512,0.000477052512496881,0.0415319062308919
chr3,45940933,45994976,54044,*,0.0582499146882018,CXCR6,chr3-45994641-45995310,3.30350887130171,0.000477414741434105,0.0415541620400913
chr12,7933449,7936275,2827,*,0.0511003082226315,SLC2A3,chr12-7933007-7933890,3.30332677955189,0.000477724887316376,0.0415718756183178
chr7,2108735,2233243,124509,*,0.074128798531732,MAD1L1,chr7-2108329-2109141,3.30263393720649,0.000478906670556966,0.0416605077985449
chr6,26032123,26250605,218483,*,0.0509936162914669,HIST1H3F,chr6-26031694-26032552,3.3024368234612,0.000479243382481694,0.0416668133691466
chr19,19492081,19628930,136850,*,0.0514540476315545,LPAR2,chr19-19491542-19492620,3.30234864795259,0.000479394075850622,0.0416706219082535
chr8,28316986,28339450,22465,*,0.0554240587740156,PNOC,chr8-28338952-28339948,3.30089737711234,0.000481880635206974,0.0418587632345609
chr13,30374761,30617693,242933,*,0.0597884504618684,USPL1,chr13-30374348-30375174,3.30093623435646,0.000481813903154083,0.0418587632345609
chr7,129611714,129914702,302989,*,0.164701038811719,NRF1,chr7-129914237-129915167,3.30062490232377,0.000482348814260827,0.041871658455558
chr7,141650034,141778442,128409,*,0.095446783149445,TAS2R4,chr7-141649630-141650438,3.30062345762476,0.00048235129773327,0.041871658455558
chr20,58981208,59163861,182654,*,0.0638902732301182,NELFCD,chr20-59163431-59164290,3.30064767865673,0.000482309662760137,0.041871658455558
chr5,172113167,172188386,75220,*,0.0550971991856988,STK10,chr5-172112762-172113571,3.30050582275535,0.000482553554655111,0.0418798905586385
chr6,26055381,26056428,1048,*,0.0583450450914721,HIST1H1C,chr6-26054978-26055783,3.30039337286128,0.000482746970152971,0.0418873518379871
chr6,26251651,26285513,33863,*,0.057510138295794,HIST1H2BH,chr6-26285055-26285970,3.30003740767544,0.000483359709061082,0.0419311858693549
chr1,204065461,204152003,86543,*,0.118571093247673,ETNK2,chr1-204064960-204065961,3.29972785124659,0.000483893147940701,0.0419587881474596
chr6,32623126,32668383,45258,*,0.0558494663461185,HLA-DQB1,chr6-32622730-32623522,3.29964588978675,0.000484034478164039,0.0419617098913069
chr7,99267728,99558536,290809,*,0.112426652084696,FAM200A,chr7-99267282-99268173,3.29956228316912,0.000484178684600582,0.0419648796240343
chr8,103372258,103500748,128491,*,0.0962371021872751,RIMS2,chr8-103371959-103372556,3.29949940914106,0.000484287157244901,0.0419649515061656
chr7,139133744,139231158,97415,*,0.260826575973934,TTC26,chr7-139230712-139231604,3.29898166263739,0.000485181249127353,0.0420330845188437
chr10,30433937,30459512,25576,*,0.134074672547534,MAP3K8,chr10-30459033-30459991,3.29890338035592,0.000485316567072053,0.0420354664088367
chr16,3020305,3046681,26377,*,0.0630990517889421,MMP25,chr16-3020069-3020541,3.29884023592068,0.000485425743357045,0.042035583496053
chr7,116013648,116159896,146249,*,0.0701979503265366,TFEC,chr7-116013193-116014102,3.29853893715109,0.000485947000069918,0.0420713768312809
chr5,172006873,172188399,181527,*,0.0630038225198903,FBXW11,chr5-172187974-172188823,3.2982489617029,0.000486449156515414,0.0420929548029076
chr6,31397095,31546870,149776,*,0.0787062240997661,NFKBIL1,chr6-31396656-31397534,3.29823033069317,0.000486481436641409,0.0420929548029076
chr19,35745445,35868592,123148,*,0.0530715295955946,U2AF1L4,chr19-35868168-35869015,3.29820798692642,0.000486520152113883,0.0420929548029076
chr7,76201900,76310749,108850,*,0.0896404747355777,SRRM3,chr7-76310300-76311198,3.29782007846577,0.000487192743446877,0.0421417939689931
chr6,158819412,158819424,13,*,0.063660363658864,EZR,chr6-158818976-158819872,3.29758618936791,0.000487598697852062,0.0421582008327838
chr14,93959615,94026329,66715,*,0.0510287315676876,OTUB2,chr14-93959174-93960055,3.29749930671597,0.000487749577282086,0.0421618953885977
chr9,75088217,75088338,122,*,0.0688024726221442,NMRK1,chr9-75087887-75088788,3.29741872212811,0.000487889558210282,0.0421646464303691
chr17,1577363,1761959,184597,*,0.0806634664237567,SERPINF1,chr17-1576928-1577798,3.29727937406467,0.000488131703093512,0.0421762235625913
chr5,14809817,14871778,61962,*,0.0592846045445548,ANKH,chr5-14809310-14810324,3.29708846840414,0.000488463620193087,0.0421862027601939
chr2,240605431,240705606,100176,*,0.0510933556339154,GPR35,chr2-240705197-240706014,3.29696651346123,0.000488675765886134,0.0421951771167755
chrX,1471946,1591593,119648,*,0.058840685689272,AKAP17A,chrX-1471506-1472386,3.2967345360138,0.000489079535815609,0.0422206898132832
chr6,47061898,47477789,415892,*,0.0654005966037404,CD2AP,chr6-47061458-47062337,3.29639698909822,0.000489667607227294,0.0422620978553852
chr11,60378482,60396634,18153,*,0.160894253928258,MS4A7,chr11-60396126-60397142,3.29558536200532,0.000491084298144781,0.0423468692325457
chr21,28742463,28885371,142909,*,0.0971350844177482,N6AMT1,chr21-28742021-28742905,3.29545372952232,0.000491314419323548,0.0423573438748615
chr7,100088954,100466086,377133,*,0.169337319220407,COPS6,chr7-100465638-100466533,3.29489137736752,0.000492298653704591,0.0424234338514682
chr10,119029716,119056384,26669,*,0.119138410251945,NANOS1,chr10-119055948-119056820,3.29403499402659,0.000493801011940791,0.0425245971503274
chr22,37849327,38019448,170122,*,0.114981958159494,ANKRD54,chr22-38019006-38019889,3.29392639432023,0.000493991832030879,0.0425245971503274
chr6,32128329,32130291,1963,*,0.0838110878991092,FKBPL,chr6-32127885-32128772,3.29375982264672,0.000494284647096346,0.0425368596097717
chr7,140690777,141015015,324239,*,0.238271588626749,NDUFB2,chr7-141014560-141015469,3.29370635931785,0.000494378663933687,0.0425368596097717
chr19,9768738,9793180,24443,*,0.0832770831826133,ZNF846,chr19-9768298-9769178,3.2935989971606,0.000494567513458831,0.0425437189446055
chr5,157109159,157142869,33711,*,0.0728493813205622,HAVCR2,chr5-157108736-157109581,3.29315958995318,0.000495341124952996,0.0425914707201534
chr10,97640686,97649151,8466,*,0.0621857575583963,PI4K2A,chr10-97648704-97649597,3.29320486694037,0.00049526135945571,0.0425914707201534
chr6,37005646,37221037,215392,*,0.0522340736977609,FGD2,chr6-37220705-37221368,3.29247789298814,0.000496543524582836,0.0426854434720326
chr6,27188513,27473118,284606,*,0.051403225160832,ZNF184,chr6-27187924-27189102,3.29224364499075,0.000496957322372489,0.0427021833902489
chr4,7192538,7654108,461571,*,0.0780554105450699,SORCS2,chr4-7653663-7654553,3.2919285078311,0.000497514514097493,0.0427061990086045
chr6,33289527,33683422,393896,*,0.091107094814651,WDR46,chr6-33682994-33683849,3.29184552986407,0.000497661323004858,0.0427061990086045
chr8,144291591,144332042,40452,*,0.10095526173671,HSF1,chr8-144331603-144332480,3.29187245239873,0.000497613685870395,0.0427061990086045
chr11,75815167,76251503,436337,*,0.108172497499995,UVRAG,chr11-76251144-76251861,3.29184918758683,0.000497654850727811,0.0427061990086045
chr20,31870747,31879897,9151,*,0.0824526211062155,DUSP15,chr20-31879455-31880338,3.29201563058243,0.000497360415174129,0.0427061990086045
chr5,148966280,149063163,96884,*,0.129001750792905,SH3TC2,chr5-148965807-148966753,3.29099294957918,0.000499172076967732,0.0428264156140018
chr7,145910214,146116002,205789,*,0.177154838418578,CNTNAP2,chr7-145909723-145910705,3.29069927809786,0.000499693438875229,0.0428617132084457
chr7,119463,192969,73507,*,0.116989051261698,FAM20C,chr7-119004-119921,3.29037645832212,0.000500267130065239,0.0428937749746228
chr7,130853720,130972445,118726,*,0.21825955938486,AC016831.7,chr7-130972035-130972855,3.29036512875542,0.000500287275195741,0.0428937749746228
chr3,100401193,100833640,432448,*,0.0667673779064133,LNP1,chr3-100833120-100834160,3.29024324589766,0.000500504042908154,0.0429029248319766
chr1,1273885,1427443,153559,*,0.0767769278898836,UBE2J2,chr1-1426962-1427923,3.28985932853101,0.000501187405369053,0.0429520581134175
chr2,86808396,86826230,17835,*,0.119156631284815,CD8A,chr2-86825772-86826688,3.28976365948967,0.000501357828042489,0.0429572202149496
chr14,104694815,104724186,29372,*,0.0846702941364057,ADSSL1,chr14-104694382-104695248,3.28927927314619,0.000502221526691184,0.0430217681001124
chr1,206470476,206703981,233506,*,0.0640236187735134,IKBKE,chr1-206703703-206704259,3.28921175400997,0.000502342027899525,0.0430226371398694
chr7,73667825,73738965,71141,*,0.113265257637437,VPS37D,chr7-73738511-73739418,3.2890921626474,0.000502555527949938,0.0430314688518206
chr7,148987430,148987527,98,*,0.141132259386192,GHET1,chr7-148986976-148987883,3.28887926165837,0.000502935816563702,0.0430476906969485
chr15,63892944,64072033,179090,*,0.059419177472867,DAPK2,chr15-63892431-63893457,3.28849252566145,0.000503627294770736,0.0430948437491135
chr7,151028422,151232456,204035,*,0.27054070933708,ABCB8,chr7-151232012-151232900,3.2883949583284,0.000503801882674718,0.043100322923964
chr10,97334709,97737145,402437,*,0.0789950416296591,FRAT2,chr10-97736714-97737575,3.28805389786226,0.000504412619800279,0.0431431041365464
chr8,38030341,38030468,128,*,0.133676224245803,EIF4EBP1,chr8-38030050-38030885,3.28759941161949,0.000505227533663712,0.0431900350449173
chr16,70113626,70521021,407396,*,0.0643432456914346,PDPR,chr16-70520636-70521405,3.28756255358568,0.000505293675137919,0.0431900350449173
chr14,23115230,23185316,70087,*,0.0663557009520524,RNF212B,chr14-23114769-23115690,3.28746956506515,0.000505460577983403,0.0431948306111323
chr1,54489590,54542257,52668,*,0.107586407157017,ACOT11,chr1-54489188-54489991,3.28700151068228,0.000506301452621891,0.0432572066420227
chr8,29754326,30156297,401972,*,0.0754680802003316,DCTN6,chr8-29753935-29754717,3.28692259990106,0.000506443345846376,0.0432598490939749
chr4,40577267,40749897,172631,*,0.101387414701766,NSUN7,chr4-40576815-40577718,3.28683222943607,0.000506605890487549,0.0432642540237353
chr7,149714781,149838377,123597,*,0.163514722490728,KRBA1,chr7-149837937-149838817,3.28673726013366,0.000506776758854643,0.0432678405701847
chr16,30551795,30740381,188587,*,0.0599908906966981,TMEM265,chr16-30551298-30552292,3.28629676481287,0.000507569993926411,0.0433181211191329
chr11,78418348,78420946,2599,*,0.140526023494194,GAB2,chr11-78420550-78421341,3.28601584474523,0.000508076469106825,0.0433518554682061
chr1,156337314,156638727,301414,*,0.0658355549057223,TSACC,chr1-156638307-156639147,3.28591518950537,0.000508258055815062,0.0433578598633728
chr7,128032107,128266966,234860,*,0.0777778938517307,LRRC4,chr7-128266551-128267381,3.28578408936411,0.000508494656606019,0.0433685536791008
chr6,26124054,26124145,92,*,0.0718621803974006,HIST1H2AC,chr6-26123597-26124510,3.28565345044575,0.000508730526416996,0.0433791804865964
chr7,149090817,149239651,148835,*,0.198201140289626,ZNF212,chr7-149090366-149091268,3.28504574039096,0.000509829084537136,0.0434633475322483
chr6,26199454,26234933,35480,*,0.051753290926217,HIST1H1D,chr6-26199004-26199904,3.28481336533973,0.000510249729159866,0.0434896977289969
chr7,135729258,135977435,248178,*,0.156000306622737,SLC13A4,chr7-135976990-135977880,3.28391899508967,0.000511871714681665,0.0436088749370796
chr6,26124054,26199520,75467,*,0.0611584353952835,HIST1H2BF,chr6-26123597-26124510,3.28350814602684,0.000512618408568559,0.0436343475583559
chr7,150368790,150368833,44,*,0.177643967004114,ZNF775,chr7-150368380-150369285,3.28361811534181,0.000512418447096915,0.0436343475583559
chr19,55209506,55276634,67129,*,0.0943448817919881,PTPRH,chr19-55276226-55277041,3.28356368139808,0.000512517417423917,0.0436343475583559
chr2,63837393,64088246,250854,*,0.0544342748976176,AC012368.1,chr2-63837009-63837777,3.28299627513986,0.000513550114026763,0.0436945742150942
chr19,16134028,16134665,638,*,0.0696369361433115,HSH2D,chr19-16134255-16135075,3.28302389305195,0.000513499804035485,0.0436945742150942
chr7,134316926,134744252,427327,*,0.312704160935394,CALD1,chr7-134316497-134317354,3.28243618434951,0.00051457138465733,0.0437719143468098
chr19,18001132,18045138,44007,*,0.105072242085465,ARRDC2,chr19-18044693-18045583,3.2823280898724,0.000514768700584669,0.0437791464791306
chr1,24502351,24515818,13468,*,0.0545978896228961,RCAN3,chr1-24515349-24516286,3.28213580942725,0.000515119862857834,0.0437852810688639
chr1,32013699,32364278,350580,*,0.0731949648595898,FAM229A,chr1-32013254-32014143,3.2820480026309,0.000515280298361245,0.0437852810688639
chr12,108831792,108857590,25799,*,0.0842215986132422,SSH1,chr12-108831395-108832188,3.28204264814046,0.000515290083272492,0.0437852810688639
chr19,53390348,53467735,77388,*,0.0578669701693035,ZNF813,chr19-53389945-53390750,3.28211373692382,0.000515160188110023,0.0437852810688639
chr4,40191053,40238966,47914,*,0.0576013725189115,RHOH,chr4-40238563-40239369,3.28187977473587,0.000515587803824014,0.0438010321412942
chr4,98929152,98930637,1486,*,0.0611710128277242,EIF4E,chr4-98928718-98929586,3.28175579793197,0.000515814530958438,0.0438012037732975
chr12,95996365,96045913,49549,*,0.055746179798986,HAL,chr12-96045499-96046326,3.28180731825866,0.000515720300066088,0.0438012037732975
chr12,6444867,6774918,330052,*,0.0691029557422383,CD27,chr12-6774472-6775364,3.28152042773971,0.000516245226731294,0.043819135431562
chr20,38962299,39356848,394550,*,0.0645196892305589,DHX35,chr20-39356490-39357205,3.28138431794362,0.000516494441188555,0.0438302984079757
chr19,49301406,49453169,151764,*,0.060479892212773,ALDH16A1,chr19-49300912-49301899,3.28112361039488,0.000516972102659088,0.0438612857814692
chr16,56682424,57115850,433427,*,0.0718592175073934,MT1X,chr16-57115429-57116270,3.28097972023532,0.000517235909445786,0.0438741196190728
chr16,75245626,75268053,22428,*,0.128022165132566,BCAR1,chr16-75245187-75246065,3.28083407654648,0.000517503057995035,0.0438872312737612
chr1,205493456,205568885,75430,*,0.0540431297265084,MFSD4A,chr1-205493028-205493883,3.28069199687301,0.000517763792243508,0.0438997933740139
chr2,60717943,60881521,163579,*,0.125306950453277,REL,chr2-60717501-60718384,3.28060035550946,0.000517932030273099,0.0439045092120087
chr8,141182503,141391993,209491,*,0.0641838337770011,PTP4A3,chr8-141182109-141182896,3.28016986265258,0.000518723019478043,0.0439524465528263
chr15,31161273,31365957,204685,*,-0.103351032486177,TRPM1,chr15-31365494-31366419,-3.28001158438364,0.000519014121517995,0.0439675561282123
chr2,234917763,234951973,34211,*,0.0657027114685373,SH3BP4,chr2-234917304-234918222,3.27948028924042,0.000519992374048258,0.0440217300776246
chr10,103712294,103855543,143250,*,0.0692053388686753,SH3PXD2A,chr10-103711916-103712671,3.27948391940486,0.000519985684186184,0.0440217300776246
chrX,65588377,65601715,13339,*,0.0522340559939261,MSN,chrX-65601284-65602146,3.27955849644585,0.000519848267231364,0.0440217300776246
chr10,77555117,77638595,83479,*,0.219587671249583,KCNMA1,chr10-77554703-77555530,3.27939870572431,0.000520142741544503,0.0440248997126808
chr5,141475947,141494059,18113,*,0.131352357044065,PCDHGC3,chr5-141493617-141494501,3.27930300806406,0.000520319174258092,0.0440302736537585
chr12,12890782,12891485,704,*,0.142639223571172,GPRC5A,chr12-12891054-12891916,3.27908013573246,0.000520730286876161,0.0440540426564624
chr7,150685697,151089274,403578,*,0.116199137937793,GIMAP2,chr7-151088811-151089736,3.27811921668659,0.00052250625214653,0.0441769914144067
chr6,31652705,31945703,292999,*,0.0736095849267026,BAG6,chr6-31945215-31946190,3.27767024420732,0.000523337960205148,0.0442377169258234
chr7,134744252,134986563,242312,*,0.314309113351559,CALD1,chr7-134986133-134986992,3.27744319794398,0.000523759022813799,0.0442618354491555
chr11,75351705,75583346,231642,*,0.0784517515887593,ARRB1,chr11-75583010-75583682,3.27728828896953,0.000524046485001375,0.0442618354491555
chr17,35713791,36149177,435387,*,0.0546053990441533,TAF15,chr17-36148750-36149603,3.27727262459713,0.000524075561260675,0.0442618354491555
chr19,41875516,41997497,121982,*,0.05884666658983,ATP1A3,chr19-41875023-41876008,3.27727162036812,0.000524077425364759,0.0442618354491555
chr4,53366075,53377598,11524,*,0.0869855129074594,SCFD2,chr4-53377164-53378032,3.27687744020221,0.000524809597869905,0.0442930083742817
chr6,6588108,6794209,206102,*,0.118219258291127,LY86,chr6-6793787-6794630,3.27658977020515,0.000525344529636265,0.0442930083742817
chr7,131110096,131431415,321320,*,0.267731933768093,MKLN1,chr7-131430997-131431833,3.27678433072515,0.00052498268279956,0.0442930083742817
chr9,35481496,35605305,123810,*,0.0564075090265869,TESK1,chr9-35481062-35481929,3.27658390338266,0.000525355444431934,0.0442930083742817
chr17,1607558,1716523,108966,*,0.0849943714726722,WDR81,chr17-1607113-1608002,3.27679422946435,0.000524964279128694,0.0442930083742817
chr17,75393959,75405709,11751,*,0.0865654081711295,GRB2,chr17-75393503-75394414,3.27666908344444,0.000525196993724663,0.0442930083742817
chr16,5097808,5098036,229,*,0.106293824513316,EEF2KMT,chr16-5097585-5098486,3.27620195362516,0.000526066485770151,0.0443429574111581
chr19,14778541,14785117,6577,*,0.146385818301176,ADGRE2,chr19-14784667-14785567,3.27522506006249,0.000527889133184347,0.0444500475027393
chrX,39937262,40177329,240068,*,0.0615871151644466,BCOR,chrX-39936775-39937749,3.27521807956577,0.000527902178102672,0.0444500475027393
chr19,55154156,55485004,330849,*,0.111497862708612,NAT14,chr19-55153757-55154554,3.27506499746528,0.000528188327799289,0.0444645381060697
chr14,24634267,24693214,58948,*,0.0633688651436714,GZMB,chr14-24692751-24693677,3.27498627445764,0.000528335537153066,0.0444673285471065
chr1,173350277,173824503,474227,*,0.0649774403105679,DARS2,chr1-173349823-173350730,3.27465361904244,0.000528958010688352,0.0445021817632636
chr17,5282265,5486403,204139,*,0.0539146133957206,RABEP1,chr17-5485974-5486832,3.27464297130111,0.000528977946223089,0.0445021817632636
chr6,39115189,39229488,114300,*,0.0514106826202652,SAYSD1,chr6-39228989-39229987,3.27453486036684,0.00052918039933949,0.0445096088550807
chr16,89358664,89490561,131898,*,0.0552328591366461,ANKRD11,chr16-89358191-89359137,3.27436649997672,0.000529495820886893,0.0445265325203618
chr6,32473560,32969094,495535,*,0.100766492271076,HLA-DMA,chr6-32473117-32474002,3.27388373282592,0.000530401245164802,0.0445595287374619
chr7,141015015,141015228,214,*,0.288019192635802,MRPS33,chr7-141014560-141015469,3.27369635614743,0.000530753053683499,0.0445595287374619
chr17,1738164,1761959,23796,*,0.0644452429585571,SERPINF1,chr17-1737787-1738540,3.27389346257075,0.00053038298300514,0.0445595287374619
chr17,17119571,17281293,161723,*,0.0757693659958636,COPS3,chr17-17119167-17119975,3.27380440034915,0.000530550169275215,0.0445595287374619
chr19,48170603,48469110,298508,*,0.0948538870079089,LIG1,chr19-48468666-48469554,3.27369240082096,0.000530760482320881,0.0445595287374619
chr20,41204447,41340920,136474,*,0.138976247729358,LPIN3,chr20-41204013-41204880,3.2735078573171,0.000531107186908908,0.0445755003295612
chr2,191020433,191020960,528,*,0.0830804281594188,STAT1,chr2-191020001-191020865,3.27314938601418,0.000531781251052072,0.0446128651356041
chr15,89243949,89655438,411490,*,0.0729282569616849,FANCI,chr15-89655007-89655868,3.2731976559251,0.000531690438937071,0.0446128651356041
chr6,26032060,26250270,218211,*,0.0585533792870476,HIST1H3B,chr6-26249890-26250649,3.27274445291428,0.000532543633180863,0.0446576038896163
chr2,85418432,85709621,291190,*,0.071438967255245,CAPG,chr2-85709206-85710035,3.2725097295621,0.000532986018084046,0.0446732076797721
chr5,160119423,160472603,353181,*,0.0689384203511194,PWWP2A,chr5-160472193-160473012,3.27240258372171,0.00053318806966228,0.0446732076797721
chr16,1722355,2025356,303002,*,0.114872358647106,SLC9A3R2,chr16-1721923-1722787,3.27241433356541,0.000533165908792217,0.0446732076797721
chr2,101174136,101252866,78731,*,0.115492776534931,TBC1D8,chr2-101173698-101174573,3.27203096318506,0.000533889406839705,0.0446839529916859
chr14,95185568,95319906,134339,*,0.101533304467924,CLMN,chr14-95185248-95185888,3.27217535847192,0.000533616796951274,0.0446839529916859
chr16,67666816,68079907,413092,*,0.0636861860011528,C16orf86,chr16-68079499-68080315,3.2721343388248,0.000533694226557713,0.0446839529916859
chr10,5978187,6151628,173442,*,0.0993079713255181,IL15RA,chr10-6151213-6152042,3.27193447348508,0.000534071645575321,0.0446896113266431
chr11,66843346,66856647,13302,*,0.0732230188727795,LRFN4,chr11-66842905-66843786,3.27162736876532,0.000534652053039964,0.0447285777214026
chr7,130668748,130903778,235031,*,0.263891451456664,COPG2,chr7-130903423-130904133,3.2715044407681,0.000534884542249359,0.0447384270682251
chr20,43667019,43751390,84372,*,0.0552393893084955,MYBL2,chr20-43750934-43751846,3.2713371374331,0.000535201107160011,0.0447553028804257
chr4,26163455,26308964,145510,*,0.0604712164269725,RBPJ,chr4-26308532-26309396,3.27051053088371,0.000536767725235341,0.0448668553937804
chr15,34337984,34338060,77,*,0.050085833438807,SLC12A6,chr15-34337546-34338421,3.27045118886715,0.000536880355652877,0.0448668553937804
chr1,44674555,45012199,337645,*,0.0843429069418865,TMEM53,chr1-45011760-45012637,3.26914174285379,0.000539371238317155,0.0450653570510972
chr2,70978941,71227083,248143,*,0.0863403269658265,PAIP2B,chr2-70978489-70979392,3.26894446828274,0.000539747427389302,0.0450774665943818
chr6,32628179,33075911,447733,*,0.140692184758907,HLA-DQA1,chr6-33075480-33076342,3.26896924840595,0.000539700160070453,0.0450774665943818
chr7,140225719,140690777,465059,*,0.232094810093247,NDUFB2,chr7-140225258-140226179,3.26865363488104,0.000540302469374891,0.045104496422
chr17,8039017,8039030,14,*,0.117438950315381,ALOX15B,chr17-8038672-8039388,3.26868003884466,0.000540252056860948,0.045104496422
chr1,15153720,15247272,93553,*,0.103981251300439,FHAD1,chr1-15153299-15154140,3.26816882274419,0.000541228884403687,0.0451624920895861
chr6,1609972,1709429,99458,*,0.0643751271297669,FOXC1,chr6-1708975-1709882,3.26822371594104,0.000541123916697636,0.0451624920895861
chr19,8503112,8650213,147102,*,0.0916077212187193,PRAM1,chr19-8649775-8650650,3.26795396931971,0.000541639911923032,0.0451822972431389
chr19,41877120,42129619,252500,*,0.0869890955954085,CD79A,chr19-42129133-42130104,3.2679236059741,0.000541698022106931,0.0451822972431389
chr5,150106222,150113372,7151,*,0.16583173100118,CSF1R,chr5-150105774-150106670,3.26766034796029,0.000542202094131496,0.0452080413904931
chr5,170363809,170389677,25869,*,0.086160455058746,KCNMB1,chr5-170363317-170364301,3.26764129263224,0.000542238597062336,0.0452080413904931
chr17,1607558,1761959,154402,*,0.0817256215310996,SERPINF1,chr17-1607113-1608002,3.26750430825545,0.000542501075157488,0.0452105876768484
chr17,4736416,4739922,3507,*,0.10370844959985,CXCL16,chr17-4735988-4736844,3.26753819305871,0.000542436136972532,0.0452105876768484
chrX,154395080,154458281,63202,*,0.0837278300927069,PLXNA3,chrX-154394597-154395563,3.2672733240231,0.000542943934132859,0.0452378240242709
chr2,95816215,96164971,348757,*,0.0591286456944668,LINC00342,chr2-96164571-96165371,3.26655098537068,0.000544331010557415,0.0453204644790878
chr6,56802766,57172326,369561,*,0.0559037499549124,BAG2,chr6-56802308-56803223,3.26653606945891,0.000544359687459247,0.0453204644790878
chr22,37188284,37560447,372164,*,0.125256358648843,CDC42EP1,chr22-37187840-37188728,3.26651469395362,0.000544400785825309,0.0453204644790878
chr7,99358288,99558536,200249,*,0.114330842966977,FAM200A,chr7-99357840-99358736,3.26625733645606,0.000544895828579851,0.0453519915805961
chr6,32668383,33019076,350694,*,0.0903678648629769,HLA-DQB1,chr6-33018625-33019526,3.26572440136271,0.000545922285556546,0.0454180313420381
chr8,144527032,144609484,82453,*,0.0798109714264026,LRRC24,chr8-144609024-144609944,3.26545214528565,0.000546447352871515,0.0454423194137513
chr13,30617597,30740304,122708,*,0.0663340679464925,HMGB1,chr13-30739845-30740762,3.26534364518429,0.000546656733995411,0.0454500364814628
chr7,139776128,140177035,400908,*,0.128145267837743,KDM7A,chr7-139775670-139776585,3.26501403371906,0.000547293266156932,0.0454932568012393
chr15,89821362,89894638,73277,*,0.0727316860512516,AP3S2,chr15-89820915-89821808,3.26477449728987,0.000547756279094622,0.0455220381406089
chr17,721717,1198184,476468,*,0.0713506927357927,VPS53,chr17-1197793-1198574,3.2646382604054,0.000548019780328684,0.0455245274665881
chr22,35380361,35410393,30033,*,0.107903834771941,HMOX1,chr22-35409918-35410868,3.26469540363764,0.000547909243036791,0.0455245274665881
chr16,11237223,11256179,18957,*,0.0589748125213287,SOCS1,chr16-11236822-11237623,3.26448633270367,0.000548313768055867,0.0455299006260882
chr22,39039812,39152674,112863,*,0.0522264780397624,CBX7,chr22-39039444-39040179,3.2644841270385,0.000548318037202538,0.0455299006260882
chr17,1491615,1829702,338088,*,0.0584145670830699,RPA1,chr17-1491184-1492046,3.26434855384678,0.000548580503159557,0.0455419945310391
chr7,131108089,131328222,220134,*,0.240370941522649,MKLN1-AS,chr7-131107640-131108538,3.26412176566489,0.000549019818574356,0.0455590622202745
chr8,11869448,11887509,18062,*,0.17074406350517,CTSB,chr8-11887068-11887949,3.26399192703904,0.000549271477712175,0.0455702456116294
chr17,35880793,36199337,318545,*,0.0530950394608803,CCL5,chr17-36198897-36199777,3.26380414875227,0.000549635626849003,0.0455907549783697
chr7,158856505,158856578,74,*,0.301092261655168,WDR60,chr7-158856046-158856963,3.26288962053761,0.000551412319683843,0.0457089508087148
chr12,69359703,69359893,191,*,0.0739785405736562,YEATS4,chr12-69359480-69360306,3.26266693813945,0.000551845737522662,0.0457220723425334
chr15,89815401,89821362,5962,*,0.0914482578109853,ANPEP,chr15-89820915-89821808,3.26269669803089,0.000551787796132496,0.0457220723425334
chr1,151763564,151839919,76356,*,0.0909701967680998,MRPL9,chr1-151839463-151840374,3.26183843809439,0.000553461056317321,0.0458203227282693
chr8,143368718,143597835,229118,*,0.139959498241522,TIGD5,chr8-143368263-143369172,3.2618727732866,0.000553394026564659,0.0458203227282693
chr11,66371790,66744451,372662,*,0.0780819224542831,C11orf80,chr11-66371340-66372239,3.26161667907107,0.000553894158957442,0.0458464428148358
chr2,25062664,25342590,279927,*,0.0547216198764164,DNMT3A,chr2-25062222-25063105,3.26089655129341,0.000555302754283539,0.0459435249072466
chr2,100417656,100853565,435910,*,0.0906712974969835,CHST10,chr2-100853121-100854008,3.26053130868062,0.0005560184470359,0.0459929776392615
chr12,109828306,110280756,452451,*,0.0835041051220513,ATP2A2,chr12-109827857-109828754,3.25991089487833,0.000557236102773217,0.0460839221761443
chr19,52369917,52860610,490694,*,0.0581487809131767,ZNF880,chr19-52860196-52861024,3.25954593943517,0.000557953534217469,0.0461334679155352
chr6,26027303,26124145,96843,*,0.059648470181401,HIST1H2AC,chr6-26026848-26027757,3.2593875377728,0.000558265186790642,0.0461494486006585
chr20,35611862,35615892,4031,*,0.0794209210824615,SPAG4,chr20-35611444-35612280,3.25886354932812,0.000559297272334046,0.0462249650655019
chr12,22409891,22437041,27151,*,0.0562886666698746,ST8SIA1,chr12-22409456-22410326,3.25853637197981,0.000559942598869582,0.0462488860284967
chr17,75721337,75844717,123381,*,0.0543897934546384,UNC13D,chr17-75720797-75721877,3.25855991512595,0.000559896139252378,0.0462488860284967
chr5,135392115,135399914,7800,*,0.138612912848697,H2AFY,chr5-135391656-135392573,3.25826442139596,0.000560479519657769,0.0462540350757029
chr7,129388610,129434433,45824,*,0.23190815211938,STRIP2,chr7-129388148-129389072,3.25831371382946,0.000560382164714082,0.0462540350757029
chr11,60185500,60280541,95042,*,0.140202271755243,MS4A4A,chr11-60185092-60185907,3.25801452735453,0.000560973313125042,0.0462849879509892
chr8,23528805,23539081,10277,*,0.0932004661504384,SLC25A37,chr8-23538542-23539619,3.25777378346799,0.000561449406148227,0.0463046697452292
chrX,129980372,130110716,130345,*,0.0534070913198968,ELF4,chrX-129980012-129980731,3.25746062455313,0.000562069265523373,0.0463459871621865
chr8,38183079,38468834,285756,*,0.0522622996116718,FGFR1,chr8-38182615-38183542,3.25713986298362,0.000562704829286501,0.0463885817523792
chr11,64342663,64803241,460579,*,0.0785704128524614,MAP4K2,chr11-64342208-64343117,3.25706829515503,0.000562846725926961,0.0463904697243293
chr2,16625367,16666331,40965,*,0.102435026069776,FAM49A,chr2-16624912-16625822,3.25684687270607,0.00056328594698012,0.0463979580102469
chr6,43142252,43477523,335272,*,0.0549248712471909,TJAP1,chr6-43141766-43142738,3.25685791628827,0.000563264033051401,0.0463979580102469
chr20,57620576,57681607,61032,*,0.0623657723789075,ZBP1,chr20-57681141-57682072,3.25669947969494,0.000563578496385047,0.0464047999072925
chrX,154713031,155197007,483977,*,0.0738963512427457,VBP1,chrX-154712594-154713468,3.25668071530996,0.000563615750492571,0.0464047999072925
chr7,143288215,143288290,76,*,0.177951002663211,CASP2,chr7-143287840-143288739,3.25656074152503,0.000563853995771597,0.0464146131671344
chr3,45940933,45951038,10106,*,0.0661618445564888,CXCR6,chr3-45950593-45951483,3.25617295855233,0.000564624696478006,0.0464682430169609
chr3,111292719,111311951,19233,*,0.0603351463156893,CD96,chr3-111311509-111312392,3.25611286530064,0.000564744216148712,0.0464682697665698
chr9,113188295,113221562,33268,*,0.132037824059922,SLC31A1,chr9-113187828-113188761,3.25601396258022,0.000564940975028164,0.0464714612360577
chr13,48403400,48444704,41305,*,0.0592913930490969,LPAR6,chr13-48402964-48403836,3.25597354095584,0.000565021408788241,0.0464714612360577
chr19,1401570,1521769,120200,*,0.0987783915278521,GAMT,chr19-1521291-1522247,3.25584763079881,0.000565272021431627,0.0464822670531876
chr7,47482284,47979581,497298,*,0.0552178529223147,HUS1,chr7-47481712-47482856,3.25570994535595,0.00056554618932787,0.046495004850664
chr1,32040899,32336379,295481,*,0.161639802419217,MARCKSL1,chr1-32040384-32041413,3.25533663832042,0.000566290160347716,0.0465138314788996
chr9,137083702,137578935,495234,*,0.0697364000950013,DPH7,chr9-137083247-137084157,3.25529572802245,0.000566371746278938,0.0465138314788996
chr11,128891356,128906750,15395,*,0.129488321124692,KCNJ5,chr11-128906375-128907124,3.25536676293884,0.000566230090853802,0.0465138314788996
chr15,64634242,65029639,395398,*,0.054517401060244,MTFMT,chr15-64633812-64634672,3.25534591632927,0.000566271659060847,0.0465138314788996
chr16,21226915,21303083,76169,*,0.145876051021185,CRYM,chr16-21226462-21227368,3.25550783023823,0.000565948876322425,0.0465138314788996
chr14,105070261,105300563,230303,*,0.0659908385182534,PACS2,chr14-105069855-105070666,3.25506515855686,0.000566831765877461,0.0465418065692628
chr12,8466540,8540963,74424,*,0.0972339239140581,CLEC4E,chr12-8466107-8466973,3.25494222627612,0.000567077174795796,0.0465521521896169
chr10,122954381,123241859,287479,*,0.07031435039345,PSTK,chr10-123241420-123242298,3.25445083179822,0.000568059123741376,0.0466131310269044
chr7,134646808,134720937,74130,*,0.216330484717094,BPGM,chr7-134720666-134721208,3.25430100294932,0.000568358837860578,0.0466206219097942
chr17,4739922,4901849,161928,*,0.116586916282965,CXCL16,chr17-4901433-4902264,3.25422587902411,0.000568509169015836,0.0466206219097942
chr7,129434433,129914702,480270,*,0.226115368673245,STRIP2,chr7-129914237-129915167,3.25369441436289,0.00056957373795822,0.0466588486847001
chr8,144517931,144787345,269415,*,0.0875309502700199,ZNF34,chr8-144517473-144518388,3.25370362390702,0.000569555274778873,0.0466588486847001
chr15,40807086,40894350,87265,*,0.0839119800572666,ZFYVE19,chr15-40893892-40894808,3.25381586028136,0.000569330309144662,0.0466588486847001
chr17,74690738,74712978,22241,*,0.12119755181793,CD300LF,chr17-74690295-74691181,3.2537073601442,0.000569547784574848,0.0466588486847001
chr17,78214186,78673046,458861,*,0.0973410910511169,BIRC5,chr17-78672543-78673549,3.25387220491714,0.000569217403406606,0.0466588486847001
chr1,88891944,89198750,306807,*,0.0641496660525584,GTF2B,chr1-89198310-89199189,3.25316428786096,0.000570637461968733,0.0467166879685307
chr11,2807585,2885881,78297,*,0.0866149351713273,CDKN1C,chr11-2807189-2807980,3.25316337809834,0.000570639289027999,0.0467166879685307
chr1,151840557,151941423,100867,*,0.0880488270180186,C2CD4D,chr1-151940913-151941932,3.25297696777839,0.000571013767474979,0.0467375308162199
chr1,27631665,27872543,240879,*,0.105917983531559,THEMIS2,chr1-27631246-27632083,3.25242797596895,0.000572117953488506,0.0467984323129251
chr1,226810294,226897536,87243,*,0.0704416657687587,COQ8A,chr1-226809831-226810756,3.25194372743135,0.000573093559389309,0.0468487461344183
chr7,129188872,129421966,233095,*,0.196260452040616,SMO,chr7-129421531-129422400,3.25195541492774,0.000573069994724766,0.0468487461344183
chr17,37359276,37489831,130556,*,0.130032995028883,DUSP14,chr17-37358818-37359733,3.25169819598369,0.00057358881401306,0.0468794017443647
chr11,118316868,118342744,25877,*,0.0762161220398886,CD3D,chr11-118316431-118317304,3.2515018347566,0.000573985173418662,0.0469019634935259
chr1,156193932,156223114,29183,*,0.0675700103375862,SLC25A44,chr1-156222664-156223563,3.25104566975157,0.000574906929762899,0.0469143434865985
chr9,133103447,133459965,356519,*,0.064245028352561,CACFD1,chr9-133103020-133103873,3.25101000618899,0.000574979051483557,0.0469143434865985
chr11,88337787,88420623,82837,*,0.102795851544252,CTSC,chr11-88420174-88421071,3.25114035446659,0.000574715491294037,0.0469143434865985
chr17,3914252,4366628,452377,*,0.0671518747622004,UBE2G1,chr17-3913797-3914706,3.25127706705164,0.000574439182650237,0.0469143434865985
chr17,75405709,75738266,332558,*,0.12385809676021,GRB2,chr17-75737731-75738800,3.25113357422871,0.000574729197971933,0.0469143434865985
chr15,39782830,40267078,484249,*,0.109536434561201,FSIP1,chr15-40266627-40267529,3.25094652007232,0.000575107458901354,0.0469150016881378
chr20,50510224,50510321,98,*,0.183469715015092,PTPN1,chr20-50509766-50510682,3.2507315489097,0.000575542457775059,0.0469406649055486
chr6,10430120,10434874,4755,*,0.120552532055387,LINC00518,chr6-10429775-10430464,3.25053642399805,0.00057593756059316,0.0469630641858114
chr12,113773683,113773753,71,*,0.0992569503768272,LINC01234,chr12-113773311-113774195,3.25035373979651,0.000576307699785867,0.0469833413170027
chr12,108561400,108857693,296294,*,0.0690994408413283,SART3,chr12-108857243-108858142,3.25014545581377,0.000576729975304689,0.0469981886146496
chr2,218329857,218382029,52173,*,0.128456164656584,SLC11A1,chr2-218329405-218330308,3.24972932702511,0.000577574492494589,0.0470238904344763
chr6,32439822,32668383,228562,*,0.0902995025665379,HLA-DQB1,chr6-32439373-32440270,3.2496887721379,0.000577656858153519,0.0470238904344763
chr6,33249383,33299324,49942,*,0.0611225815461107,RGL2,chr6-33248931-33249835,3.24974697189054,0.000577538659734673,0.0470238904344763
chr6,144064077,144285701,221625,*,0.0836451723146245,UTRN,chr6-144063620-144064534,3.24975011774958,0.000577532271417126,0.0470238904344763
chr7,134127299,134234404,107106,*,0.222389558134685,LRGUK,chr7-134233948-134234860,3.24988731606645,0.000577253725378655,0.0470238904344763
chr7,151232456,151520120,287665,*,0.270844523778118,RHEB,chr7-151232012-151232900,3.24963352057168,0.000577769089760066,0.0470238904344763
chr14,61187559,61361242,173684,*,0.0616417260163612,PRKCH,chr14-61360765-61361718,3.248777559677,0.000579510365674888,0.0471459255173386
chr11,102470384,102920269,449886,*,0.0592194058288374,TMEM123,chr11-102919800-102920738,3.24833781573373,0.000580406818712904,0.0471994681951349
chr1,161152776,161493019,340244,*,0.101729092577445,UFC1,chr1-161492567-161493471,3.24788820192218,0.000581324717182489,0.0472540874985463
chr11,117828777,118304545,475769,*,0.0646470084820072,CD3E,chr11-117828313-117829241,3.24790351221895,0.000581293438756628,0.0472540874985463
chr16,89216531,89701705,485175,*,0.0646643838848288,SPATA2L,chr16-89216174-89216887,3.24732874352094,0.00058246873946484,0.0473076256287181
chr17,4833388,4901849,68462,*,0.0588329148563181,MINK1,chr17-4901433-4902264,3.24737591418081,0.000582372201122512,0.0473076256287181
chr10,103193306,103241926,48621,*,0.128712226940955,NT5C2,chr10-103241458-103242393,3.2471689500704,0.000582795878827807,0.0473157974102275
chr22,37952607,37984546,31940,*,0.239490122987727,POLR2F,chr22-37984114-37984977,3.24716103345149,0.00058281209064956,0.0473157974102275
chr14,75188816,75427716,238901,*,0.124810396857262,JDP2,chr14-75188375-75189256,3.24701109334531,0.000583119219916956,0.047330875311902
chr7,135254248,135557919,303672,*,0.282062484281013,NUP205,chr7-135253792-135254704,3.24685141371169,0.000583446463563984,0.0473377254346194
chr14,76762189,76832846,70658,*,0.109895326495618,VASH1,chr14-76832330-76833362,3.2469001234828,0.000583346620931918,0.0473377254346194
chr8,21616606,22024125,407520,*,0.10345591406818,NPM2,chr8-21616158-21617053,3.24632421808986,0.000584528091260213,0.0474057510784224
chr13,48303751,48660842,357092,*,0.0635782784193505,RB1,chr13-48660414-48661269,3.24562598843853,0.000585963475443623,0.0475122780425639
chr9,136644952,136977505,332554,*,0.0640247201096466,PTGDS,chr9-136644531-136645372,3.24550720868205,0.000586207980617794,0.0475136908374917
chr17,80035848,80064241,28394,*,0.222485176328027,TBC1D16,chr17-80063783-80064699,3.24511735482308,0.00058701114776957,0.0475659571827044
chr14,90087695,90396502,308808,*,-0.0501265879257119,CALM1,chr14-90087234-90088156,-3.24493995721692,0.000587376954393853,0.0475773745148026
chr9,137188798,137204193,15396,*,0.0687959287565953,TPRN,chr9-137188356-137189239,3.24467311535724,0.000587927598250596,0.0475923484288188
chrX,30577844,30653262,75419,*,0.0848545887242265,CXorf21,chrX-30652814-30653710,3.24472153566868,0.000587827644682102,0.0475923484288188
chr20,51404843,51562831,157989,*,0.0845324337294583,NFATC2,chr20-51404413-51405273,3.24455694386314,0.000588167473957857,0.0476018820962048
chr7,134986563,135148072,161510,*,0.279177838453782,TMEM140,chr7-134986133-134986992,3.24437260169241,0.000588548296913018,0.0476228166559016
chr15,74957464,75029750,72287,*,0.190754463767661,RPP25,chr15-75029317-75030183,3.24407256579025,0.000589168612795665,0.0476552795650924
chr1,220748225,220786900,38676,*,0.139583376051754,MARC2,chr1-220786459-220787341,3.24344051323099,0.000590477341139126,0.0477491749424954
chr6,31058370,31180731,122362,*,0.056487019752585,POU5F1,chr6-31057964-31058776,3.24333596255537,0.00059069408255418,0.0477567958257802
chr14,73770763,74084796,314034,*,0.0525079037047929,LIN52,chr14-73770300-73771225,3.24271282910616,0.000591987410507088,0.0478514360275781
chr5,175658030,175689629,31600,*,0.100231474987146,HRH2,chr5-175689202-175690055,3.24230338722918,0.000592838640499249,0.0479003792074431
chr12,120356730,120534434,177705,*,0.0549934323280463,COQ5,chr12-120356288-120357171,3.24149309623804,0.000594526570714365,0.0479870336741484
chr6,26158005,26271815,113811,*,0.0604345641569182,HIST1H3G,chr6-26157570-26158440,3.24119737005146,0.000595143707874612,0.0480169629143902
chr11,118342641,118344344,1704,*,0.0539101928074091,CD3G,chr11-118342233-118343049,3.2410706476638,0.000595408340009231,0.0480184385952169
chr22,37658727,37984546,325820,*,0.143683406457247,PDXP,chr22-37984114-37984977,3.24111520346322,0.000595315282526731,0.0480184385952169
chr5,74316237,74767371,451135,*,0.0618656618330617,GFM2,chr5-74315725-74316749,3.24019275927175,0.00059724460630435,0.0481466096478419
chr6,30326964,30687895,360932,*,0.067693132114034,PPP1R18,chr6-30326531-30327397,3.23999846777846,0.000597651709433702,0.0481694674852486
chr14,89954777,89954803,27,*,0.0896376799167777,EFCAB11,chr14-89954386-89955219,3.23925485491995,0.000599212186803997,0.0482852561905564
chr7,100429335,100602177,172843,*,0.0609498687378269,PCOLCE,chr7-100428892-100429777,3.23906388143992,0.000599613553163268,0.0483076137482551
chr2,135741619,136119381,377763,*,-0.0544909914400156,UBXN4,chr2-136118985-136119777,-3.23898802294174,0.00059977305284509,0.0483104802061496
chr19,6279948,6481734,201787,*,0.0599705807350138,MLLT1,chr19-6481279-6482188,3.23888195077881,0.00059999614534216,0.0483184666915786
chr12,110698652,110704950,6299,*,0.0732788121859716,HVCN1,chr12-110698197-110699106,3.23826152194709,0.000601302576452521,0.0484136745219265
chr6,32195523,32637318,441796,*,0.0501110098205039,GPSM3,chr6-32636859-32637776,3.23799696498772,0.000601860450296186,0.0484485856429628
chr3,127629181,127639991,10811,*,0.091383148888094,PODXL2,chr3-127639509-127640472,3.23782138861213,0.000602230953827583,0.0484684025209725
chr3,119559602,119562588,2987,*,0.0663509764456117,CD80,chr3-119562137-119563038,3.23758177040015,0.000602736939261816,0.0484891046729462
chr19,17215564,17282786,67223,*,0.0527412111329578,USHBP1,chr19-17215103-17216025,3.23732293535114,0.00060328394477761,0.0485169693777611
chr19,46301040,46661138,360099,*,0.116997513870629,DACT3,chr19-46300621-46301458,3.23730010880308,0.000603332206948755,0.0485169693777611
chr7,48089071,48171458,82388,*,0.0977275082735091,ABCA13,chr7-48088625-48089517,3.23720316986412,0.000603537204687031,0.0485234453127755
chr7,128790757,129224865,434109,*,0.118740308115623,CCDC136,chr7-129224411-129225318,3.23675096692305,0.000604494333152011,0.0485903762408201
chr10,103800972,104268873,467902,*,0.050466004424806,GSTO2,chr10-103800522-103801421,3.23668659337619,0.000604630699541292,0.0485913187956239
chr16,84819984,85055616,235633,*,0.0873202758060739,CRISPLD2,chr16-85055170-85056061,3.23655304300981,0.000604913698017169,0.0486040426626936
chr6,90296908,90425482,128575,*,0.0621197782729632,BACH2,chr6-90425051-90425912,3.23622690190979,0.000605605318154711,0.0486495867490728
chr22,43923739,43973178,49440,*,0.116410099786471,PNPLA3,chr22-43972709-43973647,3.23610325882349,0.000605867708593036,0.0486606382221698
chr1,201448292,201888680,440389,*,0.139640684596099,SHISA4,chr1-201447827-201448757,3.23548618631213,0.000607178805883904,0.048755895330886
chr9,18979628,19380254,400627,*,0.0691809864298111,RPS6,chr9-18979196-18980059,3.23542260372682,0.000607314048969491,0.0487567126480342
chr15,28099358,28120330,20973,*,0.147581589915563,OCA2,chr15-28119909-28120750,3.23532845706889,0.000607514354348095,0.0487627519191504
chr6,159969099,159984193,15095,*,0.0612263443060626,IGF2R,chr6-159983800-159984585,3.23498077709409,0.00060825460329125,0.0488020731842561
chr19,8610735,8650213,39479,*,0.0795940102599702,ADAMTS10,chr19-8649775-8650650,3.23499980999177,0.00060821405861088,0.0488020731842561
chr7,151058530,151083514,24985,*,0.248541166552226,CDK5,chr7-151083060-151083967,3.23419810594838,0.000609924046054042,0.0489058225426286
chr1,160523262,160568361,45100,*,0.0754688571096489,SLAMF6,chr1-160567909-160568813,3.23350827766753,0.000611398962172779,0.0489878319522605
chrX,46545493,46601534,56042,*,0.070118586209765,ZNF674-AS1,chrX-46601092-46601976,3.23321064021364,0.000612036355054025,0.0490247785269205
chr7,150405395,150722253,316859,*,-0.109637047888754,GIMAP5,chr7-150404961-150405828,-3.23299300084165,0.000612502819829591,0.0490504162114816
chr19,17026815,17479428,452614,*,0.0797499062286516,CPAMD8,chr19-17478973-17479882,3.23294392094202,0.000612608057759621,0.0490504162114816
chr17,1562816,1577363,14548,*,0.0790505105543261,PITPNA,chr17-1576928-1577798,3.23255828410977,0.000613435527911533,0.0490965032698352
chr17,17850372,18108706,258335,*,0.063807682072911,MYO15A,chr17-17850036-17850707,3.23259021039613,0.000613366983744711,0.0490965032698352
chr4,185395899,185541530,145632,*,0.0611134183247982,LRP2BP,chr4-185541011-185542049,3.23238653151232,0.00061380439370633,0.0491159422198687
chr7,150903875,151227230,323356,*,0.254138554564865,ABCF2,chr7-150903449-150904300,3.23228766192624,0.000614016824628975,0.0491228580166745
chrX,49043486,49080054,36569,*,0.0925157087057972,TFE3,chrX-49079593-49080514,3.23214181846593,0.000614330307445745,0.0491378537173448
chr14,22524470,22957161,432692,*,0.0619102514891555,HAUS4,chr14-22524001-22524938,3.23196002573843,0.00061472126826773,0.0491590391541971
chr7,129611714,129949163,337450,*,0.158676822933994,NRF1,chr7-129948743-129949582,3.23144374386963,0.000615832829907495,0.049237830271759
chr2,222594852,223051814,456963,*,0.110401909653641,KCNE4,chr2-222594438-222595265,3.23108237029036,0.000616611976021194,0.0492799122746648
chr11,82718082,83043211,325130,*,0.139417127756558,MIR4300HG,chr11-83042774-83043647,3.23067424432465,0.000617493018075197,0.0493199934608998
chr7,149714804,149838367,123564,*,0.252120535414761,ZNF862,chr7-149714349-149715258,3.23051664889033,0.0006178335382903,0.0493370832793016
chr11,60842071,60974852,132782,*,0.0942069551867156,CCDC86,chr11-60974411-60975293,3.23040931700492,0.000618065552118685,0.0493455030973938
chr6,32937374,33272010,334637,*,-0.0646491442607529,RPS18,chr6-32936934-32937814,-3.22985116396313,0.000619273380592102,0.0493610643979947
chr9,86735085,86947189,212105,*,0.0929663554700783,GAS1,chr9-86734606-86735564,3.22992464521185,0.000619114244610966,0.0493610643979947
chr11,111793975,112024814,230840,*,0.0638685658081817,DLAT,chr11-111793525-111794424,3.22998722795874,0.000618978740943984,0.0493610643979947
chr12,53268299,53533532,265234,*,0.0626227919783525,ESPL1,chr12-53533116-53533948,3.23005690720565,0.000618827904213948,0.0493610643979947
chr16,11256179,11577179,321001,*,0.0655682713968441,SOCS1,chr16-11576754-11577604,3.23018974417443,0.000618540442126799,0.0493610643979947
chr17,75588058,75738266,150209,*,0.0750793129271182,MYO15B,chr17-75737731-75738800,3.23022249171555,0.000618469594686063,0.0493610643979947
chr1,111139627,111489886,350260,*,0.083964436775983,CEPT1,chr1-111489405-111490366,3.22976206519144,0.000619466389610207,0.0493663554624527
chr12,120012440,120201235,188796,*,-0.0587649486434912,RPLP0,chr12-120011978-120012902,-3.2294481805707,0.000620146780606954,0.049410476744979
chr6,32666694,32969094,302401,*,0.0905588083540006,HLA-DMA,chr6-32666256-32667132,3.22912342248125,0.000620851467765973,0.0494402357432927
chr16,74999030,75075320,76291,*,0.0589697650787517,ZNRF1,chr16-75074872-75075768,3.22914731618663,0.000620799596023533,0.0494402357432927
chr6,27473118,27772504,299387,*,0.059274384987192,ZNF184,chr6-27772062-27772946,3.22883583270347,0.000621476121295081,0.0494658450059473
chr15,73743184,73994673,251490,*,0.0852812835363326,PML,chr15-73742676-73743692,3.22871736664424,0.000621733601819918,0.0494743336161806
chr19,48646312,48927168,280857,*,0.0956938260858392,CA11,chr19-48926738-48927598,3.22866999896508,0.000621836580854491,0.0494743336161806
chr16,58121838,58231157,109320,*,0.098884362367476,CCDC113,chr16-58121375-58122301,3.22844772871099,0.000622320014756778,0.0495026938161517
chr17,50178403,50373220,194818,*,0.0924686055350229,EME1,chr17-50177957-50178849,3.22821614046989,0.000622824084278695,0.0495326835789918
chr1,161069902,161152776,82875,*,-0.055786424840725,UFC1,chr1-161069384-161070419,-3.2278882394168,0.000623538430831686,0.0495712864823927
chr7,99358288,99472841,114554,*,0.0845463576442748,ZNF789,chr7-99357840-99358736,3.22787660742649,0.000623563785512588,0.0495712864823927
chr1,151197949,151282170,84222,*,0.0768563204424189,PIP5K1A,chr1-151281746-151282593,3.22770031538515,0.000623948172385852,0.0495917314782811
chr7,128910719,129368112,457394,*,0.0706432556490189,KCP,chr7-129367675-129368548,3.2276363115209,0.000624087780433565,0.0495927169542573
chr17,42683917,43022354,338438,*,0.0676032501172725,CCR10,chr17-43022043-43022665,3.22754519967145,0.000624286567368579,0.0495984036808183
chr9,99104038,99119260,15223,*,0.0852852913553545,TGFBR1,chr9-99118824-99119695,3.22742746052164,0.000624543536079062,0.0496004648596019
chr1,40902174,40979335,77162,*,0.0958978388684578,CTPS1,chr1-40901739-40902608,3.2270864854316,0.000625288274043891,0.0496375247836609
chr22,37863620,37953669,90050,*,0.0953662488692292,C22orf23,chr22-37863067-37864173,3.22666878412963,0.000626201710459167,0.0496898003716522
chr11,1750591,1786104,35514,*,0.0580537521452784,IFITM10,chr11-1785658-1786550,3.22652193323303,0.00062652313914853,0.0497051890198072
chr19,48714338,49157741,443404,*,0.128174543984583,TRPM4,chr19-48713881-48714795,3.22641133073877,0.000626765327546628,0.0497142861596558
chr3,138329886,138781386,451501,*,0.0592663363258915,NME9,chr3-138780911-138781860,3.22564804687751,0.000628439062978043,0.049836905122074
chr7,76048051,76291955,243905,*,0.157844402519129,MDH2,chr7-76291519-76292391,3.22543679774531,0.000628903020482362,0.0498534160921289
chr22,39457344,39466908,9565,*,0.0712292471968044,MGAT3,chr22-39466549-39467267,3.22544950100485,0.000628875111918008,0.0498534160921289
chr7,130442433,130804355,361923,*,0.259612296330502,CEP41,chr7-130803910-130804800,3.22528877234185,0.000629228310813722,0.0498589258998681
chr7,2631951,2735004,103054,*,0.0793789599722124,TTYH3,chr7-2734549-2735458,3.22510698892749,0.000629627997925939,0.0498804580872634
chr6,26027303,26056428,29126,*,0.0670327504700021,HIST1H1C,chr6-26026848-26027757,3.22462305994643,0.000630693155247675,0.0499546907679026
